predicate1,workerid,class1,response,Answer.time_in_minutes,noun,nounclass,class2,predicate2,slide_number
metal,0,material,0.61,1.63785,couch,furniture,size,small,3
green,0,color,0.87,1.63785,TV,furniture,material,wooden,4
wooden,0,material,0.16,1.63785,cheese,food,age,fresh,5
yellow,0,color,0.78,1.63785,cheese,food,size,huge,6
hard,0,texture,0.88,1.63785,desk,furniture,color,green,7
big,0,size,0.24,1.63785,cheese,food,texture,hard,8
yellow,0,color,0.78,1.63785,tomato,food,material,wooden,9
old,0,age,0.21,1.63785,tomato,food,color,red,10
purple,0,color,0.05,1.63785,TV,furniture,texture,soft,11
blue,0,color,0.07,1.63785,TV,furniture,material,metal,12
new,0,age,0.87,1.63785,tomato,food,color,yellow,13
big,0,size,0.97,1.63785,apple,food,age,new,14
huge,0,size,0.11,1.63785,banana,food,color,blue,15
soft,0,texture,0.96,1.63785,TV,furniture,material,metal,16
red,0,color,0.12,1.63785,fan,furniture,material,wooden,17
fresh,0,age,0.14,1.63785,apple,food,color,blue,18
metal,0,material,0.1,1.63785,carrot,food,size,long,19
big,0,size,0.16,1.63785,couch,furniture,material,metal,20
purple,0,color,0.85,1.63785,carrot,food,size,tiny,21
brown,0,color,0.24,1.63785,carrot,food,age,fresh,22
soft,0,texture,0.91,1.63785,TV,furniture,color,blue,23
old,0,age,0.1,1.63785,fan,furniture,quality,bad,24
yellow,0,color,0.02,1.63785,carrot,food,texture,smooth,25
rotten,0,age,0.14,1.63785,couch,furniture,material,plastic,26
smooth,0,texture,0.91,1.63785,tomato,food,color,purple,27
green,0,color,0.89,1.63785,carrot,food,size,short,28
purple,1,color,0,1.81595,desk,furniture,size,small,3
soft,1,texture,0,1.81595,tomato,food,age,old,4
old,1,age,1,1.81595,tomato,food,texture,smooth,5
short,1,size,1,1.81595,apple,food,quality,bad,6
smooth,1,texture,0,1.81595,tomato,food,size,tiny,7
big,1,size,1,1.81595,cheese,food,material,plastic,8
round,1,shape,0,1.81595,apple,food,size,huge,9
huge,1,size,1,1.81595,cheese,food,material,plastic,10
yellow,1,color,0,1.81595,tomato,food,texture,smooth,11
tiny,1,size,1,1.81595,desk,furniture,shape,round,12
smooth,1,texture,0,1.81595,apple,food,size,tiny,13
long,1,size,1,1.81595,banana,food,color,purple,14
brown,1,color,0,1.81595,desk,furniture,shape,round,15
brown,1,color,0,1.81595,desk,furniture,shape,round,16
metal,1,material,0,1.81595,carrot,food,texture,soft,17
metal,1,material,0,1.81595,apple,food,size,long,18
good,1,quality,0,1.81595,carrot,food,age,new,19
new,1,age,1,1.81595,carrot,food,texture,hard,20
short,1,size,1,1.81595,chair,furniture,age,rotten,21
metal,1,material,0,1.81595,tomato,food,color,blue,22
green,1,color,1,1.81595,couch,furniture,material,wooden,23
soft,1,texture,1,1.81595,chair,furniture,age,rotten,24
old,1,age,0,1.81595,banana,food,size,tiny,25
wooden,1,material,0,1.81595,banana,food,quality,bad,26
old,1,age,1,1.81595,carrot,food,color,purple,27
good,1,quality,1,1.81595,desk,furniture,color,blue,28
blue,2,color,0.22,1.9242666666666666,chair,furniture,shape,round,3
small,2,size,0.8,1.9242666666666666,carrot,food,shape,round,4
new,2,age,0.84,1.9242666666666666,TV,furniture,material,metal,5
metal,2,material,0.16,1.9242666666666666,chair,furniture,age,old,6
green,2,color,0.09,1.9242666666666666,TV,furniture,quality,good,7
good,2,quality,0.91,1.9242666666666666,chair,furniture,texture,hard,8
smooth,2,texture,0.5,1.9242666666666666,apple,food,color,green,9
bad,2,quality,0.08,1.9242666666666666,banana,food,age,new,10
green,2,color,0.49,1.9242666666666666,banana,food,size,tiny,11
rotten,2,age,0.17,1.9242666666666666,fan,furniture,quality,bad,12
soft,2,texture,0.52,1.9242666666666666,tomato,food,color,red,13
good,2,quality,0.87,1.9242666666666666,carrot,food,color,blue,14
old,2,age,0.47,1.9242666666666666,tomato,food,color,purple,15
small,2,size,0.9,1.9242666666666666,apple,food,color,purple,16
hard,2,texture,0.85,1.9242666666666666,banana,food,age,fresh,17
good,2,quality,0.49,1.9242666666666666,apple,food,color,green,18
good,2,quality,0.6,1.9242666666666666,desk,furniture,color,green,19
wooden,2,material,0.19,1.9242666666666666,tomato,food,age,rotten,20
hard,2,texture,0.8,1.9242666666666666,couch,furniture,size,small,21
green,2,color,0.88,1.9242666666666666,tomato,food,material,plastic,22
soft,2,texture,0.16,1.9242666666666666,apple,food,size,short,23
wooden,2,material,0.36,1.9242666666666666,cheese,food,quality,bad,24
green,2,color,0.37,1.9242666666666666,cheese,food,size,tiny,25
plastic,2,material,0.39,1.9242666666666666,apple,food,color,brown,26
good,2,quality,0.49,1.9242666666666666,desk,furniture,size,huge,27
plastic,2,material,0.14,1.9242666666666666,chair,furniture,color,green,28
hard,3,texture,0.47,1.80215,TV,furniture,age,new,3
hard,3,texture,1,1.80215,chair,furniture,age,rotten,4
smooth,3,texture,1,1.80215,desk,furniture,material,plastic,5
metal,3,material,0,1.80215,banana,food,color,purple,6
square,3,shape,0.5,1.80215,tomato,food,material,wooden,7
small,3,size,1,1.80215,banana,food,age,old,8
green,3,color,0,1.80215,cheese,food,size,big,9
smooth,3,texture,1,1.80215,desk,furniture,age,rotten,10
square,3,shape,0,1.80215,desk,furniture,quality,good,11
bad,3,quality,1,1.80215,couch,furniture,age,rotten,12
new,3,age,1,1.80215,cheese,food,size,short,13
smooth,3,texture,1,1.80215,banana,food,shape,square,14
metal,3,material,0,1.80215,couch,furniture,texture,soft,15
big,3,size,1,1.80215,desk,furniture,quality,bad,16
bad,3,quality,1,1.80215,fan,furniture,material,plastic,17
rotten,3,age,0,1.80215,chair,furniture,color,yellow,18
tiny,3,size,0,1.80215,cheese,food,texture,hard,19
bad,3,quality,0,1.80215,chair,furniture,material,plastic,20
smooth,3,texture,0,1.80215,desk,furniture,quality,good,21
tiny,3,size,0,1.80215,TV,furniture,quality,bad,22
huge,3,size,0.51,1.80215,chair,furniture,texture,smooth,23
short,3,size,0.5,1.80215,desk,furniture,material,wooden,24
short,3,size,1,1.80215,fan,furniture,quality,bad,25
big,3,size,1,1.80215,couch,furniture,color,yellow,26
plastic,3,material,0,1.80215,chair,furniture,color,red,27
yellow,3,color,0,1.80215,fan,furniture,size,small,28
tiny,4,size,0.19,1.0777166666666667,tomato,food,color,purple,3
red,4,color,0.51,1.0777166666666667,banana,food,quality,bad,4
rotten,4,age,0.53,1.0777166666666667,fan,furniture,size,tiny,5
soft,4,texture,0.54,1.0777166666666667,couch,furniture,size,long,6
square,4,shape,0.53,1.0777166666666667,chair,furniture,material,metal,7
green,4,color,0.53,1.0777166666666667,couch,furniture,size,long,8
square,4,shape,0.54,1.0777166666666667,desk,furniture,size,big,9
brown,4,color,0.51,1.0777166666666667,banana,food,texture,smooth,10
old,4,age,0.53,1.0777166666666667,TV,furniture,size,huge,11
soft,4,texture,0.47,1.0777166666666667,chair,furniture,age,rotten,12
good,4,quality,0.46,1.0777166666666667,fan,furniture,color,red,13
old,4,age,0.46,1.0777166666666667,banana,food,material,metal,14
huge,4,size,0.52,1.0777166666666667,banana,food,color,yellow,15
new,4,age,0.51,1.0777166666666667,apple,food,shape,round,16
huge,4,size,0.47,1.0777166666666667,cheese,food,color,brown,17
big,4,size,0.47,1.0777166666666667,fan,furniture,color,red,18
plastic,4,material,0.47,1.0777166666666667,banana,food,age,rotten,19
new,4,age,0.52,1.0777166666666667,apple,food,color,red,20
short,4,size,0.39,1.0777166666666667,chair,furniture,shape,square,21
wooden,4,material,0.47,1.0777166666666667,apple,food,texture,smooth,22
long,4,size,0.44,1.0777166666666667,chair,furniture,texture,hard,23
brown,4,color,0.5,1.0777166666666667,couch,furniture,age,new,24
purple,4,color,0.51,1.0777166666666667,apple,food,age,fresh,25
hard,4,texture,0.46,1.0777166666666667,chair,furniture,color,yellow,26
good,4,quality,0.42,1.0777166666666667,carrot,food,age,old,27
yellow,4,color,0.49,1.0777166666666667,couch,furniture,age,old,28
round,5,shape,0.23,2.520583333333333,couch,furniture,size,big,3
old,5,age,0.85,2.520583333333333,chair,furniture,size,short,4
short,5,size,0.87,2.520583333333333,banana,food,quality,bad,5
soft,5,texture,0.22,2.520583333333333,desk,furniture,size,short,6
yellow,5,color,0.21,2.520583333333333,cheese,food,age,fresh,7
old,5,age,0.72,2.520583333333333,carrot,food,size,huge,8
new,5,age,0.88,2.520583333333333,tomato,food,color,yellow,9
good,5,quality,0.46,2.520583333333333,desk,furniture,size,huge,10
good,5,quality,0.25,2.520583333333333,carrot,food,size,small,11
long,5,size,0.89,2.520583333333333,cheese,food,color,red,12
fresh,5,age,0.8,2.520583333333333,apple,food,color,red,13
yellow,5,color,0.06,2.520583333333333,cheese,food,size,big,14
round,5,shape,0.55,2.520583333333333,chair,furniture,quality,good,15
wooden,5,material,0.21,2.520583333333333,TV,furniture,texture,smooth,16
hard,5,texture,0.25,2.520583333333333,TV,furniture,size,big,17
long,5,size,0.91,2.520583333333333,chair,furniture,texture,smooth,18
hard,5,texture,0.75,2.520583333333333,chair,furniture,color,blue,19
bad,5,quality,0.8,2.520583333333333,couch,furniture,color,yellow,20
yellow,5,color,0.14,2.520583333333333,banana,food,texture,hard,21
new,5,age,0.85,2.520583333333333,carrot,food,size,tiny,22
wooden,5,material,0.17,2.520583333333333,couch,furniture,color,green,23
yellow,5,color,0.63,2.520583333333333,tomato,food,material,wooden,24
purple,5,color,0.12,2.520583333333333,desk,furniture,size,huge,25
old,5,age,0.15,2.520583333333333,TV,furniture,quality,good,26
brown,5,color,0.82,2.520583333333333,desk,furniture,material,wooden,27
round,5,shape,0.92,2.520583333333333,apple,food,color,purple,28
hard,6,texture,0,4.8647833333333335,fan,furniture,age,old,3
short,6,size,1,4.8647833333333335,carrot,food,texture,hard,4
huge,6,size,0,4.8647833333333335,cheese,food,color,green,5
soft,6,texture,0,4.8647833333333335,banana,food,color,red,6
square,6,shape,0,4.8647833333333335,banana,food,color,blue,7
yellow,6,color,0,4.8647833333333335,tomato,food,size,long,8
fresh,6,age,0.17,4.8647833333333335,banana,food,texture,smooth,9
red,6,color,1,4.8647833333333335,chair,furniture,age,rotten,10
hard,6,texture,0,4.8647833333333335,chair,furniture,size,long,11
red,6,color,1,4.8647833333333335,couch,furniture,size,huge,12
square,6,shape,0.59,4.8647833333333335,chair,furniture,color,blue,13
red,6,color,1,4.8647833333333335,carrot,food,material,plastic,14
wooden,6,material,0,4.8647833333333335,carrot,food,color,blue,15
big,6,size,1,4.8647833333333335,chair,furniture,shape,round,16
big,6,size,0,4.8647833333333335,fan,furniture,age,old,17
purple,6,color,0,4.8647833333333335,cheese,food,size,big,18
red,6,color,1,4.8647833333333335,chair,furniture,age,new,19
red,6,color,0,4.8647833333333335,carrot,food,size,long,20
new,6,age,1,4.8647833333333335,banana,food,material,metal,21
square,6,shape,1,4.8647833333333335,apple,food,size,tiny,22
green,6,color,1,4.8647833333333335,desk,furniture,age,rotten,23
long,6,size,1,4.8647833333333335,fan,furniture,material,metal,24
bad,6,quality,0.72,4.8647833333333335,fan,furniture,color,brown,25
new,6,age,0,4.8647833333333335,chair,furniture,size,small,26
bad,6,quality,0,4.8647833333333335,chair,furniture,color,blue,27
big,6,size,0.23,4.8647833333333335,chair,furniture,color,green,28
square,7,shape,0.15,4.374516666666667,banana,food,material,metal,3
bad,7,quality,0.1,4.374516666666667,TV,furniture,texture,hard,4
huge,7,size,0.85,4.374516666666667,cheese,food,color,yellow,5
metal,7,material,0.19,4.374516666666667,couch,furniture,shape,round,6
huge,7,size,0.97,4.374516666666667,carrot,food,quality,bad,7
yellow,7,color,0.82,4.374516666666667,fan,furniture,size,small,8
soft,7,texture,0.82,4.374516666666667,fan,furniture,size,short,9
rotten,7,age,0.2,4.374516666666667,carrot,food,size,tiny,10
smooth,7,texture,0.27,4.374516666666667,tomato,food,age,old,11
rotten,7,age,0.89,4.374516666666667,desk,furniture,size,huge,12
green,7,color,0.39,4.374516666666667,cheese,food,size,huge,13
hard,7,texture,0.7,4.374516666666667,cheese,food,shape,square,14
green,7,color,0.25,4.374516666666667,desk,furniture,material,plastic,15
old,7,age,0.83,4.374516666666667,chair,furniture,material,metal,16
long,7,size,0.83,4.374516666666667,fan,furniture,color,brown,17
small,7,size,0.1,4.374516666666667,fan,furniture,texture,smooth,18
soft,7,texture,0.7,4.374516666666667,tomato,food,color,green,19
wooden,7,material,0.76,4.374516666666667,tomato,food,age,old,20
small,7,size,0.8,4.374516666666667,desk,furniture,material,metal,21
fresh,7,age,0.19,4.374516666666667,desk,furniture,material,metal,22
small,7,size,0.84,4.374516666666667,TV,furniture,texture,smooth,23
good,7,quality,0.86,4.374516666666667,banana,food,color,brown,24
soft,7,texture,0.78,4.374516666666667,fan,furniture,color,green,25
tiny,7,size,0.2,4.374516666666667,carrot,food,shape,round,26
brown,7,color,0.77,4.374516666666667,TV,furniture,size,long,27
square,7,shape,0.79,4.374516666666667,fan,furniture,color,brown,28
huge,8,size,0.94,3.4998666666666667,TV,furniture,texture,smooth,3
purple,8,color,0.9,3.4998666666666667,desk,furniture,age,new,4
metal,8,material,0,3.4998666666666667,chair,furniture,size,big,5
bad,8,quality,0.87,3.4998666666666667,chair,furniture,age,new,6
soft,8,texture,0.75,3.4998666666666667,TV,furniture,quality,bad,7
tiny,8,size,0.75,3.4998666666666667,carrot,food,age,old,8
smooth,8,texture,0.67,3.4998666666666667,cheese,food,size,huge,9
plastic,8,material,0.8,3.4998666666666667,cheese,food,color,blue,10
small,8,size,0.73,3.4998666666666667,cheese,food,age,new,11
yellow,8,color,0.71,3.4998666666666667,fan,furniture,texture,hard,12
soft,8,texture,0.77,3.4998666666666667,cheese,food,size,small,13
old,8,age,0.32,3.4998666666666667,TV,furniture,color,red,14
fresh,8,age,0.68,3.4998666666666667,desk,furniture,size,huge,15
blue,8,color,0.92,3.4998666666666667,banana,food,texture,soft,16
red,8,color,0.77,3.4998666666666667,couch,furniture,size,tiny,17
round,8,shape,0.69,3.4998666666666667,TV,furniture,age,rotten,18
green,8,color,0.76,3.4998666666666667,banana,food,size,short,19
hard,8,texture,0.21,3.4998666666666667,chair,furniture,shape,round,20
soft,8,texture,0.79,3.4998666666666667,TV,furniture,color,brown,21
rotten,8,age,0.23,3.4998666666666667,apple,food,material,wooden,22
smooth,8,texture,0.27,3.4998666666666667,TV,furniture,size,big,23
good,8,quality,0.29,3.4998666666666667,banana,food,texture,hard,24
tiny,8,size,0.78,3.4998666666666667,apple,food,age,fresh,25
yellow,8,color,0.78,3.4998666666666667,banana,food,quality,bad,26
bad,8,quality,0.28,3.4998666666666667,tomato,food,age,fresh,27
hard,8,texture,0.27,3.4998666666666667,TV,furniture,age,rotten,28
square,9,shape,0.1,2.0553833333333333,TV,furniture,color,yellow,3
plastic,9,material,0,2.0553833333333333,banana,food,texture,smooth,4
huge,9,size,1,2.0553833333333333,fan,furniture,quality,good,5
smooth,9,texture,0.82,2.0553833333333333,TV,furniture,material,metal,6
old,9,age,0.88,2.0553833333333333,TV,furniture,material,plastic,7
purple,9,color,0.12,2.0553833333333333,TV,furniture,quality,good,8
small,9,size,0.89,2.0553833333333333,cheese,food,quality,bad,9
hard,9,texture,1,2.0553833333333333,cheese,food,color,yellow,10
metal,9,material,0,2.0553833333333333,tomato,food,color,green,11
good,9,quality,0.73,2.0553833333333333,carrot,food,color,purple,12
green,9,color,0.14,2.0553833333333333,desk,furniture,texture,soft,13
plastic,9,material,0,2.0553833333333333,banana,food,size,big,14
new,9,age,0,2.0553833333333333,chair,furniture,size,long,15
smooth,9,texture,0.13,2.0553833333333333,TV,furniture,material,metal,16
new,9,age,0,2.0553833333333333,couch,furniture,texture,soft,17
old,9,age,0.2,2.0553833333333333,TV,furniture,size,small,18
soft,9,texture,0,2.0553833333333333,chair,furniture,size,short,19
brown,9,color,0,2.0553833333333333,banana,food,quality,good,20
brown,9,color,0.89,2.0553833333333333,fan,furniture,age,rotten,21
square,9,shape,0.28,2.0553833333333333,desk,furniture,material,metal,22
fresh,9,age,0.06,2.0553833333333333,fan,furniture,color,blue,23
soft,9,texture,0,2.0553833333333333,tomato,food,shape,round,24
plastic,9,material,0,2.0553833333333333,couch,furniture,color,blue,25
round,9,shape,0.09,2.0553833333333333,TV,furniture,texture,hard,26
green,9,color,0,2.0553833333333333,TV,furniture,size,long,27
metal,9,material,0,2.0553833333333333,couch,furniture,size,small,28
wooden,10,material,0.05,3.868716666666667,TV,furniture,texture,soft,3
metal,10,material,0.97,3.868716666666667,banana,food,age,fresh,4
red,10,color,0.04,3.868716666666667,fan,furniture,size,big,5
soft,10,texture,0.96,3.868716666666667,tomato,food,material,plastic,6
good,10,quality,0.99,3.868716666666667,chair,furniture,shape,round,7
long,10,size,0.97,3.868716666666667,cheese,food,color,green,8
short,10,size,1,3.868716666666667,couch,furniture,texture,hard,9
tiny,10,size,0.07,3.868716666666667,cheese,food,age,rotten,10
new,10,age,0.99,3.868716666666667,apple,food,color,yellow,11
old,10,age,0.97,3.868716666666667,tomato,food,color,red,12
rotten,10,age,0.07,3.868716666666667,couch,furniture,quality,good,13
plastic,10,material,0.99,3.868716666666667,tomato,food,age,fresh,14
smooth,10,texture,1,3.868716666666667,fan,furniture,shape,square,15
rotten,10,age,0.04,3.868716666666667,tomato,food,shape,square,16
new,10,age,0.03,3.868716666666667,desk,furniture,quality,good,17
red,10,color,0.94,3.868716666666667,fan,furniture,age,rotten,18
yellow,10,color,0.98,3.868716666666667,banana,food,age,rotten,19
blue,10,color,0.97,3.868716666666667,fan,furniture,texture,smooth,20
old,10,age,0.97,3.868716666666667,carrot,food,material,plastic,21
blue,10,color,0.92,3.868716666666667,carrot,food,material,plastic,22
smooth,10,texture,0.99,3.868716666666667,couch,furniture,material,metal,23
metal,10,material,0.05,3.868716666666667,TV,furniture,color,brown,24
tiny,10,size,0.94,3.868716666666667,tomato,food,texture,soft,25
long,10,size,0.97,3.868716666666667,couch,furniture,shape,round,26
new,10,age,0.07,3.868716666666667,chair,furniture,shape,round,27
square,10,shape,0.97,3.868716666666667,fan,furniture,texture,soft,28
fresh,11,age,0.64,8.341633333333334,desk,furniture,size,big,3
long,11,size,0.65,8.341633333333334,chair,furniture,color,green,4
plastic,11,material,0.73,8.341633333333334,banana,food,color,red,5
brown,11,color,0.25,8.341633333333334,banana,food,age,fresh,6
blue,11,color,0.2,8.341633333333334,chair,furniture,material,wooden,7
metal,11,material,0.26,8.341633333333334,cheese,food,color,red,8
brown,11,color,0.73,8.341633333333334,couch,furniture,size,short,9
blue,11,color,0.78,8.341633333333334,tomato,food,size,tiny,10
new,11,age,0.1,8.341633333333334,cheese,food,color,brown,11
good,11,quality,0.02,8.341633333333334,carrot,food,material,plastic,12
short,11,size,0.43,8.341633333333334,couch,furniture,color,red,13
new,11,age,0.2,8.341633333333334,apple,food,size,huge,14
huge,11,size,0.54,8.341633333333334,cheese,food,texture,soft,15
blue,11,color,0.5,8.341633333333334,chair,furniture,size,small,16
blue,11,color,0.46,8.341633333333334,carrot,food,shape,round,17
tiny,11,size,0.47,8.341633333333334,tomato,food,texture,smooth,18
huge,11,size,0.68,8.341633333333334,fan,furniture,shape,round,19
square,11,shape,0.19,8.341633333333334,apple,food,material,wooden,20
hard,11,texture,0.81,8.341633333333334,TV,furniture,shape,round,21
red,11,color,0.7,8.341633333333334,desk,furniture,material,plastic,22
old,11,age,0.26,8.341633333333334,banana,food,color,brown,23
yellow,11,color,0.4,8.341633333333334,cheese,food,shape,square,24
brown,11,color,0.5,8.341633333333334,TV,furniture,quality,good,25
purple,11,color,0.67,8.341633333333334,TV,furniture,size,huge,26
huge,11,size,0.68,8.341633333333334,desk,furniture,shape,square,27
brown,11,color,0.51,8.341633333333334,apple,food,size,small,28
plastic,12,material,0.28,5.82525,TV,furniture,quality,good,3
short,12,size,0.78,5.82525,TV,furniture,material,plastic,4
green,12,color,0.22,5.82525,tomato,food,texture,soft,5
round,12,shape,0.12,5.82525,TV,furniture,size,big,6
new,12,age,0.69,5.82525,cheese,food,quality,good,7
round,12,shape,0.19,5.82525,apple,food,age,new,8
fresh,12,age,0.51,5.82525,fan,furniture,quality,bad,9
new,12,age,0.69,5.82525,fan,furniture,size,big,10
good,12,quality,0.72,5.82525,couch,furniture,size,big,11
good,12,quality,0.84,5.82525,couch,furniture,material,metal,12
short,12,size,0.75,5.82525,cheese,food,quality,bad,13
long,12,size,0.91,5.82525,carrot,food,material,plastic,14
tiny,12,size,0.2,5.82525,cheese,food,age,old,15
new,12,age,0.63,5.82525,tomato,food,quality,bad,16
huge,12,size,0.6,5.82525,TV,furniture,shape,round,17
yellow,12,color,0.06,5.82525,apple,food,size,small,18
hard,12,texture,0.06,5.82525,carrot,food,size,long,19
brown,12,color,0.87,5.82525,apple,food,material,metal,20
soft,12,texture,0.78,5.82525,TV,furniture,color,red,21
fresh,12,age,0.96,5.82525,desk,furniture,color,yellow,22
tiny,12,size,0.04,5.82525,desk,furniture,age,new,23
huge,12,size,0.69,5.82525,TV,furniture,shape,round,24
small,12,size,0.78,5.82525,chair,furniture,color,green,25
yellow,12,color,0.03,5.82525,apple,food,size,small,26
round,12,shape,0.06,5.82525,TV,furniture,texture,soft,27
green,12,color,0.15,5.82525,desk,furniture,size,huge,28
soft,13,texture,0.8,3.1484666666666667,cheese,food,size,small,3
wooden,13,material,0.78,3.1484666666666667,desk,furniture,shape,square,4
soft,13,texture,0.83,3.1484666666666667,chair,furniture,shape,round,5
brown,13,color,0.33,3.1484666666666667,apple,food,quality,good,6
new,13,age,0.29,3.1484666666666667,apple,food,shape,square,7
good,13,quality,0.83,3.1484666666666667,desk,furniture,material,plastic,8
tiny,13,size,0.22,3.1484666666666667,carrot,food,texture,hard,9
round,13,shape,0.21,3.1484666666666667,carrot,food,size,small,10
new,13,age,0.76,3.1484666666666667,fan,furniture,material,metal,11
good,13,quality,0.71,3.1484666666666667,banana,food,shape,square,12
brown,13,color,0.31,3.1484666666666667,apple,food,age,rotten,13
green,13,color,0.69,3.1484666666666667,fan,furniture,material,plastic,14
yellow,13,color,0.26,3.1484666666666667,TV,furniture,material,metal,15
hard,13,texture,0.72,3.1484666666666667,tomato,food,quality,good,16
square,13,shape,0.3,3.1484666666666667,banana,food,size,short,17
fresh,13,age,0.71,3.1484666666666667,tomato,food,material,wooden,18
small,13,size,0.73,3.1484666666666667,chair,furniture,color,purple,19
wooden,13,material,0.69,3.1484666666666667,desk,furniture,quality,good,20
brown,13,color,0.76,3.1484666666666667,carrot,food,material,plastic,21
square,13,shape,0.82,3.1484666666666667,desk,furniture,quality,bad,22
blue,13,color,0.78,3.1484666666666667,couch,furniture,material,metal,23
small,13,size,0.54,3.1484666666666667,banana,food,color,red,24
new,13,age,0.72,3.1484666666666667,apple,food,color,purple,25
new,13,age,0.76,3.1484666666666667,desk,furniture,color,purple,26
new,13,age,0.75,3.1484666666666667,banana,food,color,yellow,27
blue,13,color,0.8,3.1484666666666667,desk,furniture,texture,soft,28
bad,14,quality,0.71,2.1933666666666665,banana,food,shape,round,3
smooth,14,texture,0.76,2.1933666666666665,TV,furniture,color,yellow,4
new,14,age,0.42,2.1933666666666665,desk,furniture,shape,round,5
blue,14,color,0.49,2.1933666666666665,cheese,food,size,tiny,6
bad,14,quality,0.52,2.1933666666666665,chair,furniture,texture,hard,7
soft,14,texture,0.72,2.1933666666666665,fan,furniture,color,brown,8
new,14,age,0.74,2.1933666666666665,banana,food,shape,round,9
wooden,14,material,0.54,2.1933666666666665,cheese,food,color,purple,10
tiny,14,size,0.63,2.1933666666666665,couch,furniture,age,rotten,11
purple,14,color,0.24,2.1933666666666665,chair,furniture,quality,good,12
wooden,14,material,0.8,2.1933666666666665,chair,furniture,quality,bad,13
blue,14,color,0.53,2.1933666666666665,cheese,food,size,small,14
small,14,size,0.59,2.1933666666666665,tomato,food,age,rotten,15
fresh,14,age,0.84,2.1933666666666665,carrot,food,shape,square,16
small,14,size,0.82,2.1933666666666665,couch,furniture,texture,hard,17
purple,14,color,0.81,2.1933666666666665,banana,food,size,small,18
purple,14,color,0.64,2.1933666666666665,tomato,food,age,new,19
round,14,shape,0.37,2.1933666666666665,cheese,food,age,fresh,20
huge,14,size,0.59,2.1933666666666665,chair,furniture,texture,hard,21
red,14,color,0.5,2.1933666666666665,banana,food,material,wooden,22
blue,14,color,0.49,2.1933666666666665,carrot,food,size,long,23
hard,14,texture,0.62,2.1933666666666665,apple,food,size,long,24
new,14,age,0.75,2.1933666666666665,carrot,food,shape,square,25
short,14,size,0.81,2.1933666666666665,couch,furniture,texture,smooth,26
square,14,shape,0.97,2.1933666666666665,chair,furniture,age,rotten,27
brown,14,color,0.48,2.1933666666666665,chair,furniture,texture,hard,28
huge,15,size,0.98,1.9749666666666668,desk,furniture,material,plastic,3
red,15,color,0.94,1.9749666666666668,cheese,food,quality,good,4
blue,15,color,0.93,1.9749666666666668,tomato,food,shape,round,5
good,15,quality,0.05,1.9749666666666668,TV,furniture,age,old,6
purple,15,color,0.02,1.9749666666666668,tomato,food,size,short,7
round,15,shape,0.04,1.9749666666666668,apple,food,size,small,8
short,15,size,0.89,1.9749666666666668,desk,furniture,shape,round,9
long,15,size,0.61,1.9749666666666668,desk,furniture,shape,round,10
old,15,age,0.19,1.9749666666666668,cheese,food,color,green,11
brown,15,color,0.25,1.9749666666666668,banana,food,age,new,12
bad,15,quality,0.9,1.9749666666666668,fan,furniture,color,yellow,13
long,15,size,0.75,1.9749666666666668,cheese,food,shape,round,14
rotten,15,age,0.33,1.9749666666666668,tomato,food,material,wooden,15
plastic,15,material,0.05,1.9749666666666668,tomato,food,size,big,16
brown,15,color,0.05,1.9749666666666668,tomato,food,age,old,17
red,15,color,0.12,1.9749666666666668,fan,furniture,age,rotten,18
small,15,size,0.93,1.9749666666666668,couch,furniture,age,fresh,19
big,15,size,0.03,1.9749666666666668,fan,furniture,texture,hard,20
smooth,15,texture,0.14,1.9749666666666668,TV,furniture,size,big,21
round,15,shape,0.02,1.9749666666666668,fan,furniture,color,brown,22
old,15,age,0.06,1.9749666666666668,chair,furniture,texture,soft,23
smooth,15,texture,0.89,1.9749666666666668,apple,food,size,small,24
new,15,age,0.06,1.9749666666666668,carrot,food,color,purple,25
soft,15,texture,0.05,1.9749666666666668,fan,furniture,color,purple,26
smooth,15,texture,0.92,1.9749666666666668,fan,furniture,size,big,27
short,15,size,0.09,1.9749666666666668,fan,furniture,color,green,28
new,16,age,1,2.7931833333333334,banana,food,color,purple,3
soft,16,texture,1,2.7931833333333334,chair,furniture,age,new,4
long,16,size,0,2.7931833333333334,banana,food,color,green,5
purple,16,color,0,2.7931833333333334,desk,furniture,material,wooden,6
bad,16,quality,0,2.7931833333333334,desk,furniture,size,small,7
green,16,color,0,2.7931833333333334,couch,furniture,age,new,8
wooden,16,material,0.05,2.7931833333333334,fan,furniture,quality,bad,9
smooth,16,texture,0,2.7931833333333334,banana,food,material,plastic,10
brown,16,color,1,2.7931833333333334,carrot,food,age,fresh,11
long,16,size,0,2.7931833333333334,carrot,food,color,green,12
tiny,16,size,0,2.7931833333333334,fan,furniture,color,green,13
metal,16,material,0,2.7931833333333334,couch,furniture,size,huge,14
big,16,size,1,2.7931833333333334,desk,furniture,color,green,15
metal,16,material,0,2.7931833333333334,couch,furniture,color,purple,16
wooden,16,material,0,2.7931833333333334,couch,furniture,texture,smooth,17
green,16,color,1,2.7931833333333334,chair,furniture,quality,bad,18
rotten,16,age,1,2.7931833333333334,tomato,food,color,brown,19
yellow,16,color,0,2.7931833333333334,carrot,food,material,metal,20
short,16,size,1,2.7931833333333334,cheese,food,color,purple,21
tiny,16,size,1,2.7931833333333334,desk,furniture,material,plastic,22
round,16,shape,1,2.7931833333333334,desk,furniture,color,red,23
hard,16,texture,1,2.7931833333333334,couch,furniture,material,metal,24
brown,16,color,1,2.7931833333333334,tomato,food,material,wooden,25
plastic,16,material,1,2.7931833333333334,tomato,food,color,purple,26
long,16,size,0,2.7931833333333334,fan,furniture,age,new,27
red,16,color,0,2.7931833333333334,TV,furniture,size,huge,28
smooth,17,texture,0.54,1.3537666666666666,cheese,food,material,plastic,3
big,17,size,0.34,1.3537666666666666,chair,furniture,color,green,4
good,17,quality,0.71,1.3537666666666666,fan,furniture,color,green,5
hard,17,texture,0.24,1.3537666666666666,carrot,food,color,brown,6
good,17,quality,0.45,1.3537666666666666,cheese,food,size,short,7
good,17,quality,0.63,1.3537666666666666,desk,furniture,texture,hard,8
bad,17,quality,0.76,1.3537666666666666,chair,furniture,age,new,9
soft,17,texture,0.71,1.3537666666666666,banana,food,shape,square,10
wooden,17,material,0.62,1.3537666666666666,apple,food,age,fresh,11
metal,17,material,0.56,1.3537666666666666,apple,food,age,new,12
blue,17,color,0.42,1.3537666666666666,fan,furniture,material,plastic,13
short,17,size,0.23,1.3537666666666666,TV,furniture,color,red,14
round,17,shape,0.88,1.3537666666666666,chair,furniture,color,yellow,15
round,17,shape,0.74,1.3537666666666666,desk,furniture,material,plastic,16
purple,17,color,0.59,1.3537666666666666,banana,food,material,metal,17
new,17,age,0.55,1.3537666666666666,TV,furniture,color,green,18
smooth,17,texture,0.4,1.3537666666666666,apple,food,color,purple,19
new,17,age,0.92,1.3537666666666666,fan,furniture,quality,good,20
huge,17,size,0.74,1.3537666666666666,carrot,food,texture,smooth,21
fresh,17,age,0.54,1.3537666666666666,tomato,food,color,red,22
red,17,color,0.39,1.3537666666666666,desk,furniture,age,fresh,23
wooden,17,material,0.39,1.3537666666666666,carrot,food,color,purple,24
fresh,17,age,0.58,1.3537666666666666,carrot,food,size,long,25
blue,17,color,0.77,1.3537666666666666,banana,food,age,new,26
purple,17,color,0.49,1.3537666666666666,banana,food,shape,round,27
red,17,color,0.83,1.3537666666666666,fan,furniture,age,new,28
tiny,18,size,0.55,2.3383333333333334,TV,furniture,age,fresh,3
good,18,quality,0.48,2.3383333333333334,carrot,food,size,tiny,4
tiny,18,size,0.73,2.3383333333333334,TV,furniture,color,blue,5
soft,18,texture,0.45,2.3383333333333334,fan,furniture,age,fresh,6
blue,18,color,0.7,2.3383333333333334,desk,furniture,size,big,7
blue,18,color,0.57,2.3383333333333334,apple,food,texture,hard,8
short,18,size,0.68,2.3383333333333334,fan,furniture,color,red,9
plastic,18,material,0.68,2.3383333333333334,cheese,food,quality,good,10
huge,18,size,0.67,2.3383333333333334,cheese,food,color,purple,11
huge,18,size,0.79,2.3383333333333334,fan,furniture,material,wooden,12
yellow,18,color,0.45,2.3383333333333334,fan,furniture,shape,round,13
purple,18,color,0.5,2.3383333333333334,tomato,food,shape,square,14
rotten,18,age,0.65,2.3383333333333334,chair,furniture,material,wooden,15
plastic,18,material,0.62,2.3383333333333334,cheese,food,color,red,16
hard,18,texture,0.59,2.3383333333333334,banana,food,color,green,17
bad,18,quality,0.6,2.3383333333333334,tomato,food,texture,soft,18
wooden,18,material,0.62,2.3383333333333334,TV,furniture,texture,soft,19
good,18,quality,0.78,2.3383333333333334,tomato,food,texture,hard,20
square,18,shape,0.7,2.3383333333333334,desk,furniture,size,long,21
small,18,size,0.63,2.3383333333333334,banana,food,color,yellow,22
purple,18,color,0.75,2.3383333333333334,carrot,food,size,short,23
huge,18,size,0.53,2.3383333333333334,cheese,food,texture,soft,24
green,18,color,0.45,2.3383333333333334,fan,furniture,texture,smooth,25
green,18,color,0.54,2.3383333333333334,couch,furniture,age,old,26
huge,18,size,0.69,2.3383333333333334,banana,food,age,new,27
good,18,quality,0.49,2.3383333333333334,tomato,food,age,fresh,28
tiny,19,size,0.97,2.7948666666666666,TV,furniture,age,old,3
blue,19,color,0.01,2.7948666666666666,desk,furniture,texture,hard,4
tiny,19,size,0.94,2.7948666666666666,banana,food,texture,smooth,5
round,19,shape,0.04,2.7948666666666666,couch,furniture,size,tiny,6
huge,19,size,0.95,2.7948666666666666,fan,furniture,quality,bad,7
wooden,19,material,0.06,2.7948666666666666,chair,furniture,color,blue,8
rotten,19,age,0.04,2.7948666666666666,chair,furniture,color,blue,9
tiny,19,size,0.06,2.7948666666666666,TV,furniture,age,old,10
plastic,19,material,0.05,2.7948666666666666,TV,furniture,quality,bad,11
square,19,shape,0.05,2.7948666666666666,desk,furniture,color,green,12
metal,19,material,0.03,2.7948666666666666,carrot,food,shape,round,13
big,19,size,0.92,2.7948666666666666,cheese,food,quality,good,14
short,19,size,0.95,2.7948666666666666,desk,furniture,quality,good,15
red,19,color,0.05,2.7948666666666666,cheese,food,size,big,16
old,19,age,0.93,2.7948666666666666,tomato,food,shape,square,17
green,19,color,0.94,2.7948666666666666,banana,food,age,new,18
plastic,19,material,0.08,2.7948666666666666,banana,food,color,purple,19
wooden,19,material,0.01,2.7948666666666666,banana,food,size,huge,20
hard,19,texture,0.07,2.7948666666666666,desk,furniture,material,wooden,21
rotten,19,age,0.02,2.7948666666666666,couch,furniture,size,long,22
blue,19,color,0.95,2.7948666666666666,banana,food,age,old,23
wooden,19,material,0.03,2.7948666666666666,desk,furniture,shape,square,24
metal,19,material,0.06,2.7948666666666666,tomato,food,size,huge,25
short,19,size,0,2.7948666666666666,banana,food,color,yellow,26
hard,19,texture,0.01,2.7948666666666666,tomato,food,color,green,27
brown,19,color,0.95,2.7948666666666666,apple,food,size,short,28
purple,20,color,0,2.960733333333333,apple,food,age,old,3
metal,20,material,0,2.960733333333333,carrot,food,quality,good,4
yellow,20,color,0.95,2.960733333333333,chair,furniture,material,wooden,5
long,20,size,0.97,2.960733333333333,cheese,food,shape,round,6
good,20,quality,0.97,2.960733333333333,fan,furniture,age,fresh,7
wooden,20,material,0.02,2.960733333333333,chair,furniture,quality,bad,8
hard,20,texture,0.96,2.960733333333333,tomato,food,material,wooden,9
plastic,20,material,0,2.960733333333333,cheese,food,size,small,10
metal,20,material,0.02,2.960733333333333,tomato,food,age,old,11
long,20,size,1,2.960733333333333,TV,furniture,shape,round,12
hard,20,texture,0.94,2.960733333333333,desk,furniture,material,plastic,13
huge,20,size,0.98,2.960733333333333,couch,furniture,shape,round,14
soft,20,texture,0.97,2.960733333333333,carrot,food,material,wooden,15
blue,20,color,0.04,2.960733333333333,apple,food,size,big,16
yellow,20,color,0.04,2.960733333333333,desk,furniture,shape,round,17
metal,20,material,0.03,2.960733333333333,cheese,food,age,fresh,18
yellow,20,color,0.04,2.960733333333333,tomato,food,texture,smooth,19
round,20,shape,0.01,2.960733333333333,apple,food,quality,bad,20
wooden,20,material,0.04,2.960733333333333,desk,furniture,age,new,21
new,20,age,0.95,2.960733333333333,carrot,food,size,huge,22
long,20,size,0.95,2.960733333333333,carrot,food,color,green,23
rotten,20,age,0.97,2.960733333333333,fan,furniture,shape,round,24
hard,20,texture,0.96,2.960733333333333,desk,furniture,color,brown,25
soft,20,texture,0.04,2.960733333333333,couch,furniture,size,long,26
tiny,20,size,0.94,2.960733333333333,tomato,food,color,yellow,27
old,20,age,0.95,2.960733333333333,couch,furniture,size,long,28
brown,21,color,0,3.6571333333333333,TV,furniture,size,huge,3
purple,21,color,1,3.6571333333333333,desk,furniture,shape,round,4
huge,21,size,0,3.6571333333333333,tomato,food,color,yellow,5
red,21,color,0.99,3.6571333333333333,couch,furniture,quality,bad,6
plastic,21,material,0.98,3.6571333333333333,chair,furniture,quality,good,7
brown,21,color,0.99,3.6571333333333333,apple,food,material,plastic,8
bad,21,quality,0.02,3.6571333333333333,banana,food,shape,square,9
old,21,age,0.99,3.6571333333333333,chair,furniture,color,purple,10
round,21,shape,0.98,3.6571333333333333,chair,furniture,material,wooden,11
round,21,shape,0.01,3.6571333333333333,carrot,food,quality,bad,12
green,21,color,0.02,3.6571333333333333,fan,furniture,material,metal,13
new,21,age,0.99,3.6571333333333333,carrot,food,color,brown,14
smooth,21,texture,0.01,3.6571333333333333,fan,furniture,age,new,15
brown,21,color,0,3.6571333333333333,tomato,food,shape,square,16
new,21,age,0.99,3.6571333333333333,apple,food,shape,round,17
yellow,21,color,0.01,3.6571333333333333,cheese,food,age,old,18
new,21,age,0.99,3.6571333333333333,fan,furniture,shape,square,19
big,21,size,1,3.6571333333333333,apple,food,color,red,20
red,21,color,0.02,3.6571333333333333,chair,furniture,material,plastic,21
small,21,size,0.98,3.6571333333333333,banana,food,shape,round,22
long,21,size,0.98,3.6571333333333333,tomato,food,shape,square,23
wooden,21,material,0.02,3.6571333333333333,fan,furniture,size,short,24
wooden,21,material,0.01,3.6571333333333333,fan,furniture,age,fresh,25
green,21,color,0.02,3.6571333333333333,cheese,food,material,wooden,26
yellow,21,color,0.01,3.6571333333333333,apple,food,size,huge,27
bad,21,quality,0.99,3.6571333333333333,carrot,food,age,rotten,28
smooth,22,texture,0.63,2.1024,TV,furniture,shape,round,3
small,22,size,0.72,2.1024,fan,furniture,shape,square,4
good,22,quality,0.4,2.1024,TV,furniture,texture,smooth,5
new,22,age,0.77,2.1024,TV,furniture,texture,smooth,6
big,22,size,0.75,2.1024,apple,food,color,yellow,7
hard,22,texture,0.35,2.1024,desk,furniture,age,fresh,8
round,22,shape,0.73,2.1024,tomato,food,size,tiny,9
good,22,quality,0.63,2.1024,carrot,food,material,plastic,10
wooden,22,material,0.2,2.1024,cheese,food,texture,smooth,11
fresh,22,age,0.63,2.1024,tomato,food,size,short,12
rotten,22,age,0.68,2.1024,TV,furniture,material,metal,13
soft,22,texture,0.68,2.1024,carrot,food,age,fresh,14
fresh,22,age,0.6,2.1024,chair,furniture,color,brown,15
fresh,22,age,0.65,2.1024,carrot,food,material,metal,16
new,22,age,0.58,2.1024,chair,furniture,texture,hard,17
fresh,22,age,0.58,2.1024,chair,furniture,color,red,18
round,22,shape,0.63,2.1024,chair,furniture,color,red,19
soft,22,texture,0.48,2.1024,carrot,food,size,huge,20
long,22,size,0.58,2.1024,desk,furniture,color,red,21
tiny,22,size,0.63,2.1024,carrot,food,color,brown,22
fresh,22,age,0.56,2.1024,apple,food,size,small,23
short,22,size,0.7,2.1024,apple,food,material,plastic,24
wooden,22,material,0.68,2.1024,cheese,food,texture,hard,25
big,22,size,0.57,2.1024,tomato,food,color,purple,26
yellow,22,color,0.66,2.1024,banana,food,age,fresh,27
wooden,22,material,0.7,2.1024,TV,furniture,texture,hard,28
wooden,23,material,0.78,26.40035,desk,furniture,age,rotten,3
brown,23,color,0.91,26.40035,banana,food,quality,bad,4
green,23,color,0,26.40035,apple,food,texture,hard,5
wooden,23,material,0.09,26.40035,tomato,food,age,rotten,6
tiny,23,size,0.87,26.40035,apple,food,shape,square,7
rotten,23,age,0.05,26.40035,apple,food,size,huge,8
plastic,23,material,0.08,26.40035,chair,furniture,size,tiny,9
short,23,size,0.07,26.40035,couch,furniture,shape,round,10
square,23,shape,0.36,26.40035,banana,food,color,yellow,11
tiny,23,size,0.92,26.40035,cheese,food,color,brown,12
long,23,size,0.95,26.40035,chair,furniture,color,blue,13
small,23,size,0.92,26.40035,cheese,food,color,yellow,14
rotten,23,age,0.65,26.40035,fan,furniture,shape,round,15
smooth,23,texture,0.31,26.40035,TV,furniture,size,long,16
square,23,shape,0.86,26.40035,tomato,food,color,brown,17
hard,23,texture,0.9,26.40035,tomato,food,age,old,18
fresh,23,age,0.82,26.40035,fan,furniture,texture,smooth,19
fresh,23,age,0.92,26.40035,tomato,food,color,blue,20
fresh,23,age,0.93,26.40035,desk,furniture,shape,round,21
soft,23,texture,0.92,26.40035,fan,furniture,material,metal,22
tiny,23,size,0.98,26.40035,fan,furniture,color,yellow,23
good,23,quality,0.84,26.40035,fan,furniture,age,rotten,24
square,23,shape,0.07,26.40035,apple,food,texture,soft,25
rotten,23,age,0.6,26.40035,fan,furniture,color,blue,26
smooth,23,texture,0.15,26.40035,banana,food,size,small,27
metal,23,material,0.02,26.40035,cheese,food,size,tiny,28
square,24,shape,0.03,2.5791833333333334,apple,food,age,new,3
square,24,shape,0.03,2.5791833333333334,apple,food,texture,hard,4
soft,24,texture,0.97,2.5791833333333334,cheese,food,shape,square,5
red,24,color,0.04,2.5791833333333334,chair,furniture,quality,good,6
metal,24,material,0.02,2.5791833333333334,TV,furniture,age,old,7
purple,24,color,1,2.5791833333333334,banana,food,material,metal,8
small,24,size,0.97,2.5791833333333334,fan,furniture,texture,hard,9
hard,24,texture,0.97,2.5791833333333334,banana,food,color,red,10
good,24,quality,0.98,2.5791833333333334,cheese,food,material,wooden,11
yellow,24,color,0.96,2.5791833333333334,chair,furniture,material,metal,12
square,24,shape,0.01,2.5791833333333334,TV,furniture,age,fresh,13
wooden,24,material,0.04,2.5791833333333334,TV,furniture,size,long,14
fresh,24,age,0.97,2.5791833333333334,fan,furniture,color,yellow,15
tiny,24,size,0.99,2.5791833333333334,TV,furniture,color,red,16
plastic,24,material,0.02,2.5791833333333334,chair,furniture,size,small,17
round,24,shape,0.09,2.5791833333333334,couch,furniture,quality,bad,18
tiny,24,size,0.06,2.5791833333333334,desk,furniture,age,fresh,19
small,24,size,0.95,2.5791833333333334,apple,food,shape,square,20
good,24,quality,1,2.5791833333333334,fan,furniture,texture,smooth,21
square,24,shape,0.96,2.5791833333333334,banana,food,material,plastic,22
hard,24,texture,0.05,2.5791833333333334,couch,furniture,color,purple,23
new,24,age,0.95,2.5791833333333334,couch,furniture,texture,smooth,24
brown,24,color,0.98,2.5791833333333334,couch,furniture,texture,smooth,25
brown,24,color,0.98,2.5791833333333334,cheese,food,quality,good,26
big,24,size,0.95,2.5791833333333334,tomato,food,material,metal,27
good,24,quality,0.95,2.5791833333333334,TV,furniture,size,small,28
brown,25,color,1,4.040066666666666,banana,food,material,metal,3
short,25,size,0.99,4.040066666666666,tomato,food,material,plastic,4
hard,25,texture,0.97,4.040066666666666,tomato,food,material,plastic,5
hard,25,texture,0.03,4.040066666666666,apple,food,quality,bad,6
fresh,25,age,0.99,4.040066666666666,TV,furniture,texture,hard,7
square,25,shape,0.97,4.040066666666666,cheese,food,material,metal,8
round,25,shape,0.98,4.040066666666666,desk,furniture,size,short,9
long,25,size,0.02,4.040066666666666,couch,furniture,quality,good,10
long,25,size,0.96,4.040066666666666,carrot,food,material,plastic,11
tiny,25,size,0.97,4.040066666666666,fan,furniture,age,rotten,12
round,25,shape,0.03,4.040066666666666,TV,furniture,size,huge,13
square,25,shape,0.04,4.040066666666666,apple,food,size,small,14
tiny,25,size,0.99,4.040066666666666,fan,furniture,color,purple,15
big,25,size,1,4.040066666666666,tomato,food,color,yellow,16
brown,25,color,0.96,4.040066666666666,desk,furniture,age,fresh,17
bad,25,quality,0.98,4.040066666666666,desk,furniture,age,rotten,18
wooden,25,material,0.02,4.040066666666666,tomato,food,color,purple,19
green,25,color,0,4.040066666666666,couch,furniture,age,old,20
new,25,age,0.98,4.040066666666666,carrot,food,size,short,21
new,25,age,0.94,4.040066666666666,banana,food,shape,square,22
plastic,25,material,0.02,4.040066666666666,TV,furniture,texture,smooth,23
hard,25,texture,0.02,4.040066666666666,chair,furniture,age,new,24
big,25,size,0.99,4.040066666666666,desk,furniture,shape,square,25
hard,25,texture,0.02,4.040066666666666,couch,furniture,quality,good,26
good,25,quality,0.99,4.040066666666666,couch,furniture,texture,hard,27
soft,25,texture,0.95,4.040066666666666,carrot,food,quality,bad,28
bad,26,quality,0.23,10.1638,desk,furniture,size,tiny,3
big,26,size,0.12,10.1638,TV,furniture,color,red,4
new,26,age,0.91,10.1638,cheese,food,material,metal,5
round,26,shape,0.07,10.1638,tomato,food,color,yellow,6
small,26,size,0.85,10.1638,carrot,food,quality,good,7
red,26,color,0.96,10.1638,desk,furniture,age,fresh,8
purple,26,color,0.84,10.1638,couch,furniture,quality,bad,9
rotten,26,age,0.93,10.1638,cheese,food,material,plastic,10
good,26,quality,0.06,10.1638,couch,furniture,material,metal,11
old,26,age,0.15,10.1638,banana,food,material,wooden,12
bad,26,quality,0.85,10.1638,cheese,food,shape,round,13
plastic,26,material,0.13,10.1638,carrot,food,size,short,14
huge,26,size,0.93,10.1638,banana,food,age,old,15
tiny,26,size,0.88,10.1638,desk,furniture,age,fresh,16
fresh,26,age,0.11,10.1638,tomato,food,quality,bad,17
wooden,26,material,0.94,10.1638,TV,furniture,size,tiny,18
fresh,26,age,0.07,10.1638,TV,furniture,color,blue,19
good,26,quality,0.95,10.1638,TV,furniture,size,small,20
long,26,size,0.85,10.1638,fan,furniture,color,purple,21
fresh,26,age,0.94,10.1638,apple,food,shape,round,22
short,26,size,0.13,10.1638,TV,furniture,age,rotten,23
square,26,shape,0.02,10.1638,banana,food,color,green,24
small,26,size,0.12,10.1638,couch,furniture,color,purple,25
old,26,age,0.91,10.1638,chair,furniture,quality,bad,26
brown,26,color,0.87,10.1638,couch,furniture,shape,round,27
new,26,age,0.93,10.1638,chair,furniture,texture,hard,28
metal,27,material,0.14,4.56185,apple,food,shape,round,3
bad,27,quality,0.16,4.56185,couch,furniture,age,new,4
metal,27,material,0.22,4.56185,chair,furniture,color,green,5
red,27,color,0.9,4.56185,apple,food,age,rotten,6
short,27,size,0.81,4.56185,carrot,food,color,yellow,7
huge,27,size,0.8,4.56185,cheese,food,texture,soft,8
long,27,size,0.87,4.56185,banana,food,shape,round,9
good,27,quality,0.3,4.56185,couch,furniture,color,purple,10
wooden,27,material,0.34,4.56185,apple,food,shape,square,11
short,27,size,0.87,4.56185,fan,furniture,age,fresh,12
old,27,age,0.8,4.56185,banana,food,size,huge,13
fresh,27,age,0.8,4.56185,banana,food,quality,bad,14
old,27,age,0.8,4.56185,apple,food,color,green,15
plastic,27,material,0.15,4.56185,carrot,food,color,green,16
fresh,27,age,0.3,4.56185,cheese,food,size,short,17
small,27,size,0.78,4.56185,apple,food,texture,soft,18
old,27,age,0.85,4.56185,carrot,food,texture,hard,19
plastic,27,material,0.15,4.56185,desk,furniture,texture,smooth,20
old,27,age,0.32,4.56185,desk,furniture,size,short,21
red,27,color,0.1,4.56185,banana,food,size,huge,22
red,27,color,0.78,4.56185,couch,furniture,age,old,23
new,27,age,0.76,4.56185,tomato,food,size,tiny,24
blue,27,color,0.12,4.56185,banana,food,texture,hard,25
long,27,size,0.89,4.56185,couch,furniture,color,yellow,26
metal,27,material,0.23,4.56185,fan,furniture,texture,smooth,27
wooden,27,material,0.15,4.56185,chair,furniture,quality,bad,28
huge,28,size,0.77,2.9163,desk,furniture,material,metal,3
tiny,28,size,0.82,2.9163,fan,furniture,quality,good,4
plastic,28,material,0.19,2.9163,fan,furniture,color,brown,5
plastic,28,material,0.1,2.9163,tomato,food,texture,soft,6
new,28,age,0.95,2.9163,cheese,food,size,tiny,7
smooth,28,texture,0.87,2.9163,TV,furniture,shape,square,8
tiny,28,size,0.91,2.9163,tomato,food,texture,smooth,9
round,28,shape,0.87,2.9163,TV,furniture,texture,smooth,10
soft,28,texture,0.94,2.9163,cheese,food,age,new,11
smooth,28,texture,0.84,2.9163,tomato,food,shape,square,12
metal,28,material,0.64,2.9163,tomato,food,color,yellow,13
smooth,28,texture,0.14,2.9163,carrot,food,size,small,14
tiny,28,size,0.11,2.9163,chair,furniture,material,wooden,15
bad,28,quality,0.58,2.9163,desk,furniture,texture,soft,16
big,28,size,0.88,2.9163,apple,food,color,yellow,17
plastic,28,material,0.13,2.9163,tomato,food,size,big,18
short,28,size,0.78,2.9163,desk,furniture,material,metal,19
round,28,shape,0.84,2.9163,couch,furniture,color,blue,20
rotten,28,age,0.58,2.9163,fan,furniture,size,short,21
old,28,age,0.79,2.9163,fan,furniture,texture,soft,22
good,28,quality,0.84,2.9163,carrot,food,size,small,23
blue,28,color,0.52,2.9163,carrot,food,texture,soft,24
bad,28,quality,0.85,2.9163,apple,food,material,metal,25
new,28,age,0.88,2.9163,couch,furniture,color,red,26
yellow,28,color,0.74,2.9163,apple,food,texture,hard,27
red,28,color,0.34,2.9163,cheese,food,texture,soft,28
blue,29,color,0.47,1.9031333333333333,desk,furniture,age,fresh,3
hard,29,texture,0.69,1.9031333333333333,apple,food,size,tiny,4
plastic,29,material,0.67,1.9031333333333333,fan,furniture,age,rotten,5
plastic,29,material,0.55,1.9031333333333333,couch,furniture,size,huge,6
new,29,age,0.79,1.9031333333333333,couch,furniture,quality,good,7
yellow,29,color,0.45,1.9031333333333333,fan,furniture,material,plastic,8
huge,29,size,0.5,1.9031333333333333,tomato,food,color,purple,9
metal,29,material,0.66,1.9031333333333333,banana,food,shape,square,10
brown,29,color,0.65,1.9031333333333333,tomato,food,material,plastic,11
brown,29,color,0.36,1.9031333333333333,couch,furniture,age,new,12
round,29,shape,0.52,1.9031333333333333,cheese,food,color,green,13
square,29,shape,0.68,1.9031333333333333,chair,furniture,color,purple,14
plastic,29,material,0.71,1.9031333333333333,TV,furniture,color,blue,15
smooth,29,texture,0.78,1.9031333333333333,desk,furniture,size,big,16
huge,29,size,0.36,1.9031333333333333,desk,furniture,color,yellow,17
hard,29,texture,0.67,1.9031333333333333,apple,food,shape,square,18
plastic,29,material,0.55,1.9031333333333333,couch,furniture,size,short,19
wooden,29,material,0.67,1.9031333333333333,couch,furniture,shape,round,20
square,29,shape,0.32,1.9031333333333333,carrot,food,size,tiny,21
red,29,color,0.69,1.9031333333333333,TV,furniture,age,old,22
red,29,color,0.65,1.9031333333333333,couch,furniture,age,new,23
hard,29,texture,0.72,1.9031333333333333,banana,food,material,plastic,24
smooth,29,texture,0.76,1.9031333333333333,carrot,food,size,tiny,25
metal,29,material,0.79,1.9031333333333333,couch,furniture,shape,round,26
metal,29,material,0.3,1.9031333333333333,apple,food,texture,hard,27
wooden,29,material,0.28,1.9031333333333333,carrot,food,size,big,28
red,30,color,0.81,3.46385,couch,furniture,quality,bad,3
round,30,shape,0.73,3.46385,cheese,food,texture,hard,4
old,30,age,0.87,3.46385,TV,furniture,texture,hard,5
round,30,shape,0.92,3.46385,couch,furniture,size,small,6
good,30,quality,0.69,3.46385,tomato,food,texture,soft,7
short,30,size,0.86,3.46385,couch,furniture,age,new,8
plastic,30,material,0.64,3.46385,cheese,food,quality,good,9
square,30,shape,0.54,3.46385,chair,furniture,material,metal,10
tiny,30,size,0.61,3.46385,banana,food,quality,good,11
round,30,shape,0.49,3.46385,cheese,food,size,tiny,12
small,30,size,0.89,3.46385,cheese,food,shape,round,13
new,30,age,0.82,3.46385,fan,furniture,texture,hard,14
green,30,color,0.57,3.46385,cheese,food,age,rotten,15
tiny,30,size,0.7,3.46385,chair,furniture,age,new,16
red,30,color,0.88,3.46385,fan,furniture,size,big,17
bad,30,quality,0.39,3.46385,carrot,food,color,brown,18
yellow,30,color,0.88,3.46385,TV,furniture,shape,square,19
hard,30,texture,0.44,3.46385,fan,furniture,color,green,20
small,30,size,0.47,3.46385,apple,food,texture,smooth,21
smooth,30,texture,0.86,3.46385,TV,furniture,material,wooden,22
yellow,30,color,0.54,3.46385,TV,furniture,age,old,23
huge,30,size,0.76,3.46385,banana,food,age,new,24
short,30,size,0.91,3.46385,couch,furniture,color,green,25
short,30,size,0.82,3.46385,couch,furniture,age,old,26
purple,30,color,0.89,3.46385,apple,food,quality,good,27
hard,30,texture,0.95,3.46385,carrot,food,color,purple,28
old,31,age,0.1,2.7340666666666666,banana,food,color,blue,3
short,31,size,0.88,2.7340666666666666,couch,furniture,material,wooden,4
huge,31,size,0.11,2.7340666666666666,chair,furniture,material,wooden,5
long,31,size,0.96,2.7340666666666666,tomato,food,material,wooden,6
wooden,31,material,0.07,2.7340666666666666,apple,food,quality,bad,7
yellow,31,color,0.03,2.7340666666666666,TV,furniture,quality,bad,8
short,31,size,0.15,2.7340666666666666,desk,furniture,quality,good,9
square,31,shape,0.07,2.7340666666666666,banana,food,size,small,10
tiny,31,size,0.08,2.7340666666666666,desk,furniture,quality,good,11
bad,31,quality,0.81,2.7340666666666666,chair,furniture,color,green,12
old,31,age,0.8,2.7340666666666666,tomato,food,color,red,13
smooth,31,texture,0.85,2.7340666666666666,carrot,food,color,purple,14
good,31,quality,0.92,2.7340666666666666,chair,furniture,color,red,15
soft,31,texture,0.18,2.7340666666666666,couch,furniture,size,long,16
square,31,shape,0.86,2.7340666666666666,cheese,food,age,fresh,17
short,31,size,0.87,2.7340666666666666,TV,furniture,color,brown,18
blue,31,color,0.25,2.7340666666666666,TV,furniture,material,metal,19
purple,31,color,0.21,2.7340666666666666,chair,furniture,size,huge,20
square,31,shape,0.09,2.7340666666666666,apple,food,quality,good,21
plastic,31,material,0.07,2.7340666666666666,desk,furniture,texture,soft,22
wooden,31,material,0.11,2.7340666666666666,fan,furniture,texture,smooth,23
green,31,color,0.07,2.7340666666666666,fan,furniture,texture,soft,24
small,31,size,0.92,2.7340666666666666,apple,food,color,purple,25
tiny,31,size,0.04,2.7340666666666666,cheese,food,quality,good,26
square,31,shape,0.68,2.7340666666666666,desk,furniture,age,old,27
red,31,color,0.07,2.7340666666666666,desk,furniture,quality,bad,28
new,32,age,1,2.1935166666666666,TV,furniture,texture,smooth,3
round,32,shape,0,2.1935166666666666,carrot,food,size,long,4
metal,32,material,0.19,2.1935166666666666,carrot,food,color,purple,5
purple,32,color,0,2.1935166666666666,chair,furniture,age,rotten,6
yellow,32,color,0,2.1935166666666666,carrot,food,material,plastic,7
fresh,32,age,0,2.1935166666666666,TV,furniture,texture,hard,8
round,32,shape,1,2.1935166666666666,couch,furniture,material,plastic,9
round,32,shape,1,2.1935166666666666,TV,furniture,quality,bad,10
hard,32,texture,1,2.1935166666666666,chair,furniture,size,tiny,11
huge,32,size,1,2.1935166666666666,fan,furniture,age,new,12
good,32,quality,1,2.1935166666666666,banana,food,age,rotten,13
red,32,color,0,2.1935166666666666,cheese,food,age,rotten,14
metal,32,material,0,2.1935166666666666,cheese,food,shape,round,15
old,32,age,0,2.1935166666666666,couch,furniture,quality,good,16
old,32,age,1,2.1935166666666666,carrot,food,color,purple,17
bad,32,quality,0.51,2.1935166666666666,desk,furniture,shape,round,18
brown,32,color,0,2.1935166666666666,tomato,food,texture,smooth,19
hard,32,texture,0,2.1935166666666666,chair,furniture,age,new,20
plastic,32,material,1,2.1935166666666666,banana,food,color,brown,21
small,32,size,1,2.1935166666666666,desk,furniture,shape,round,22
old,32,age,1,2.1935166666666666,banana,food,color,blue,23
soft,32,texture,0,2.1935166666666666,banana,food,size,big,24
rotten,32,age,1,2.1935166666666666,desk,furniture,color,purple,25
metal,32,material,0,2.1935166666666666,chair,furniture,age,old,26
red,32,color,0,2.1935166666666666,tomato,food,texture,smooth,27
wooden,32,material,1,2.1935166666666666,fan,furniture,color,purple,28
blue,33,color,0.52,4.2022,fan,furniture,quality,good,3
fresh,33,age,0.91,4.2022,carrot,food,color,yellow,4
soft,33,texture,0.79,4.2022,desk,furniture,material,wooden,5
yellow,33,color,0.81,4.2022,cheese,food,age,rotten,6
blue,33,color,1,4.2022,apple,food,material,plastic,7
good,33,quality,0,4.2022,cheese,food,size,long,8
wooden,33,material,1,4.2022,fan,furniture,color,yellow,9
red,33,color,0.24,4.2022,chair,furniture,material,metal,10
tiny,33,size,0.28,4.2022,chair,furniture,quality,good,11
wooden,33,material,0.76,4.2022,tomato,food,color,yellow,12
metal,33,material,0.26,4.2022,TV,furniture,color,green,13
big,33,size,0.69,4.2022,apple,food,texture,soft,14
fresh,33,age,0.33,4.2022,cheese,food,texture,soft,15
round,33,shape,0.25,4.2022,banana,food,texture,hard,16
purple,33,color,0.17,4.2022,fan,furniture,age,new,17
bad,33,quality,0.62,4.2022,fan,furniture,age,new,18
huge,33,size,0.42,4.2022,carrot,food,quality,bad,19
round,33,shape,0.74,4.2022,carrot,food,texture,hard,20
bad,33,quality,0.84,4.2022,desk,furniture,size,long,21
good,33,quality,0.26,4.2022,tomato,food,size,long,22
good,33,quality,0.87,4.2022,cheese,food,size,small,23
metal,33,material,0.24,4.2022,TV,furniture,quality,good,24
rotten,33,age,0.4,4.2022,cheese,food,color,green,25
blue,33,color,0.13,4.2022,tomato,food,size,big,26
hard,33,texture,0.59,4.2022,chair,furniture,quality,bad,27
fresh,33,age,0.23,4.2022,carrot,food,material,metal,28
green,34,color,0.76,10.412733333333334,TV,furniture,size,tiny,3
small,34,size,0.79,10.412733333333334,TV,furniture,color,brown,4
round,34,shape,0.09,10.412733333333334,cheese,food,age,new,5
red,34,color,0.06,10.412733333333334,desk,furniture,quality,bad,6
rotten,34,age,0.05,10.412733333333334,desk,furniture,size,short,7
short,34,size,1,10.412733333333334,banana,food,shape,square,8
huge,34,size,1,10.412733333333334,cheese,food,quality,bad,9
purple,34,color,0,10.412733333333334,couch,furniture,age,old,10
red,34,color,0,10.412733333333334,couch,furniture,size,short,11
yellow,34,color,0,10.412733333333334,desk,furniture,quality,bad,12
brown,34,color,0,10.412733333333334,carrot,food,size,big,13
short,34,size,1,10.412733333333334,carrot,food,texture,smooth,14
brown,34,color,0,10.412733333333334,fan,furniture,size,big,15
wooden,34,material,0.03,10.412733333333334,tomato,food,color,green,16
brown,34,color,1,10.412733333333334,fan,furniture,quality,good,17
good,34,quality,0.14,10.412733333333334,banana,food,material,wooden,18
red,34,color,0,10.412733333333334,couch,furniture,size,short,19
bad,34,quality,1,10.412733333333334,TV,furniture,color,green,20
rotten,34,age,0.03,10.412733333333334,couch,furniture,color,red,21
square,34,shape,0,10.412733333333334,banana,food,age,fresh,22
short,34,size,0.89,10.412733333333334,TV,furniture,texture,soft,23
blue,34,color,0,10.412733333333334,cheese,food,quality,bad,24
soft,34,texture,0.83,10.412733333333334,cheese,food,color,red,25
metal,34,material,0.08,10.412733333333334,apple,food,texture,soft,26
new,34,age,1,10.412733333333334,couch,furniture,quality,good,27
new,34,age,0.15,10.412733333333334,TV,furniture,material,plastic,28
round,35,shape,0.71,0.94575,chair,furniture,material,wooden,3
hard,35,texture,0.42,0.94575,fan,furniture,material,metal,4
red,35,color,0.71,0.94575,apple,food,texture,soft,5
red,35,color,0.57,0.94575,desk,furniture,texture,soft,6
big,35,size,0.7,0.94575,fan,furniture,texture,hard,7
smooth,35,texture,0.61,0.94575,TV,furniture,shape,round,8
hard,35,texture,0.44,0.94575,TV,furniture,quality,good,9
smooth,35,texture,0.76,0.94575,carrot,food,color,green,10
old,35,age,0.54,0.94575,fan,furniture,color,brown,11
new,35,age,0.69,0.94575,couch,furniture,quality,bad,12
red,35,color,0.52,0.94575,desk,furniture,size,huge,13
green,35,color,0.74,0.94575,TV,furniture,material,plastic,14
new,35,age,0.55,0.94575,banana,food,material,metal,15
round,35,shape,0.31,0.94575,cheese,food,size,huge,16
rotten,35,age,0.61,0.94575,cheese,food,material,plastic,17
huge,35,size,0.54,0.94575,desk,furniture,material,plastic,18
big,35,size,0.69,0.94575,apple,food,material,metal,19
short,35,size,0.51,0.94575,fan,furniture,color,purple,20
round,35,shape,0.76,0.94575,chair,furniture,color,yellow,21
smooth,35,texture,0.49,0.94575,banana,food,quality,bad,22
smooth,35,texture,0.72,0.94575,cheese,food,age,rotten,23
plastic,35,material,0.54,0.94575,apple,food,age,fresh,24
short,35,size,0.62,0.94575,tomato,food,shape,square,25
bad,35,quality,0.56,0.94575,cheese,food,age,new,26
yellow,35,color,0.69,0.94575,chair,furniture,quality,bad,27
fresh,35,age,0.57,0.94575,carrot,food,color,purple,28
rotten,36,age,0.23,2.0564,fan,furniture,color,yellow,3
wooden,36,material,0.12,2.0564,carrot,food,color,red,4
tiny,36,size,0.86,2.0564,tomato,food,color,blue,5
smooth,36,texture,1,2.0564,tomato,food,color,red,6
long,36,size,0.97,2.0564,tomato,food,color,blue,7
green,36,color,0.1,2.0564,fan,furniture,quality,bad,8
red,36,color,0.99,2.0564,couch,furniture,size,small,9
good,36,quality,0.98,2.0564,tomato,food,material,metal,10
big,36,size,1,2.0564,apple,food,age,rotten,11
old,36,age,1,2.0564,tomato,food,color,brown,12
hard,36,texture,0,2.0564,desk,furniture,age,old,13
wooden,36,material,1,2.0564,desk,furniture,color,brown,14
short,36,size,1,2.0564,fan,furniture,material,metal,15
rotten,36,age,0.15,2.0564,desk,furniture,material,metal,16
small,36,size,1,2.0564,carrot,food,quality,bad,17
metal,36,material,0.04,2.0564,cheese,food,quality,good,18
bad,36,quality,1,2.0564,banana,food,shape,square,19
yellow,36,color,1,2.0564,TV,furniture,material,plastic,20
square,36,shape,0.95,2.0564,tomato,food,material,plastic,21
huge,36,size,1,2.0564,apple,food,color,purple,22
square,36,shape,1,2.0564,banana,food,age,fresh,23
red,36,color,1,2.0564,tomato,food,age,rotten,24
fresh,36,age,0,2.0564,tomato,food,color,red,25
short,36,size,1,2.0564,tomato,food,shape,round,26
huge,36,size,1,2.0564,couch,furniture,age,rotten,27
huge,36,size,1,2.0564,carrot,food,color,yellow,28
blue,37,color,0.18,2.898616666666667,carrot,food,age,fresh,3
new,37,age,0.86,2.898616666666667,couch,furniture,color,purple,4
big,37,size,0.86,2.898616666666667,couch,furniture,age,new,5
metal,37,material,0.15,2.898616666666667,chair,furniture,color,brown,6
brown,37,color,0.26,2.898616666666667,TV,furniture,age,fresh,7
smooth,37,texture,0.07,2.898616666666667,couch,furniture,size,long,8
good,37,quality,0.24,2.898616666666667,chair,furniture,size,small,9
blue,37,color,0.36,2.898616666666667,chair,furniture,size,huge,10
fresh,37,age,0.65,2.898616666666667,couch,furniture,quality,bad,11
wooden,37,material,0.13,2.898616666666667,carrot,food,shape,round,12
new,37,age,0.76,2.898616666666667,TV,furniture,color,blue,13
round,37,shape,0.93,2.898616666666667,couch,furniture,color,purple,14
smooth,37,texture,0.86,2.898616666666667,banana,food,color,red,15
purple,37,color,0.12,2.898616666666667,apple,food,texture,soft,16
square,37,shape,0.05,2.898616666666667,desk,furniture,size,tiny,17
wooden,37,material,0.01,2.898616666666667,desk,furniture,age,rotten,18
big,37,size,0.91,2.898616666666667,tomato,food,color,blue,19
long,37,size,0.75,2.898616666666667,carrot,food,color,red,20
new,37,age,0.39,2.898616666666667,desk,furniture,size,long,21
green,37,color,0.13,2.898616666666667,tomato,food,age,new,22
rotten,37,age,0.57,2.898616666666667,cheese,food,quality,good,23
huge,37,size,0.9,2.898616666666667,couch,furniture,color,brown,24
new,37,age,0.93,2.898616666666667,carrot,food,size,small,25
bad,37,quality,0.17,2.898616666666667,carrot,food,age,new,26
yellow,37,color,0.1,2.898616666666667,desk,furniture,quality,good,27
metal,37,material,0.01,2.898616666666667,fan,furniture,shape,round,28
old,38,age,0.01,5.026283333333334,couch,furniture,quality,good,3
bad,38,quality,0.98,5.026283333333334,fan,furniture,material,plastic,4
good,38,quality,0.94,5.026283333333334,couch,furniture,color,green,5
fresh,38,age,0.98,5.026283333333334,couch,furniture,material,metal,6
square,38,shape,0.01,5.026283333333334,desk,furniture,age,fresh,7
rotten,38,age,0.03,5.026283333333334,TV,furniture,shape,round,8
new,38,age,0.99,5.026283333333334,TV,furniture,size,tiny,9
smooth,38,texture,0.99,5.026283333333334,apple,food,size,long,10
metal,38,material,0.02,5.026283333333334,carrot,food,age,new,11
fresh,38,age,0.96,5.026283333333334,cheese,food,size,small,12
metal,38,material,0.03,5.026283333333334,apple,food,color,yellow,13
purple,38,color,0.97,5.026283333333334,tomato,food,material,plastic,14
big,38,size,0.96,5.026283333333334,banana,food,texture,smooth,15
short,38,size,0.98,5.026283333333334,chair,furniture,shape,round,16
brown,38,color,0.03,5.026283333333334,banana,food,size,long,17
new,38,age,1,5.026283333333334,fan,furniture,shape,square,18
small,38,size,0.98,5.026283333333334,tomato,food,color,purple,19
purple,38,color,0.97,5.026283333333334,couch,furniture,material,plastic,20
long,38,size,0.98,5.026283333333334,tomato,food,texture,smooth,21
green,38,color,0.97,5.026283333333334,apple,food,age,fresh,22
soft,38,texture,0.98,5.026283333333334,chair,furniture,material,plastic,23
bad,38,quality,0.99,5.026283333333334,carrot,food,texture,smooth,24
huge,38,size,0.99,5.026283333333334,tomato,food,material,metal,25
big,38,size,0.96,5.026283333333334,carrot,food,shape,round,26
short,38,size,0.98,5.026283333333334,couch,furniture,shape,square,27
soft,38,texture,0.97,5.026283333333334,carrot,food,size,short,28
smooth,39,texture,0.21,2.0294833333333333,fan,furniture,size,long,3
new,39,age,0.77,2.0294833333333333,fan,furniture,color,blue,4
new,39,age,0.77,2.0294833333333333,banana,food,color,blue,5
new,39,age,0.8,2.0294833333333333,desk,furniture,color,blue,6
old,39,age,0.29,2.0294833333333333,couch,furniture,quality,good,7
fresh,39,age,0.75,2.0294833333333333,chair,furniture,color,blue,8
wooden,39,material,0.19,2.0294833333333333,desk,furniture,size,huge,9
small,39,size,0.84,2.0294833333333333,fan,furniture,color,red,10
red,39,color,0.8,2.0294833333333333,desk,furniture,texture,smooth,11
fresh,39,age,0.86,2.0294833333333333,desk,furniture,material,wooden,12
short,39,size,0.82,2.0294833333333333,tomato,food,material,plastic,13
soft,39,texture,0.3,2.0294833333333333,chair,furniture,size,huge,14
short,39,size,0.84,2.0294833333333333,desk,furniture,color,red,15
wooden,39,material,0.16,2.0294833333333333,tomato,food,texture,hard,16
big,39,size,0.87,2.0294833333333333,cheese,food,quality,bad,17
yellow,39,color,0.22,2.0294833333333333,chair,furniture,shape,square,18
hard,39,texture,0.24,2.0294833333333333,desk,furniture,quality,good,19
rotten,39,age,0.74,2.0294833333333333,tomato,food,material,metal,20
brown,39,color,0.37,2.0294833333333333,TV,furniture,quality,bad,21
round,39,shape,0.41,2.0294833333333333,couch,furniture,age,fresh,22
metal,39,material,0.26,2.0294833333333333,TV,furniture,texture,hard,23
bad,39,quality,0.31,2.0294833333333333,apple,food,texture,smooth,24
good,39,quality,0.9,2.0294833333333333,couch,furniture,age,old,25
huge,39,size,0.33,2.0294833333333333,chair,furniture,texture,soft,26
round,39,shape,0.32,2.0294833333333333,banana,food,age,old,27
old,39,age,0.28,2.0294833333333333,tomato,food,color,purple,28
long,40,size,0.78,2.1644833333333335,banana,food,age,old,3
fresh,40,age,0.87,2.1644833333333335,carrot,food,material,plastic,4
round,40,shape,0.26,2.1644833333333335,couch,furniture,size,small,5
blue,40,color,0.58,2.1644833333333335,fan,furniture,quality,good,6
good,40,quality,0.75,2.1644833333333335,banana,food,age,rotten,7
green,40,color,0.47,2.1644833333333335,TV,furniture,size,small,8
square,40,shape,0.66,2.1644833333333335,tomato,food,material,metal,9
tiny,40,size,0.32,2.1644833333333335,couch,furniture,age,fresh,10
old,40,age,0.66,2.1644833333333335,cheese,food,material,metal,11
blue,40,color,0.22,2.1644833333333335,cheese,food,texture,hard,12
long,40,size,0.79,2.1644833333333335,cheese,food,color,red,13
soft,40,texture,0.6,2.1644833333333335,chair,furniture,shape,square,14
purple,40,color,0.77,2.1644833333333335,TV,furniture,size,tiny,15
wooden,40,material,0.3,2.1644833333333335,chair,furniture,color,red,16
blue,40,color,0.81,2.1644833333333335,tomato,food,shape,square,17
green,40,color,0.32,2.1644833333333335,fan,furniture,size,tiny,18
blue,40,color,0.28,2.1644833333333335,TV,furniture,size,small,19
brown,40,color,0.01,2.1644833333333335,couch,furniture,quality,good,20
hard,40,texture,0.65,2.1644833333333335,fan,furniture,color,brown,21
brown,40,color,0.34,2.1644833333333335,chair,furniture,size,huge,22
smooth,40,texture,0.55,2.1644833333333335,fan,furniture,size,huge,23
green,40,color,0,2.1644833333333335,tomato,food,shape,square,24
good,40,quality,0.34,2.1644833333333335,cheese,food,size,huge,25
plastic,40,material,0.62,2.1644833333333335,chair,furniture,color,brown,26
good,40,quality,0.9,2.1644833333333335,banana,food,age,fresh,27
smooth,40,texture,0.29,2.1644833333333335,carrot,food,shape,round,28
square,41,shape,0.77,2.1532,tomato,food,age,old,3
smooth,41,texture,0.69,2.1532,chair,furniture,quality,bad,4
brown,41,color,0.34,2.1532,chair,furniture,texture,hard,5
square,41,shape,0.65,2.1532,tomato,food,age,new,6
metal,41,material,0.33,2.1532,fan,furniture,quality,good,7
green,41,color,0.27,2.1532,TV,furniture,size,short,8
small,41,size,0.7,2.1532,desk,furniture,shape,square,9
square,41,shape,0.71,2.1532,chair,furniture,material,plastic,10
new,41,age,0.74,2.1532,TV,furniture,material,metal,11
green,41,color,0.19,2.1532,carrot,food,age,old,12
metal,41,material,0.76,2.1532,TV,furniture,size,huge,13
new,41,age,0.64,2.1532,cheese,food,color,purple,14
huge,41,size,0.61,2.1532,carrot,food,shape,round,15
old,41,age,0.67,2.1532,apple,food,color,brown,16
huge,41,size,0.72,2.1532,couch,furniture,shape,square,17
big,41,size,0.68,2.1532,couch,furniture,shape,square,18
rotten,41,age,0.32,2.1532,cheese,food,color,brown,19
round,41,shape,0.34,2.1532,banana,food,age,fresh,20
small,41,size,0.3,2.1532,carrot,food,color,red,21
blue,41,color,0.64,2.1532,fan,furniture,material,metal,22
fresh,41,age,0.4,2.1532,fan,furniture,material,plastic,23
huge,41,size,0.41,2.1532,couch,furniture,color,blue,24
small,41,size,0.41,2.1532,tomato,food,color,blue,25
wooden,41,material,0.41,2.1532,carrot,food,quality,bad,26
soft,41,texture,0.2,2.1532,chair,furniture,material,wooden,27
purple,41,color,0.73,2.1532,TV,furniture,material,plastic,28
red,42,color,0.04,9.18075,tomato,food,shape,round,3
plastic,42,material,0.97,9.18075,chair,furniture,shape,round,4
metal,42,material,0.5,9.18075,tomato,food,quality,good,5
soft,42,texture,0.92,9.18075,banana,food,size,huge,6
metal,42,material,0.97,9.18075,cheese,food,texture,hard,7
brown,42,color,0.46,9.18075,chair,furniture,size,short,8
huge,42,size,0.87,9.18075,desk,furniture,color,yellow,9
big,42,size,0.53,9.18075,fan,furniture,age,fresh,10
plastic,42,material,0.9,9.18075,desk,furniture,shape,round,11
huge,42,size,0.96,9.18075,couch,furniture,texture,smooth,12
blue,42,color,0.06,9.18075,carrot,food,age,fresh,13
new,42,age,0.97,9.18075,apple,food,color,blue,14
plastic,42,material,1,9.18075,fan,furniture,shape,round,15
fresh,42,age,0.96,9.18075,banana,food,size,short,16
tiny,42,size,0.56,9.18075,cheese,food,material,metal,17
small,42,size,0.04,9.18075,tomato,food,shape,round,18
smooth,42,texture,0.97,9.18075,carrot,food,size,big,19
soft,42,texture,0.99,9.18075,couch,furniture,color,blue,20
plastic,42,material,0.5,9.18075,couch,furniture,size,long,21
red,42,color,0.96,9.18075,TV,furniture,size,small,22
big,42,size,0.51,9.18075,couch,furniture,shape,square,23
short,42,size,0.5,9.18075,desk,furniture,material,plastic,24
new,42,age,0.98,9.18075,couch,furniture,texture,soft,25
old,42,age,0.99,9.18075,couch,furniture,size,big,26
round,42,shape,0.09,9.18075,desk,furniture,size,small,27
new,42,age,0.96,9.18075,chair,furniture,size,small,28
yellow,43,color,0,2.5172666666666665,banana,food,size,long,3
fresh,43,age,1,2.5172666666666665,carrot,food,color,purple,4
blue,43,color,0,2.5172666666666665,chair,furniture,texture,hard,5
brown,43,color,0,2.5172666666666665,couch,furniture,size,small,6
soft,43,texture,1,2.5172666666666665,desk,furniture,age,old,7
purple,43,color,0,2.5172666666666665,apple,food,age,fresh,8
wooden,43,material,0,2.5172666666666665,banana,food,size,short,9
square,43,shape,1,2.5172666666666665,carrot,food,color,green,10
rotten,43,age,1,2.5172666666666665,desk,furniture,color,yellow,11
fresh,43,age,1,2.5172666666666665,TV,furniture,size,huge,12
short,43,size,1,2.5172666666666665,fan,furniture,color,green,13
fresh,43,age,1,2.5172666666666665,TV,furniture,material,plastic,14
yellow,43,color,0,2.5172666666666665,chair,furniture,texture,hard,15
new,43,age,1,2.5172666666666665,chair,furniture,color,blue,16
good,43,quality,1,2.5172666666666665,fan,furniture,color,purple,17
round,43,shape,1,2.5172666666666665,carrot,food,material,wooden,18
blue,43,color,0,2.5172666666666665,chair,furniture,age,rotten,19
fresh,43,age,1,2.5172666666666665,banana,food,texture,hard,20
fresh,43,age,1,2.5172666666666665,apple,food,color,brown,21
plastic,43,material,0,2.5172666666666665,couch,furniture,size,big,22
fresh,43,age,1,2.5172666666666665,fan,furniture,color,purple,23
yellow,43,color,0,2.5172666666666665,tomato,food,size,big,24
bad,43,quality,1,2.5172666666666665,carrot,food,color,blue,25
hard,43,texture,1,2.5172666666666665,TV,furniture,size,tiny,26
plastic,43,material,0,2.5172666666666665,desk,furniture,age,rotten,27
fresh,43,age,1,2.5172666666666665,apple,food,texture,smooth,28
square,44,shape,0.07,2.7245833333333334,cheese,food,size,small,3
tiny,44,size,0.94,2.7245833333333334,chair,furniture,color,red,4
brown,44,color,0.92,2.7245833333333334,fan,furniture,texture,smooth,5
small,44,size,0.96,2.7245833333333334,carrot,food,shape,square,6
yellow,44,color,0.08,2.7245833333333334,banana,food,age,new,7
new,44,age,0.91,2.7245833333333334,chair,furniture,color,yellow,8
soft,44,texture,0.92,2.7245833333333334,couch,furniture,size,tiny,9
brown,44,color,0.96,2.7245833333333334,carrot,food,material,wooden,10
new,44,age,0.92,2.7245833333333334,couch,furniture,color,yellow,11
small,44,size,0.93,2.7245833333333334,TV,furniture,shape,round,12
green,44,color,0.93,2.7245833333333334,banana,food,material,wooden,13
short,44,size,0.06,2.7245833333333334,chair,furniture,age,old,14
soft,44,texture,0.95,2.7245833333333334,cheese,food,shape,round,15
huge,44,size,0.92,2.7245833333333334,desk,furniture,color,red,16
hard,44,texture,0.95,2.7245833333333334,banana,food,color,yellow,17
yellow,44,color,0.92,2.7245833333333334,apple,food,age,rotten,18
plastic,44,material,0.09,2.7245833333333334,cheese,food,size,short,19
metal,44,material,0.03,2.7245833333333334,chair,furniture,age,new,20
square,44,shape,0.09,2.7245833333333334,fan,furniture,age,fresh,21
green,44,color,0.05,2.7245833333333334,chair,furniture,texture,hard,22
plastic,44,material,0.06,2.7245833333333334,fan,furniture,color,purple,23
new,44,age,0.95,2.7245833333333334,couch,furniture,size,tiny,24
tiny,44,size,0.94,2.7245833333333334,chair,furniture,age,rotten,25
old,44,age,0.99,2.7245833333333334,couch,furniture,shape,round,26
tiny,44,size,0.06,2.7245833333333334,fan,furniture,color,blue,27
brown,44,color,0.03,2.7245833333333334,apple,food,age,old,28
hard,45,texture,0.11,1.7484,chair,furniture,color,purple,3
short,45,size,0.98,1.7484,cheese,food,quality,good,4
smooth,45,texture,0.89,1.7484,couch,furniture,size,huge,5
green,45,color,0.98,1.7484,chair,furniture,age,fresh,6
metal,45,material,0.13,1.7484,carrot,food,quality,bad,7
purple,45,color,0.89,1.7484,apple,food,material,metal,8
new,45,age,0.83,1.7484,chair,furniture,size,big,9
small,45,size,0.96,1.7484,carrot,food,texture,hard,10
yellow,45,color,0.14,1.7484,fan,furniture,size,long,11
hard,45,texture,0.18,1.7484,carrot,food,size,small,12
metal,45,material,0.83,1.7484,TV,furniture,color,yellow,13
good,45,quality,0.21,1.7484,cheese,food,size,short,14
soft,45,texture,0.77,1.7484,TV,furniture,shape,square,15
smooth,45,texture,0.83,1.7484,chair,furniture,size,short,16
purple,45,color,0.8,1.7484,TV,furniture,size,huge,17
round,45,shape,0.12,1.7484,TV,furniture,size,long,18
huge,45,size,0.87,1.7484,couch,furniture,age,old,19
plastic,45,material,0.15,1.7484,cheese,food,color,purple,20
rotten,45,age,0.81,1.7484,banana,food,material,metal,21
smooth,45,texture,0.82,1.7484,fan,furniture,shape,round,22
plastic,45,material,0.19,1.7484,TV,furniture,age,rotten,23
short,45,size,0.8,1.7484,apple,food,color,blue,24
big,45,size,0.09,1.7484,desk,furniture,age,fresh,25
bad,45,quality,0.8,1.7484,banana,food,texture,soft,26
good,45,quality,0.86,1.7484,apple,food,color,purple,27
soft,45,texture,0.07,1.7484,chair,furniture,shape,round,28
metal,46,material,0.23,3.184833333333333,banana,food,size,short,3
old,46,age,1,3.184833333333333,fan,furniture,color,brown,4
tiny,46,size,0.85,3.184833333333333,desk,furniture,age,fresh,5
soft,46,texture,0.07,3.184833333333333,desk,furniture,size,huge,6
small,46,size,0.98,3.184833333333333,TV,furniture,quality,good,7
rotten,46,age,0.05,3.184833333333333,chair,furniture,size,long,8
square,46,shape,0.17,3.184833333333333,carrot,food,size,small,9
bad,46,quality,0.08,3.184833333333333,carrot,food,color,blue,10
rotten,46,age,0.15,3.184833333333333,carrot,food,size,huge,11
wooden,46,material,0.05,3.184833333333333,tomato,food,size,huge,12
square,46,shape,0.22,3.184833333333333,fan,furniture,texture,soft,13
round,46,shape,0.82,3.184833333333333,chair,furniture,age,new,14
bad,46,quality,0.12,3.184833333333333,couch,furniture,color,red,15
green,46,color,0.17,3.184833333333333,fan,furniture,shape,square,16
round,46,shape,0.88,3.184833333333333,banana,food,size,tiny,17
green,46,color,0.19,3.184833333333333,cheese,food,size,small,18
hard,46,texture,0.9,3.184833333333333,chair,furniture,material,plastic,19
fresh,46,age,0.82,3.184833333333333,desk,furniture,texture,smooth,20
long,46,size,0.85,3.184833333333333,carrot,food,color,brown,21
fresh,46,age,0.86,3.184833333333333,banana,food,color,green,22
square,46,shape,0.84,3.184833333333333,apple,food,color,yellow,23
huge,46,size,0.98,3.184833333333333,tomato,food,material,metal,24
metal,46,material,0.14,3.184833333333333,chair,furniture,color,brown,25
round,46,shape,0.86,3.184833333333333,tomato,food,material,wooden,26
yellow,46,color,0.89,3.184833333333333,chair,furniture,material,metal,27
new,46,age,0.11,3.184833333333333,desk,furniture,quality,good,28
bad,47,quality,0,2.04905,chair,furniture,shape,round,3
fresh,47,age,0,2.04905,apple,food,color,brown,4
long,47,size,1,2.04905,chair,furniture,texture,smooth,5
metal,47,material,1,2.04905,carrot,food,size,long,6
plastic,47,material,0,2.04905,desk,furniture,size,huge,7
rotten,47,age,0,2.04905,apple,food,color,green,8
rotten,47,age,1,2.04905,fan,furniture,material,plastic,9
short,47,size,1,2.04905,tomato,food,texture,smooth,10
fresh,47,age,0,2.04905,desk,furniture,size,big,11
bad,47,quality,0,2.04905,chair,furniture,color,red,12
huge,47,size,1,2.04905,chair,furniture,material,wooden,13
tiny,47,size,0.94,2.04905,chair,furniture,shape,square,14
fresh,47,age,1,2.04905,couch,furniture,material,metal,15
smooth,47,texture,1,2.04905,cheese,food,color,blue,16
long,47,size,0,2.04905,TV,furniture,color,green,17
smooth,47,texture,0,2.04905,fan,furniture,color,purple,18
brown,47,color,0,2.04905,carrot,food,size,huge,19
small,47,size,1,2.04905,chair,furniture,color,green,20
new,47,age,0,2.04905,desk,furniture,texture,soft,21
old,47,age,0,2.04905,fan,furniture,size,tiny,22
long,47,size,1,2.04905,TV,furniture,age,fresh,23
bad,47,quality,1,2.04905,desk,furniture,material,metal,24
red,47,color,0,2.04905,chair,furniture,size,small,25
wooden,47,material,0,2.04905,fan,furniture,texture,smooth,26
green,47,color,0,2.04905,apple,food,size,huge,27
new,47,age,1,2.04905,carrot,food,color,blue,28
purple,48,color,0.04,3.2152333333333334,apple,food,size,small,3
good,48,quality,0.95,3.2152333333333334,desk,furniture,size,short,4
purple,48,color,0.98,3.2152333333333334,desk,furniture,age,old,5
red,48,color,0.02,3.2152333333333334,cheese,food,material,plastic,6
hard,48,texture,0.93,3.2152333333333334,chair,furniture,age,rotten,7
smooth,48,texture,0.05,3.2152333333333334,fan,furniture,age,rotten,8
wooden,48,material,0.05,3.2152333333333334,fan,furniture,texture,smooth,9
tiny,48,size,0.96,3.2152333333333334,cheese,food,color,red,10
smooth,48,texture,0.06,3.2152333333333334,tomato,food,size,big,11
square,48,shape,0.95,3.2152333333333334,tomato,food,age,rotten,12
huge,48,size,0.9,3.2152333333333334,TV,furniture,age,new,13
long,48,size,0.99,3.2152333333333334,cheese,food,age,old,14
small,48,size,0.96,3.2152333333333334,couch,furniture,shape,round,15
rotten,48,age,0.03,3.2152333333333334,desk,furniture,color,brown,16
good,48,quality,0.96,3.2152333333333334,desk,furniture,size,tiny,17
plastic,48,material,0.95,3.2152333333333334,banana,food,size,huge,18
metal,48,material,0.98,3.2152333333333334,banana,food,size,huge,19
soft,48,texture,0.06,3.2152333333333334,fan,furniture,quality,good,20
metal,48,material,0.97,3.2152333333333334,desk,furniture,texture,hard,21
small,48,size,0.95,3.2152333333333334,tomato,food,texture,soft,22
yellow,48,color,0.03,3.2152333333333334,carrot,food,shape,square,23
wooden,48,material,0.04,3.2152333333333334,desk,furniture,color,green,24
short,48,size,0.99,3.2152333333333334,cheese,food,texture,soft,25
plastic,48,material,0.96,3.2152333333333334,couch,furniture,age,fresh,26
square,48,shape,0.99,3.2152333333333334,desk,furniture,age,rotten,27
smooth,48,texture,0.04,3.2152333333333334,chair,furniture,age,rotten,28
good,49,quality,0.25,4.079166666666667,chair,furniture,material,plastic,3
huge,49,size,0.82,4.079166666666667,chair,furniture,material,wooden,4
tiny,49,size,0.81,4.079166666666667,banana,food,color,purple,5
long,49,size,0.76,4.079166666666667,TV,furniture,color,red,6
plastic,49,material,0.2,4.079166666666667,TV,furniture,age,rotten,7
square,49,shape,0.17,4.079166666666667,carrot,food,age,fresh,8
good,49,quality,0.47,4.079166666666667,fan,furniture,material,plastic,9
square,49,shape,0.19,4.079166666666667,couch,furniture,color,yellow,10
round,49,shape,0.72,4.079166666666667,carrot,food,color,brown,11
round,49,shape,0.8,4.079166666666667,chair,furniture,size,tiny,12
new,49,age,0.78,4.079166666666667,chair,furniture,color,brown,13
soft,49,texture,0.66,4.079166666666667,apple,food,size,tiny,14
old,49,age,0.84,4.079166666666667,carrot,food,material,metal,15
hard,49,texture,0.12,4.079166666666667,TV,furniture,size,tiny,16
big,49,size,0.78,4.079166666666667,TV,furniture,texture,smooth,17
fresh,49,age,0.74,4.079166666666667,chair,furniture,color,brown,18
round,49,shape,0.79,4.079166666666667,desk,furniture,color,red,19
soft,49,texture,0.72,4.079166666666667,apple,food,material,wooden,20
small,49,size,0.79,4.079166666666667,TV,furniture,texture,smooth,21
huge,49,size,0.78,4.079166666666667,banana,food,material,plastic,22
huge,49,size,0.8,4.079166666666667,banana,food,age,fresh,23
square,49,shape,0.78,4.079166666666667,desk,furniture,material,wooden,24
wooden,49,material,0.15,4.079166666666667,couch,furniture,size,tiny,25
huge,49,size,0.5,4.079166666666667,cheese,food,texture,soft,26
tiny,49,size,0.73,4.079166666666667,banana,food,texture,smooth,27
green,49,color,0.74,4.079166666666667,banana,food,material,plastic,28
