"","X","class","firstutterance","noun","nounclass","predicate","response","slide_number","language","age","gender","Browser","OS","screenH","screenW","time_in_minutes","participant_id","assess"
"30",0,"color","negative","cheese","food","blue",0.01,3,"עברית","22","Female","Chrome","Windows",720,1280,12.3403666666667,2,"Yes"
"31",1,"size","positive","couch","furniture","big",0.97,4,"עברית","22","Female","Chrome","Windows",720,1280,12.3403666666667,2,"Yes"
"32",2,"shape","positive","banana","food","square",0.02,5,"עברית","22","Female","Chrome","Windows",720,1280,12.3403666666667,2,"Yes"
"33",3,"size","negative","desk","furniture","tiny",0.97,6,"עברית","22","Female","Chrome","Windows",720,1280,12.3403666666667,2,"Yes"
"34",4,"quality","negative","desk","furniture","bad",1,7,"עברית","22","Female","Chrome","Windows",720,1280,12.3403666666667,2,"Yes"
"35",5,"size","negative","tomato","food","long",0.72,8,"עברית","22","Female","Chrome","Windows",720,1280,12.3403666666667,2,"Yes"
"36",6,"texture","positive","carrot","food","soft",0.63,9,"עברית","22","Female","Chrome","Windows",720,1280,12.3403666666667,2,"Yes"
"37",7,"size","negative","fan","furniture","small",0.99,10,"עברית","22","Female","Chrome","Windows",720,1280,12.3403666666667,2,"Yes"
"38",8,"texture","negative","carrot","food","smooth",0.23,11,"עברית","22","Female","Chrome","Windows",720,1280,12.3403666666667,2,"Yes"
"39",9,"nationality","negative","couch","furniture","American",0.03,12,"עברית","22","Female","Chrome","Windows",720,1280,12.3403666666667,2,"Yes"
"40",10,"shape","negative","apple","food","round",0.51,13,"עברית","22","Female","Chrome","Windows",720,1280,12.3403666666667,2,"Yes"
"41",11,"color","negative","banana","food","brown",0.26,14,"עברית","22","Female","Chrome","Windows",720,1280,12.3403666666667,2,"Yes"
"42",12,"age","positive","tomato","food","fresh",0.27,15,"עברית","22","Female","Chrome","Windows",720,1280,12.3403666666667,2,"Yes"
"43",13,"color","negative","fan","furniture","red",0.02,16,"עברית","22","Female","Chrome","Windows",720,1280,12.3403666666667,2,"Yes"
"44",14,"size","negative","banana","food","short",0.77,17,"עברית","22","Female","Chrome","Windows",720,1280,12.3403666666667,2,"Yes"
"45",15,"texture","positive","apple","food","hard",0.73,18,"עברית","22","Female","Chrome","Windows",720,1280,12.3403666666667,2,"Yes"
"46",16,"nationality","positive","desk","furniture","French",0.05,19,"עברית","22","Female","Chrome","Windows",720,1280,12.3403666666667,2,"Yes"
"47",17,"age","positive","fan","furniture","new",0.85,20,"עברית","22","Female","Chrome","Windows",720,1280,12.3403666666667,2,"Yes"
"48",18,"color","negative","fan","furniture","green",0,21,"עברית","22","Female","Chrome","Windows",720,1280,12.3403666666667,2,"Yes"
"49",19,"size","negative","TV","furniture","huge",0.87,22,"עברית","22","Female","Chrome","Windows",720,1280,12.3403666666667,2,"Yes"
"50",20,"color","positive","cheese","food","purple",0.01,23,"עברית","22","Female","Chrome","Windows",720,1280,12.3403666666667,2,"Yes"
"51",21,"age","negative","fan","furniture","old",0.84,24,"עברית","22","Female","Chrome","Windows",720,1280,12.3403666666667,2,"Yes"
"52",22,"quality","negative","cheese","food","good",0.91,25,"עברית","22","Female","Chrome","Windows",720,1280,12.3403666666667,2,"Yes"
"53",23,"color","positive","couch","furniture","yellow",0.1,26,"עברית","22","Female","Chrome","Windows",720,1280,12.3403666666667,2,"Yes"
"54",24,"nationality","negative","cheese","food","Spanish",0,27,"עברית","22","Female","Chrome","Windows",720,1280,12.3403666666667,2,"Yes"
"55",25,"age","negative","tomato","food","rotten",0.32,28,"עברית","22","Female","Chrome","Windows",720,1280,12.3403666666667,2,"Yes"
"56",26,"pattern","positive","fan","furniture","checkered",0.29,29,"עברית","22","Female","Chrome","Windows",720,1280,12.3403666666667,2,"Yes"
"57",27,"pattern","positive","couch","furniture","striped",0.31,30,"עברית","22","Female","Chrome","Windows",720,1280,12.3403666666667,2,"Yes"
"58",28,"pattern","positive","banana","food","dotted",0.08,31,"עברית","22","Female","Chrome","Windows",720,1280,12.3403666666667,2,"Yes"
"59",0,"texture","negative","TV","furniture","smooth",0.14,3,"עברית","28","Female","Chrome","Windows",720,1280,36.8573833333333,3,"Yes"
"60",1,"quality","negative","chair","furniture","good",0.88,4,"עברית","28","Female","Chrome","Windows",720,1280,36.8573833333333,3,"Yes"
"61",2,"color","positive","apple","food","red",0.14,5,"עברית","28","Female","Chrome","Windows",720,1280,36.8573833333333,3,"Yes"
"62",3,"size","negative","TV","furniture","short",0.55,6,"עברית","28","Female","Chrome","Windows",720,1280,36.8573833333333,3,"Yes"
"63",4,"color","positive","carrot","food","purple",0.37,7,"עברית","28","Female","Chrome","Windows",720,1280,36.8573833333333,3,"Yes"
"64",5,"size","positive","TV","furniture","huge",0.65,8,"עברית","28","Female","Chrome","Windows",720,1280,36.8573833333333,3,"Yes"
"65",6,"shape","positive","couch","furniture","round",0.27,9,"עברית","28","Female","Chrome","Windows",720,1280,36.8573833333333,3,"Yes"
"66",7,"nationality","negative","cheese","food","American",0,10,"עברית","28","Female","Chrome","Windows",720,1280,36.8573833333333,3,"Yes"
"67",8,"nationality","negative","carrot","food","French",0,11,"עברית","28","Female","Chrome","Windows",720,1280,36.8573833333333,3,"Yes"
"68",9,"size","positive","chair","furniture","big",1,12,"עברית","28","Female","Chrome","Windows",720,1280,36.8573833333333,3,"Yes"
"69",10,"age","positive","TV","furniture","fresh",0.53,13,"עברית","28","Female","Chrome","Windows",720,1280,36.8573833333333,3,"Yes"
"70",11,"shape","positive","cheese","food","square",0.1,14,"עברית","28","Female","Chrome","Windows",720,1280,36.8573833333333,3,"Yes"
"71",12,"nationality","negative","tomato","food","Spanish",0,15,"עברית","28","Female","Chrome","Windows",720,1280,36.8573833333333,3,"Yes"
"72",13,"quality","negative","TV","furniture","bad",1,16,"עברית","28","Female","Chrome","Windows",720,1280,36.8573833333333,3,"Yes"
"73",14,"size","negative","banana","food","long",0.82,17,"עברית","28","Female","Chrome","Windows",720,1280,36.8573833333333,3,"Yes"
"74",15,"age","positive","chair","furniture","old",0.73,18,"עברית","28","Female","Chrome","Windows",720,1280,36.8573833333333,3,"Yes"
"75",16,"texture","positive","apple","food","hard",0.42,19,"עברית","28","Female","Chrome","Windows",720,1280,36.8573833333333,3,"Yes"
"76",17,"color","negative","fan","furniture","brown",0.24,20,"עברית","28","Female","Chrome","Windows",720,1280,36.8573833333333,3,"Yes"
"77",18,"age","positive","apple","food","new",0.56,21,"עברית","28","Female","Chrome","Windows",720,1280,36.8573833333333,3,"Yes"
"78",19,"color","negative","couch","furniture","green",0.63,22,"עברית","28","Female","Chrome","Windows",720,1280,36.8573833333333,3,"Yes"
"79",20,"size","negative","apple","food","tiny",0.54,23,"עברית","28","Female","Chrome","Windows",720,1280,36.8573833333333,3,"Yes"
"80",21,"age","positive","fan","furniture","rotten",0.51,24,"עברית","28","Female","Chrome","Windows",720,1280,36.8573833333333,3,"Yes"
"81",22,"size","negative","couch","furniture","small",0.89,25,"עברית","28","Female","Chrome","Windows",720,1280,36.8573833333333,3,"Yes"
"82",23,"color","positive","desk","furniture","blue",0.6,26,"עברית","28","Female","Chrome","Windows",720,1280,36.8573833333333,3,"Yes"
"83",24,"color","positive","cheese","food","yellow",0.03,27,"עברית","28","Female","Chrome","Windows",720,1280,36.8573833333333,3,"Yes"
"84",25,"texture","negative","carrot","food","soft",0.28,28,"עברית","28","Female","Chrome","Windows",720,1280,36.8573833333333,3,"Yes"
"85",26,"pattern","negative","TV","furniture","dotted",0.29,29,"עברית","28","Female","Chrome","Windows",720,1280,36.8573833333333,3,"Yes"
"86",27,"pattern","positive","cheese","food","striped",0.12,30,"עברית","28","Female","Chrome","Windows",720,1280,36.8573833333333,3,"Yes"
"87",28,"pattern","positive","cheese","food","checkered",0.14,31,"עברית","28","Female","Chrome","Windows",720,1280,36.8573833333333,3,"Yes"
"88",0,"age","negative","TV","furniture","rotten",0,3,"עברית","23","Female","Chrome","Windows",720,1280,3.9971,4,"Yes"
"89",1,"quality","positive","carrot","food","good",0.01,4,"עברית","23","Female","Chrome","Windows",720,1280,3.9971,4,"Yes"
"90",2,"quality","positive","cheese","food","bad",1,5,"עברית","23","Female","Chrome","Windows",720,1280,3.9971,4,"Yes"
"91",3,"texture","negative","TV","furniture","soft",1,6,"עברית","23","Female","Chrome","Windows",720,1280,3.9971,4,"Yes"
"92",4,"texture","positive","couch","furniture","hard",0.98,7,"עברית","23","Female","Chrome","Windows",720,1280,3.9971,4,"Yes"
"93",5,"nationality","negative","couch","furniture","American",0.04,8,"עברית","23","Female","Chrome","Windows",720,1280,3.9971,4,"Yes"
"94",6,"size","negative","desk","furniture","tiny",1,9,"עברית","23","Female","Chrome","Windows",720,1280,3.9971,4,"Yes"
"95",7,"size","positive","couch","furniture","big",0.96,10,"עברית","23","Female","Chrome","Windows",720,1280,3.9971,4,"Yes"
"96",8,"size","negative","tomato","food","long",0.99,11,"עברית","23","Female","Chrome","Windows",720,1280,3.9971,4,"Yes"
"97",9,"nationality","positive","chair","furniture","French",0.04,12,"עברית","23","Female","Chrome","Windows",720,1280,3.9971,4,"Yes"
"98",10,"texture","negative","chair","furniture","smooth",0.75,13,"עברית","23","Female","Chrome","Windows",720,1280,3.9971,4,"Yes"
"99",11,"color","negative","chair","furniture","purple",0.03,14,"עברית","23","Female","Chrome","Windows",720,1280,3.9971,4,"Yes"
"100",12,"size","negative","TV","furniture","huge",1,15,"עברית","23","Female","Chrome","Windows",720,1280,3.9971,4,"Yes"
"101",13,"nationality","positive","fan","furniture","Spanish",0.02,16,"עברית","23","Female","Chrome","Windows",720,1280,3.9971,4,"Yes"
"102",14,"size","positive","tomato","food","small",0.98,17,"עברית","23","Female","Chrome","Windows",720,1280,3.9971,4,"Yes"
"103",15,"shape","positive","desk","furniture","square",0.02,18,"עברית","23","Female","Chrome","Windows",720,1280,3.9971,4,"Yes"
"104",16,"shape","negative","tomato","food","round",0.04,19,"עברית","23","Female","Chrome","Windows",720,1280,3.9971,4,"Yes"
"105",17,"age","negative","chair","furniture","old",0.47,20,"עברית","23","Female","Chrome","Windows",720,1280,3.9971,4,"Yes"
"106",18,"color","negative","tomato","food","blue",0.05,21,"עברית","23","Female","Chrome","Windows",720,1280,3.9971,4,"Yes"
"107",19,"color","negative","banana","food","brown",0.04,22,"עברית","23","Female","Chrome","Windows",720,1280,3.9971,4,"Yes"
"108",20,"color","positive","tomato","food","green",0.02,23,"עברית","23","Female","Chrome","Windows",720,1280,3.9971,4,"Yes"
"109",21,"color","positive","banana","food","yellow",0.0600000000000001,24,"עברית","23","Female","Chrome","Windows",720,1280,3.9971,4,"Yes"
"110",22,"age","negative","TV","furniture","new",0.22,25,"עברית","23","Female","Chrome","Windows",720,1280,3.9971,4,"Yes"
"111",23,"size","negative","desk","furniture","short",0.03,26,"עברית","23","Female","Chrome","Windows",720,1280,3.9971,4,"Yes"
"112",24,"age","negative","banana","food","fresh",0.0600000000000001,27,"עברית","23","Female","Chrome","Windows",720,1280,3.9971,4,"Yes"
"113",25,"color","positive","desk","furniture","red",0.05,28,"עברית","23","Female","Chrome","Windows",720,1280,3.9971,4,"Yes"
"114",26,"pattern","positive","carrot","food","checkered",0.05,29,"עברית","23","Female","Chrome","Windows",720,1280,3.9971,4,"Yes"
"115",27,"pattern","positive","couch","furniture","dotted",0.0600000000000001,30,"עברית","23","Female","Chrome","Windows",720,1280,3.9971,4,"Yes"
"116",28,"pattern","positive","fan","furniture","striped",0.03,31,"עברית","23","Female","Chrome","Windows",720,1280,3.9971,4,"Yes"
"146",0,"color","negative","apple","food","yellow",0.63,3,"עברית","37","Male","Chrome","Windows",720,1280,36.5879333333333,6,"Yes"
"147",1,"size","negative","carrot","food","big",0.79,4,"עברית","37","Male","Chrome","Windows",720,1280,36.5879333333333,6,"Yes"
"148",2,"age","positive","fan","furniture","rotten",0.25,5,"עברית","37","Male","Chrome","Windows",720,1280,36.5879333333333,6,"Yes"
"149",3,"size","positive","TV","furniture","huge",0.98,6,"עברית","37","Male","Chrome","Windows",720,1280,36.5879333333333,6,"Yes"
"150",4,"color","negative","desk","furniture","purple",0.53,7,"עברית","37","Male","Chrome","Windows",720,1280,36.5879333333333,6,"Yes"
"151",5,"size","positive","tomato","food","short",1,8,"עברית","37","Male","Chrome","Windows",720,1280,36.5879333333333,6,"Yes"
"152",6,"age","negative","desk","furniture","old",0.55,9,"עברית","37","Male","Chrome","Windows",720,1280,36.5879333333333,6,"Yes"
"153",7,"color","positive","banana","food","green",0.1,10,"עברית","37","Male","Chrome","Windows",720,1280,36.5879333333333,6,"Yes"
"154",8,"age","negative","cheese","food","new",0.1,11,"עברית","37","Male","Chrome","Windows",720,1280,36.5879333333333,6,"Yes"
"155",9,"size","negative","desk","furniture","tiny",0.74,12,"עברית","37","Male","Chrome","Windows",720,1280,36.5879333333333,6,"Yes"
"156",10,"size","negative","apple","food","long",0.98,13,"עברית","37","Male","Chrome","Windows",720,1280,36.5879333333333,6,"Yes"
"157",11,"texture","negative","chair","furniture","hard",0.62,14,"עברית","37","Male","Chrome","Windows",720,1280,36.5879333333333,6,"Yes"
"158",12,"nationality","negative","TV","furniture","French",0.02,15,"עברית","37","Male","Chrome","Windows",720,1280,36.5879333333333,6,"Yes"
"159",13,"texture","negative","couch","furniture","soft",0.62,16,"עברית","37","Male","Chrome","Windows",720,1280,36.5879333333333,6,"Yes"
"160",14,"nationality","positive","fan","furniture","American",0.05,17,"עברית","37","Male","Chrome","Windows",720,1280,36.5879333333333,6,"Yes"
"161",15,"color","positive","apple","food","blue",0.6,18,"עברית","37","Male","Chrome","Windows",720,1280,36.5879333333333,6,"Yes"
"162",16,"quality","positive","banana","food","good",0.78,19,"עברית","37","Male","Chrome","Windows",720,1280,36.5879333333333,6,"Yes"
"163",17,"color","positive","TV","furniture","red",0.03,20,"עברית","37","Male","Chrome","Windows",720,1280,36.5879333333333,6,"Yes"
"164",18,"quality","negative","banana","food","bad",0.91,21,"עברית","37","Male","Chrome","Windows",720,1280,36.5879333333333,6,"Yes"
"165",19,"texture","positive","banana","food","smooth",0.68,22,"עברית","37","Male","Chrome","Windows",720,1280,36.5879333333333,6,"Yes"
"166",20,"shape","positive","tomato","food","square",0.02,23,"עברית","37","Male","Chrome","Windows",720,1280,36.5879333333333,6,"Yes"
"167",21,"color","positive","TV","furniture","brown",0.31,24,"עברית","37","Male","Chrome","Windows",720,1280,36.5879333333333,6,"Yes"
"168",22,"nationality","negative","tomato","food","Spanish",0.01,25,"עברית","37","Male","Chrome","Windows",720,1280,36.5879333333333,6,"Yes"
"169",23,"size","positive","tomato","food","small",0.54,26,"עברית","37","Male","Chrome","Windows",720,1280,36.5879333333333,6,"Yes"
"170",24,"shape","negative","TV","furniture","round",0.24,27,"עברית","37","Male","Chrome","Windows",720,1280,36.5879333333333,6,"Yes"
"171",25,"age","positive","desk","furniture","fresh",0.97,28,"עברית","37","Male","Chrome","Windows",720,1280,36.5879333333333,6,"Yes"
"172",26,"pattern","negative","tomato","food","dotted",0.1,29,"עברית","37","Male","Chrome","Windows",720,1280,36.5879333333333,6,"Yes"
"173",27,"pattern","negative","desk","furniture","checkered",0.01,30,"עברית","37","Male","Chrome","Windows",720,1280,36.5879333333333,6,"Yes"
"174",28,"pattern","negative","carrot","food","striped",0.26,31,"עברית","37","Male","Chrome","Windows",720,1280,36.5879333333333,6,"Yes"
"175",0,"age","positive","tomato","food","fresh",0.5,3,"עברית","24","Male","Chrome","Windows",720,1280,21.0129166666667,7,"Yes"
"176",1,"color","positive","cheese","food","green",0,4,"עברית","24","Male","Chrome","Windows",720,1280,21.0129166666667,7,"Yes"
"177",2,"shape","negative","TV","furniture","round",0,5,"עברית","24","Male","Chrome","Windows",720,1280,21.0129166666667,7,"Yes"
"178",3,"size","positive","banana","food","huge",1,6,"עברית","24","Male","Chrome","Windows",720,1280,21.0129166666667,7,"Yes"
"179",4,"size","positive","apple","food","short",0.95,7,"עברית","24","Male","Chrome","Windows",720,1280,21.0129166666667,7,"Yes"
"180",5,"texture","positive","chair","furniture","smooth",0.62,8,"עברית","24","Male","Chrome","Windows",720,1280,21.0129166666667,7,"Yes"
"181",6,"size","positive","fan","furniture","big",0.41,9,"עברית","24","Male","Chrome","Windows",720,1280,21.0129166666667,7,"Yes"
"182",7,"color","positive","banana","food","brown",0.16,10,"עברית","24","Male","Chrome","Windows",720,1280,21.0129166666667,7,"Yes"
"183",8,"nationality","positive","couch","furniture","French",0.03,11,"עברית","24","Male","Chrome","Windows",720,1280,21.0129166666667,7,"Yes"
"184",9,"color","positive","banana","food","blue",0,12,"עברית","24","Male","Chrome","Windows",720,1280,21.0129166666667,7,"Yes"
"185",10,"age","positive","couch","furniture","old",0.76,13,"עברית","24","Male","Chrome","Windows",720,1280,21.0129166666667,7,"Yes"
"186",11,"age","positive","TV","furniture","rotten",0,14,"עברית","24","Male","Chrome","Windows",720,1280,21.0129166666667,7,"Yes"
"187",12,"color","negative","desk","furniture","yellow",0.2,15,"עברית","24","Male","Chrome","Windows",720,1280,21.0129166666667,7,"Yes"
"188",13,"nationality","positive","banana","food","American",0,16,"עברית","24","Male","Chrome","Windows",720,1280,21.0129166666667,7,"Yes"
"189",14,"color","negative","cheese","food","purple",0.61,17,"עברית","24","Male","Chrome","Windows",720,1280,21.0129166666667,7,"Yes"
"190",15,"quality","positive","fan","furniture","bad",1,18,"עברית","24","Male","Chrome","Windows",720,1280,21.0129166666667,7,"Yes"
"191",16,"size","positive","chair","furniture","long",0.48,19,"עברית","24","Male","Chrome","Windows",720,1280,21.0129166666667,7,"Yes"
"192",17,"quality","positive","cheese","food","good",1,20,"עברית","24","Male","Chrome","Windows",720,1280,21.0129166666667,7,"Yes"
"193",18,"nationality","positive","tomato","food","Spanish",0,21,"עברית","24","Male","Chrome","Windows",720,1280,21.0129166666667,7,"Yes"
"194",19,"texture","positive","tomato","food","hard",0.68,22,"עברית","24","Male","Chrome","Windows",720,1280,21.0129166666667,7,"Yes"
"195",20,"size","positive","tomato","food","tiny",0.74,23,"עברית","24","Male","Chrome","Windows",720,1280,21.0129166666667,7,"Yes"
"196",21,"texture","positive","couch","furniture","soft",0.96,24,"עברית","24","Male","Chrome","Windows",720,1280,21.0129166666667,7,"Yes"
"197",22,"color","negative","fan","furniture","red",0,25,"עברית","24","Male","Chrome","Windows",720,1280,21.0129166666667,7,"Yes"
"198",23,"shape","negative","fan","furniture","square",0,26,"עברית","24","Male","Chrome","Windows",720,1280,21.0129166666667,7,"Yes"
"199",24,"size","positive","tomato","food","small",0.78,27,"עברית","24","Male","Chrome","Windows",720,1280,21.0129166666667,7,"Yes"
"200",25,"age","negative","chair","furniture","new",0.49,28,"עברית","24","Male","Chrome","Windows",720,1280,21.0129166666667,7,"Yes"
"201",26,"pattern","negative","tomato","food","dotted",0,29,"עברית","24","Male","Chrome","Windows",720,1280,21.0129166666667,7,"Yes"
"202",27,"pattern","negative","tomato","food","checkered",0,30,"עברית","24","Male","Chrome","Windows",720,1280,21.0129166666667,7,"Yes"
"203",28,"pattern","positive","couch","furniture","striped",0,31,"עברית","24","Male","Chrome","Windows",720,1280,21.0129166666667,7,"Yes"
"204",0,"nationality","positive","chair","furniture","French",0.0600000000000001,3,"עברית","31","Male","Chrome","Windows",720,1280,12.8603666666667,8,"Yes"
"205",1,"nationality","positive","desk","furniture","American",0.03,4,"עברית","31","Male","Chrome","Windows",720,1280,12.8603666666667,8,"Yes"
"206",2,"size","negative","chair","furniture","big",0.04,5,"עברית","31","Male","Chrome","Windows",720,1280,12.8603666666667,8,"Yes"
"207",3,"size","positive","apple","food","long",0.03,6,"עברית","31","Male","Chrome","Windows",720,1280,12.8603666666667,8,"Yes"
"208",4,"texture","negative","TV","furniture","soft",0.04,7,"עברית","31","Male","Chrome","Windows",720,1280,12.8603666666667,8,"Yes"
"209",5,"color","positive","cheese","food","green",0.05,8,"עברית","31","Male","Chrome","Windows",720,1280,12.8603666666667,8,"Yes"
"210",6,"size","negative","banana","food","small",0.22,9,"עברית","31","Male","Chrome","Windows",720,1280,12.8603666666667,8,"Yes"
"211",7,"age","negative","apple","food","new",0.98,10,"עברית","31","Male","Chrome","Windows",720,1280,12.8603666666667,8,"Yes"
"212",8,"nationality","positive","carrot","food","Spanish",0.54,11,"עברית","31","Male","Chrome","Windows",720,1280,12.8603666666667,8,"Yes"
"213",9,"age","positive","carrot","food","old",0.96,12,"עברית","31","Male","Chrome","Windows",720,1280,12.8603666666667,8,"Yes"
"214",10,"quality","positive","apple","food","good",0.84,13,"עברית","31","Male","Chrome","Windows",720,1280,12.8603666666667,8,"Yes"
"215",11,"size","negative","couch","furniture","huge",0.69,14,"עברית","31","Male","Chrome","Windows",720,1280,12.8603666666667,8,"Yes"
"216",12,"quality","positive","tomato","food","bad",0.97,15,"עברית","31","Male","Chrome","Windows",720,1280,12.8603666666667,8,"Yes"
"217",13,"color","negative","chair","furniture","yellow",0.01,16,"עברית","31","Male","Chrome","Windows",720,1280,12.8603666666667,8,"Yes"
"218",14,"size","positive","carrot","food","tiny",0.97,17,"עברית","31","Male","Chrome","Windows",720,1280,12.8603666666667,8,"Yes"
"219",15,"age","positive","tomato","food","fresh",0.94,18,"עברית","31","Male","Chrome","Windows",720,1280,12.8603666666667,8,"Yes"
"220",16,"shape","positive","fan","furniture","round",0.02,19,"עברית","31","Male","Chrome","Windows",720,1280,12.8603666666667,8,"Yes"
"221",17,"texture","negative","tomato","food","hard",0.98,20,"עברית","31","Male","Chrome","Windows",720,1280,12.8603666666667,8,"Yes"
"222",18,"color","positive","chair","furniture","brown",0.04,21,"עברית","31","Male","Chrome","Windows",720,1280,12.8603666666667,8,"Yes"
"223",19,"size","negative","cheese","food","short",0.63,22,"עברית","31","Male","Chrome","Windows",720,1280,12.8603666666667,8,"Yes"
"224",20,"color","negative","TV","furniture","blue",0.08,23,"עברית","31","Male","Chrome","Windows",720,1280,12.8603666666667,8,"Yes"
"225",21,"age","negative","cheese","food","rotten",0.94,24,"עברית","31","Male","Chrome","Windows",720,1280,12.8603666666667,8,"Yes"
"226",22,"color","negative","couch","furniture","purple",0.0600000000000001,25,"עברית","31","Male","Chrome","Windows",720,1280,12.8603666666667,8,"Yes"
"227",23,"color","negative","banana","food","red",0.83,26,"עברית","31","Male","Chrome","Windows",720,1280,12.8603666666667,8,"Yes"
"228",24,"texture","negative","cheese","food","smooth",0.68,27,"עברית","31","Male","Chrome","Windows",720,1280,12.8603666666667,8,"Yes"
"229",25,"shape","positive","desk","furniture","square",0.07,28,"עברית","31","Male","Chrome","Windows",720,1280,12.8603666666667,8,"Yes"
"230",26,"pattern","negative","apple","food","dotted",0.04,29,"עברית","31","Male","Chrome","Windows",720,1280,12.8603666666667,8,"Yes"
"231",27,"pattern","positive","banana","food","checkered",0.03,30,"עברית","31","Male","Chrome","Windows",720,1280,12.8603666666667,8,"Yes"
"232",28,"pattern","negative","chair","furniture","striped",0.03,31,"עברית","31","Male","Chrome","Windows",720,1280,12.8603666666667,8,"Yes"
"233",0,"size","negative","cheese","food","long",0,3,"עברית","25","Female","Chrome","Windows",720,1280,3.3571,9,"Yes"
"234",1,"age","positive","apple","food","rotten",0,4,"עברית","25","Female","Chrome","Windows",720,1280,3.3571,9,"Yes"
"235",2,"color","negative","banana","food","yellow",0.21,5,"עברית","25","Female","Chrome","Windows",720,1280,3.3571,9,"Yes"
"236",3,"quality","positive","desk","furniture","bad",1,6,"עברית","25","Female","Chrome","Windows",720,1280,3.3571,9,"Yes"
"237",4,"size","positive","fan","furniture","tiny",0.99,7,"עברית","25","Female","Chrome","Windows",720,1280,3.3571,9,"Yes"
"238",5,"age","negative","chair","furniture","old",0.69,8,"עברית","25","Female","Chrome","Windows",720,1280,3.3571,9,"Yes"
"239",6,"texture","positive","tomato","food","soft",0,9,"עברית","25","Female","Chrome","Windows",720,1280,3.3571,9,"Yes"
"240",7,"size","negative","chair","furniture","short",0,10,"עברית","25","Female","Chrome","Windows",720,1280,3.3571,9,"Yes"
"241",8,"texture","negative","tomato","food","smooth",0,11,"עברית","25","Female","Chrome","Windows",720,1280,3.3571,9,"Yes"
"242",9,"texture","positive","banana","food","hard",0,12,"עברית","25","Female","Chrome","Windows",720,1280,3.3571,9,"Yes"
"243",10,"nationality","positive","couch","furniture","American",0,13,"עברית","25","Female","Chrome","Windows",720,1280,3.3571,9,"Yes"
"244",11,"nationality","negative","chair","furniture","French",0,14,"עברית","25","Female","Chrome","Windows",720,1280,3.3571,9,"Yes"
"245",12,"shape","positive","apple","food","square",0,15,"עברית","25","Female","Chrome","Windows",720,1280,3.3571,9,"Yes"
"246",13,"color","negative","apple","food","green",0.23,16,"עברית","25","Female","Chrome","Windows",720,1280,3.3571,9,"Yes"
"247",14,"color","negative","cheese","food","red",0,17,"עברית","25","Female","Chrome","Windows",720,1280,3.3571,9,"Yes"
"248",15,"shape","negative","desk","furniture","round",0,18,"עברית","25","Female","Chrome","Windows",720,1280,3.3571,9,"Yes"
"249",16,"color","negative","couch","furniture","brown",0.27,19,"עברית","25","Female","Chrome","Windows",720,1280,3.3571,9,"Yes"
"250",17,"quality","negative","tomato","food","good",1,20,"עברית","25","Female","Chrome","Windows",720,1280,3.3571,9,"Yes"
"251",18,"size","positive","TV","furniture","small",0.71,21,"עברית","25","Female","Chrome","Windows",720,1280,3.3571,9,"Yes"
"252",19,"nationality","negative","carrot","food","Spanish",0.01,22,"עברית","25","Female","Chrome","Windows",720,1280,3.3571,9,"Yes"
"253",20,"color","negative","tomato","food","purple",0.18,23,"עברית","25","Female","Chrome","Windows",720,1280,3.3571,9,"Yes"
"254",21,"age","negative","cheese","food","fresh",0.61,24,"עברית","25","Female","Chrome","Windows",720,1280,3.3571,9,"Yes"
"255",22,"size","negative","TV","furniture","huge",0.99,25,"עברית","25","Female","Chrome","Windows",720,1280,3.3571,9,"Yes"
"256",23,"color","negative","couch","furniture","blue",0.21,26,"עברית","25","Female","Chrome","Windows",720,1280,3.3571,9,"Yes"
"257",24,"size","positive","banana","food","big",0.2,27,"עברית","25","Female","Chrome","Windows",720,1280,3.3571,9,"Yes"
"258",25,"age","negative","tomato","food","new",0.03,28,"עברית","25","Female","Chrome","Windows",720,1280,3.3571,9,"Yes"
"259",26,"pattern","positive","banana","food","striped",0.38,29,"עברית","25","Female","Chrome","Windows",720,1280,3.3571,9,"Yes"
"260",27,"pattern","negative","fan","furniture","checkered",0.01,30,"עברית","25","Female","Chrome","Windows",720,1280,3.3571,9,"Yes"
"261",28,"pattern","negative","apple","food","dotted",0.04,31,"עברית","25","Female","Chrome","Windows",720,1280,3.3571,9,"Yes"
"262",0,"age","positive","banana","food","old",0.02,3,"עברית","22","Male","Safari","iPhone/iPod",568,320,2.28085,10,"Yes"
"263",1,"age","negative","carrot","food","new",0.02,4,"עברית","22","Male","Safari","iPhone/iPod",568,320,2.28085,10,"Yes"
"264",2,"size","positive","couch","furniture","huge",0.01,5,"עברית","22","Male","Safari","iPhone/iPod",568,320,2.28085,10,"Yes"
"265",3,"size","positive","TV","furniture","small",0.01,6,"עברית","22","Male","Safari","iPhone/iPod",568,320,2.28085,10,"Yes"
"266",4,"texture","negative","chair","furniture","smooth",0.02,7,"עברית","22","Male","Safari","iPhone/iPod",568,320,2.28085,10,"Yes"
"267",5,"color","negative","fan","furniture","purple",0.05,8,"עברית","22","Male","Safari","iPhone/iPod",568,320,2.28085,10,"Yes"
"268",6,"size","positive","desk","furniture","short",0.03,9,"עברית","22","Male","Safari","iPhone/iPod",568,320,2.28085,10,"Yes"
"269",7,"size","positive","chair","furniture","big",0.01,10,"עברית","22","Male","Safari","iPhone/iPod",568,320,2.28085,10,"Yes"
"270",8,"texture","negative","fan","furniture","hard",0.05,11,"עברית","22","Male","Safari","iPhone/iPod",568,320,2.28085,10,"Yes"
"271",9,"shape","negative","carrot","food","round",0.08,12,"עברית","22","Male","Safari","iPhone/iPod",568,320,2.28085,10,"Yes"
"272",10,"age","negative","cheese","food","rotten",0.0600000000000001,13,"עברית","22","Male","Safari","iPhone/iPod",568,320,2.28085,10,"Yes"
"273",11,"age","positive","tomato","food","fresh",0.03,14,"עברית","22","Male","Safari","iPhone/iPod",568,320,2.28085,10,"Yes"
"274",12,"nationality","positive","apple","food","American",0.09,15,"עברית","22","Male","Safari","iPhone/iPod",568,320,2.28085,10,"Yes"
"275",13,"quality","positive","chair","furniture","good",0.96,16,"עברית","22","Male","Safari","iPhone/iPod",568,320,2.28085,10,"Yes"
"276",14,"shape","positive","cheese","food","square",0.07,17,"עברית","22","Male","Safari","iPhone/iPod",568,320,2.28085,10,"Yes"
"277",15,"color","negative","couch","furniture","yellow",0.0600000000000001,18,"עברית","22","Male","Safari","iPhone/iPod",568,320,2.28085,10,"Yes"
"278",16,"color","negative","couch","furniture","brown",0.08,19,"עברית","22","Male","Safari","iPhone/iPod",568,320,2.28085,10,"Yes"
"279",17,"quality","negative","cheese","food","bad",0.93,20,"עברית","22","Male","Safari","iPhone/iPod",568,320,2.28085,10,"Yes"
"280",18,"color","negative","apple","food","blue",0.02,21,"עברית","22","Male","Safari","iPhone/iPod",568,320,2.28085,10,"Yes"
"281",19,"size","negative","chair","furniture","tiny",0.93,22,"עברית","22","Male","Safari","iPhone/iPod",568,320,2.28085,10,"Yes"
"282",20,"color","negative","couch","furniture","green",0.03,23,"עברית","22","Male","Safari","iPhone/iPod",568,320,2.28085,10,"Yes"
"283",21,"nationality","negative","chair","furniture","French",0.0600000000000001,24,"עברית","22","Male","Safari","iPhone/iPod",568,320,2.28085,10,"Yes"
"284",22,"texture","positive","cheese","food","soft",0.04,25,"עברית","22","Male","Safari","iPhone/iPod",568,320,2.28085,10,"Yes"
"285",23,"color","negative","couch","furniture","red",0.03,26,"עברית","22","Male","Safari","iPhone/iPod",568,320,2.28085,10,"Yes"
"286",24,"size","negative","chair","furniture","long",0.98,27,"עברית","22","Male","Safari","iPhone/iPod",568,320,2.28085,10,"Yes"
"287",25,"nationality","negative","cheese","food","Spanish",0.08,28,"עברית","22","Male","Safari","iPhone/iPod",568,320,2.28085,10,"Yes"
"288",26,"pattern","positive","TV","furniture","checkered",0,29,"עברית","22","Male","Safari","iPhone/iPod",568,320,2.28085,10,"Yes"
"289",27,"pattern","positive","carrot","food","dotted",0.01,30,"עברית","22","Male","Safari","iPhone/iPod",568,320,2.28085,10,"Yes"
"290",28,"pattern","positive","chair","furniture","striped",0,31,"עברית","22","Male","Safari","iPhone/iPod",568,320,2.28085,10,"Yes"
"291",0,"age","negative","TV","furniture","rotten",0.08,3,"עברית","24","Female","Chrome","Windows",720,1280,6.11888333333333,11,"Yes"
"292",1,"size","negative","banana","food","long",0.99,4,"עברית","24","Female","Chrome","Windows",720,1280,6.11888333333333,11,"Yes"
"293",2,"texture","positive","tomato","food","smooth",0.12,5,"עברית","24","Female","Chrome","Windows",720,1280,6.11888333333333,11,"Yes"
"294",3,"color","positive","couch","furniture","purple",0.03,6,"עברית","24","Female","Chrome","Windows",720,1280,6.11888333333333,11,"Yes"
"295",4,"texture","positive","apple","food","hard",0.58,7,"עברית","24","Female","Chrome","Windows",720,1280,6.11888333333333,11,"Yes"
"296",5,"nationality","negative","apple","food","French",0.2,8,"עברית","24","Female","Chrome","Windows",720,1280,6.11888333333333,11,"Yes"
"297",6,"age","positive","chair","furniture","old",0.72,9,"עברית","24","Female","Chrome","Windows",720,1280,6.11888333333333,11,"Yes"
"298",7,"age","positive","carrot","food","new",0.51,10,"עברית","24","Female","Chrome","Windows",720,1280,6.11888333333333,11,"Yes"
"299",8,"color","negative","couch","furniture","blue",0.02,11,"עברית","24","Female","Chrome","Windows",720,1280,6.11888333333333,11,"Yes"
"300",9,"nationality","positive","banana","food","Spanish",0.17,12,"עברית","24","Female","Chrome","Windows",720,1280,6.11888333333333,11,"Yes"
"301",10,"size","positive","chair","furniture","small",0.61,13,"עברית","24","Female","Chrome","Windows",720,1280,6.11888333333333,11,"Yes"
"302",11,"texture","negative","apple","food","soft",0.28,14,"עברית","24","Female","Chrome","Windows",720,1280,6.11888333333333,11,"Yes"
"303",12,"quality","negative","couch","furniture","bad",0.81,15,"עברית","24","Female","Chrome","Windows",720,1280,6.11888333333333,11,"Yes"
"304",13,"size","positive","banana","food","huge",0.71,16,"עברית","24","Female","Chrome","Windows",720,1280,6.11888333333333,11,"Yes"
"305",14,"age","negative","chair","furniture","fresh",0.03,17,"עברית","24","Female","Chrome","Windows",720,1280,6.11888333333333,11,"Yes"
"306",15,"size","negative","couch","furniture","tiny",0.58,18,"עברית","24","Female","Chrome","Windows",720,1280,6.11888333333333,11,"Yes"
"307",16,"color","negative","carrot","food","red",0.03,19,"עברית","24","Female","Chrome","Windows",720,1280,6.11888333333333,11,"Yes"
"308",17,"size","positive","TV","furniture","short",0.1,20,"עברית","24","Female","Chrome","Windows",720,1280,6.11888333333333,11,"Yes"
"309",18,"shape","positive","cheese","food","round",0.08,21,"עברית","24","Female","Chrome","Windows",720,1280,6.11888333333333,11,"Yes"
"310",19,"color","negative","carrot","food","brown",0.01,22,"עברית","24","Female","Chrome","Windows",720,1280,6.11888333333333,11,"Yes"
"311",20,"color","positive","tomato","food","yellow",0.14,23,"עברית","24","Female","Chrome","Windows",720,1280,6.11888333333333,11,"Yes"
"312",21,"nationality","positive","banana","food","American",0.0600000000000001,24,"עברית","24","Female","Chrome","Windows",720,1280,6.11888333333333,11,"Yes"
"313",22,"color","positive","couch","furniture","green",0.01,25,"עברית","24","Female","Chrome","Windows",720,1280,6.11888333333333,11,"Yes"
"314",23,"shape","negative","couch","furniture","square",0,26,"עברית","24","Female","Chrome","Windows",720,1280,6.11888333333333,11,"Yes"
"315",24,"size","negative","apple","food","big",0.67,27,"עברית","24","Female","Chrome","Windows",720,1280,6.11888333333333,11,"Yes"
"316",25,"quality","negative","tomato","food","good",0.81,28,"עברית","24","Female","Chrome","Windows",720,1280,6.11888333333333,11,"Yes"
"317",26,"pattern","positive","fan","furniture","checkered",0,29,"עברית","24","Female","Chrome","Windows",720,1280,6.11888333333333,11,"Yes"
"318",27,"pattern","positive","carrot","food","striped",0.38,30,"עברית","24","Female","Chrome","Windows",720,1280,6.11888333333333,11,"Yes"
"319",28,"pattern","positive","couch","furniture","dotted",0,31,"עברית","24","Female","Chrome","Windows",720,1280,6.11888333333333,11,"Yes"
"320",0,"nationality","negative","apple","food","American",1,3,"עברית","27","Female","Chrome","Windows",720,1280,3.95355,12,"Yes"
"321",1,"quality","positive","couch","furniture","bad",0.99,4,"עברית","27","Female","Chrome","Windows",720,1280,3.95355,12,"Yes"
"322",2,"texture","positive","cheese","food","smooth",0.03,5,"עברית","27","Female","Chrome","Windows",720,1280,3.95355,12,"Yes"
"323",3,"age","negative","apple","food","new",0.97,6,"עברית","27","Female","Chrome","Windows",720,1280,3.95355,12,"Yes"
"324",4,"size","negative","chair","furniture","long",0.95,7,"עברית","27","Female","Chrome","Windows",720,1280,3.95355,12,"Yes"
"325",5,"color","positive","apple","food","brown",0.09,8,"עברית","27","Female","Chrome","Windows",720,1280,3.95355,12,"Yes"
"326",6,"shape","positive","carrot","food","square",0.0600000000000001,9,"עברית","27","Female","Chrome","Windows",720,1280,3.95355,12,"Yes"
"327",7,"size","positive","tomato","food","small",0.96,10,"עברית","27","Female","Chrome","Windows",720,1280,3.95355,12,"Yes"
"328",8,"color","negative","banana","food","red",0,11,"עברית","27","Female","Chrome","Windows",720,1280,3.95355,12,"Yes"
"329",9,"size","positive","fan","furniture","short",0.99,12,"עברית","27","Female","Chrome","Windows",720,1280,3.95355,12,"Yes"
"330",10,"age","negative","couch","furniture","fresh",0.94,13,"עברית","27","Female","Chrome","Windows",720,1280,3.95355,12,"Yes"
"331",11,"color","negative","carrot","food","green",0.04,14,"עברית","27","Female","Chrome","Windows",720,1280,3.95355,12,"Yes"
"332",12,"nationality","negative","apple","food","French",0.94,15,"עברית","27","Female","Chrome","Windows",720,1280,3.95355,12,"Yes"
"333",13,"size","positive","tomato","food","big",0.95,16,"עברית","27","Female","Chrome","Windows",720,1280,3.95355,12,"Yes"
"334",14,"texture","negative","fan","furniture","hard",0.97,17,"עברית","27","Female","Chrome","Windows",720,1280,3.95355,12,"Yes"
"335",15,"quality","negative","carrot","food","good",1,18,"עברית","27","Female","Chrome","Windows",720,1280,3.95355,12,"Yes"
"336",16,"color","positive","TV","furniture","purple",0.09,19,"עברית","27","Female","Chrome","Windows",720,1280,3.95355,12,"Yes"
"337",17,"color","positive","fan","furniture","yellow",0.05,20,"עברית","27","Female","Chrome","Windows",720,1280,3.95355,12,"Yes"
"338",18,"color","positive","cheese","food","blue",0.08,21,"עברית","27","Female","Chrome","Windows",720,1280,3.95355,12,"Yes"
"339",19,"texture","positive","tomato","food","soft",0.98,22,"עברית","27","Female","Chrome","Windows",720,1280,3.95355,12,"Yes"
"340",20,"nationality","positive","TV","furniture","Spanish",0.07,23,"עברית","27","Female","Chrome","Windows",720,1280,3.95355,12,"Yes"
"341",21,"age","negative","tomato","food","rotten",0.01,24,"עברית","27","Female","Chrome","Windows",720,1280,3.95355,12,"Yes"
"342",22,"size","positive","TV","furniture","huge",0.96,25,"עברית","27","Female","Chrome","Windows",720,1280,3.95355,12,"Yes"
"343",23,"size","positive","tomato","food","tiny",0.98,26,"עברית","27","Female","Chrome","Windows",720,1280,3.95355,12,"Yes"
"344",24,"shape","negative","chair","furniture","round",0.02,27,"עברית","27","Female","Chrome","Windows",720,1280,3.95355,12,"Yes"
"345",25,"age","positive","fan","furniture","old",0.97,28,"עברית","27","Female","Chrome","Windows",720,1280,3.95355,12,"Yes"
"346",26,"pattern","positive","banana","food","striped",0.0600000000000001,29,"עברית","27","Female","Chrome","Windows",720,1280,3.95355,12,"Yes"
"347",27,"pattern","positive","cheese","food","dotted",0.05,30,"עברית","27","Female","Chrome","Windows",720,1280,3.95355,12,"Yes"
"348",28,"pattern","positive","cheese","food","checkered",0.03,31,"עברית","27","Female","Chrome","Windows",720,1280,3.95355,12,"Yes"
"349",0,"color","positive","chair","furniture","brown",0.27,3,"עברית","30","Male","Chrome","Windows",768,1280,2.9545,13,"Yes"
"350",1,"color","negative","tomato","food","purple",0.04,4,"עברית","30","Male","Chrome","Windows",768,1280,2.9545,13,"Yes"
"351",2,"shape","positive","tomato","food","round",0.51,5,"עברית","30","Male","Chrome","Windows",768,1280,2.9545,13,"Yes"
"352",3,"color","negative","carrot","food","red",0.07,6,"עברית","30","Male","Chrome","Windows",768,1280,2.9545,13,"Yes"
"353",4,"age","positive","chair","furniture","new",0.08,7,"עברית","30","Male","Chrome","Windows",768,1280,2.9545,13,"Yes"
"354",5,"size","negative","TV","furniture","long",0.03,8,"עברית","30","Male","Chrome","Windows",768,1280,2.9545,13,"Yes"
"355",6,"texture","positive","desk","furniture","soft",0.47,9,"עברית","30","Male","Chrome","Windows",768,1280,2.9545,13,"Yes"
"356",7,"age","positive","desk","furniture","fresh",0.02,10,"עברית","30","Male","Chrome","Windows",768,1280,2.9545,13,"Yes"
"357",8,"size","negative","tomato","food","small",0.41,11,"עברית","30","Male","Chrome","Windows",768,1280,2.9545,13,"Yes"
"358",9,"size","negative","desk","furniture","short",0.37,12,"עברית","30","Male","Chrome","Windows",768,1280,2.9545,13,"Yes"
"359",10,"quality","negative","couch","furniture","bad",0.91,13,"עברית","30","Male","Chrome","Windows",768,1280,2.9545,13,"Yes"
"360",11,"nationality","negative","tomato","food","Spanish",0.98,14,"עברית","30","Male","Chrome","Windows",768,1280,2.9545,13,"Yes"
"361",12,"color","positive","fan","furniture","yellow",0.04,15,"עברית","30","Male","Chrome","Windows",768,1280,2.9545,13,"Yes"
"362",13,"texture","negative","apple","food","hard",0.96,16,"עברית","30","Male","Chrome","Windows",768,1280,2.9545,13,"Yes"
"363",14,"shape","negative","apple","food","square",0.08,17,"עברית","30","Male","Chrome","Windows",768,1280,2.9545,13,"Yes"
"364",15,"color","positive","desk","furniture","blue",0.03,18,"עברית","30","Male","Chrome","Windows",768,1280,2.9545,13,"Yes"
"365",16,"quality","positive","apple","food","good",0.94,19,"עברית","30","Male","Chrome","Windows",768,1280,2.9545,13,"Yes"
"366",17,"color","positive","apple","food","green",0.05,20,"עברית","30","Male","Chrome","Windows",768,1280,2.9545,13,"Yes"
"367",18,"nationality","positive","chair","furniture","French",0.8,21,"עברית","30","Male","Chrome","Windows",768,1280,2.9545,13,"Yes"
"368",19,"texture","negative","apple","food","smooth",0.95,22,"עברית","30","Male","Chrome","Windows",768,1280,2.9545,13,"Yes"
"369",20,"nationality","positive","fan","furniture","American",0.03,23,"עברית","30","Male","Chrome","Windows",768,1280,2.9545,13,"Yes"
"370",21,"size","negative","chair","furniture","tiny",0.32,24,"עברית","30","Male","Chrome","Windows",768,1280,2.9545,13,"Yes"
"371",22,"age","positive","chair","furniture","rotten",0.95,25,"עברית","30","Male","Chrome","Windows",768,1280,2.9545,13,"Yes"
"372",23,"size","negative","carrot","food","big",0.04,26,"עברית","30","Male","Chrome","Windows",768,1280,2.9545,13,"Yes"
"373",24,"age","positive","apple","food","old",0.49,27,"עברית","30","Male","Chrome","Windows",768,1280,2.9545,13,"Yes"
"374",25,"size","positive","desk","furniture","huge",0.41,28,"עברית","30","Male","Chrome","Windows",768,1280,2.9545,13,"Yes"
"375",26,"pattern","negative","fan","furniture","checkered",0.05,29,"עברית","30","Male","Chrome","Windows",768,1280,2.9545,13,"Yes"
"376",27,"pattern","negative","apple","food","striped",0.86,30,"עברית","30","Male","Chrome","Windows",768,1280,2.9545,13,"Yes"
"377",28,"pattern","positive","chair","furniture","dotted",0.0600000000000001,31,"עברית","30","Male","Chrome","Windows",768,1280,2.9545,13,"Yes"
"378",0,"color","negative","fan","furniture","red",0,3,"עברית","25","Female","Chrome","Windows",720,1280,6.41021666666667,14,"Yes"
"379",1,"size","negative","apple","food","huge",1,4,"עברית","25","Female","Chrome","Windows",720,1280,6.41021666666667,14,"Yes"
"380",2,"nationality","positive","apple","food","French",1,5,"עברית","25","Female","Chrome","Windows",720,1280,6.41021666666667,14,"Yes"
"381",3,"color","positive","couch","furniture","brown",1,6,"עברית","25","Female","Chrome","Windows",720,1280,6.41021666666667,14,"Yes"
"382",4,"color","positive","tomato","food","yellow",1,7,"עברית","25","Female","Chrome","Windows",720,1280,6.41021666666667,14,"Yes"
"383",5,"quality","positive","tomato","food","bad",1,8,"עברית","25","Female","Chrome","Windows",720,1280,6.41021666666667,14,"Yes"
"384",6,"nationality","positive","carrot","food","American",1,9,"עברית","25","Female","Chrome","Windows",720,1280,6.41021666666667,14,"Yes"
"385",7,"shape","negative","TV","furniture","round",1,10,"עברית","25","Female","Chrome","Windows",720,1280,6.41021666666667,14,"Yes"
"386",8,"age","positive","banana","food","old",1,11,"עברית","25","Female","Chrome","Windows",720,1280,6.41021666666667,14,"Yes"
"387",9,"size","positive","cheese","food","big",1,12,"עברית","25","Female","Chrome","Windows",720,1280,6.41021666666667,14,"Yes"
"388",10,"texture","negative","chair","furniture","smooth",1,13,"עברית","25","Female","Chrome","Windows",720,1280,6.41021666666667,14,"Yes"
"389",11,"size","positive","chair","furniture","tiny",1,14,"עברית","25","Female","Chrome","Windows",720,1280,6.41021666666667,14,"Yes"
"390",12,"nationality","negative","desk","furniture","Spanish",1,15,"עברית","25","Female","Chrome","Windows",720,1280,6.41021666666667,14,"Yes"
"391",13,"age","negative","cheese","food","new",1,16,"עברית","25","Female","Chrome","Windows",720,1280,6.41021666666667,14,"Yes"
"392",14,"color","negative","couch","furniture","purple",1,17,"עברית","25","Female","Chrome","Windows",720,1280,6.41021666666667,14,"Yes"
"393",15,"color","negative","banana","food","green",1,18,"עברית","25","Female","Chrome","Windows",720,1280,6.41021666666667,14,"Yes"
"394",16,"shape","negative","fan","furniture","square",1,19,"עברית","25","Female","Chrome","Windows",720,1280,6.41021666666667,14,"Yes"
"395",17,"size","positive","apple","food","short",1,20,"עברית","25","Female","Chrome","Windows",720,1280,6.41021666666667,14,"Yes"
"396",18,"texture","positive","fan","furniture","soft",1,21,"עברית","25","Female","Chrome","Windows",720,1280,6.41021666666667,14,"Yes"
"397",19,"quality","negative","TV","furniture","good",1,22,"עברית","25","Female","Chrome","Windows",720,1280,6.41021666666667,14,"Yes"
"398",20,"age","positive","desk","furniture","rotten",1,23,"עברית","25","Female","Chrome","Windows",720,1280,6.41021666666667,14,"Yes"
"399",21,"color","positive","TV","furniture","blue",1,24,"עברית","25","Female","Chrome","Windows",720,1280,6.41021666666667,14,"Yes"
"400",22,"texture","positive","banana","food","hard",1,25,"עברית","25","Female","Chrome","Windows",720,1280,6.41021666666667,14,"Yes"
"401",23,"size","positive","chair","furniture","small",1,26,"עברית","25","Female","Chrome","Windows",720,1280,6.41021666666667,14,"Yes"
"402",24,"size","positive","fan","furniture","long",1,27,"עברית","25","Female","Chrome","Windows",720,1280,6.41021666666667,14,"Yes"
"403",25,"age","negative","desk","furniture","fresh",1,28,"עברית","25","Female","Chrome","Windows",720,1280,6.41021666666667,14,"Yes"
"404",26,"pattern","positive","banana","food","checkered",1,29,"עברית","25","Female","Chrome","Windows",720,1280,6.41021666666667,14,"Yes"
"405",27,"pattern","positive","apple","food","dotted",1,30,"עברית","25","Female","Chrome","Windows",720,1280,6.41021666666667,14,"Yes"
"406",28,"pattern","negative","tomato","food","striped",1,31,"עברית","25","Female","Chrome","Windows",720,1280,6.41021666666667,14,"Yes"
"407",0,"size","positive","apple","food","small",0.07,3,"עברית","31","Female","Chrome","Windows",768,1366,4.51803333333333,15,"Yes"
"408",1,"texture","positive","fan","furniture","hard",0.94,4,"עברית","31","Female","Chrome","Windows",768,1366,4.51803333333333,15,"Yes"
"409",2,"size","positive","couch","furniture","huge",0.02,5,"עברית","31","Female","Chrome","Windows",768,1366,4.51803333333333,15,"Yes"
"410",3,"nationality","negative","banana","food","Spanish",0.01,6,"עברית","31","Female","Chrome","Windows",768,1366,4.51803333333333,15,"Yes"
"411",4,"age","positive","desk","furniture","old",0.04,7,"עברית","31","Female","Chrome","Windows",768,1366,4.51803333333333,15,"Yes"
"412",5,"color","positive","banana","food","yellow",0.0600000000000001,8,"עברית","31","Female","Chrome","Windows",768,1366,4.51803333333333,15,"Yes"
"413",6,"size","positive","chair","furniture","tiny",0.98,9,"עברית","31","Female","Chrome","Windows",768,1366,4.51803333333333,15,"Yes"
"414",7,"size","positive","carrot","food","short",0.04,10,"עברית","31","Female","Chrome","Windows",768,1366,4.51803333333333,15,"Yes"
"415",8,"quality","positive","chair","furniture","good",0.98,11,"עברית","31","Female","Chrome","Windows",768,1366,4.51803333333333,15,"Yes"
"416",9,"age","positive","desk","furniture","new",0.0600000000000001,12,"עברית","31","Female","Chrome","Windows",768,1366,4.51803333333333,15,"Yes"
"417",10,"nationality","negative","apple","food","American",0.01,13,"עברית","31","Female","Chrome","Windows",768,1366,4.51803333333333,15,"Yes"
"418",11,"shape","positive","cheese","food","square",0.05,14,"עברית","31","Female","Chrome","Windows",768,1366,4.51803333333333,15,"Yes"
"419",12,"color","negative","chair","furniture","red",0.01,15,"עברית","31","Female","Chrome","Windows",768,1366,4.51803333333333,15,"Yes"
"420",13,"color","positive","carrot","food","purple",0.03,16,"עברית","31","Female","Chrome","Windows",768,1366,4.51803333333333,15,"Yes"
"421",14,"color","negative","couch","furniture","blue",0.03,17,"עברית","31","Female","Chrome","Windows",768,1366,4.51803333333333,15,"Yes"
"422",15,"size","negative","desk","furniture","long",0.98,18,"עברית","31","Female","Chrome","Windows",768,1366,4.51803333333333,15,"Yes"
"423",16,"nationality","positive","apple","food","French",0.02,19,"עברית","31","Female","Chrome","Windows",768,1366,4.51803333333333,15,"Yes"
"424",17,"quality","positive","chair","furniture","bad",0.99,20,"עברית","31","Female","Chrome","Windows",768,1366,4.51803333333333,15,"Yes"
"425",18,"shape","positive","apple","food","round",0.02,21,"עברית","31","Female","Chrome","Windows",768,1366,4.51803333333333,15,"Yes"
"426",19,"texture","positive","apple","food","soft",0.99,22,"עברית","31","Female","Chrome","Windows",768,1366,4.51803333333333,15,"Yes"
"427",20,"color","positive","tomato","food","green",0.04,23,"עברית","31","Female","Chrome","Windows",768,1366,4.51803333333333,15,"Yes"
"428",21,"age","negative","desk","furniture","rotten",0.01,24,"עברית","31","Female","Chrome","Windows",768,1366,4.51803333333333,15,"Yes"
"429",22,"size","positive","apple","food","big",0.01,25,"עברית","31","Female","Chrome","Windows",768,1366,4.51803333333333,15,"Yes"
"430",23,"color","positive","apple","food","brown",0.03,26,"עברית","31","Female","Chrome","Windows",768,1366,4.51803333333333,15,"Yes"
"431",24,"texture","negative","carrot","food","smooth",0.96,27,"עברית","31","Female","Chrome","Windows",768,1366,4.51803333333333,15,"Yes"
"432",25,"age","positive","TV","furniture","fresh",0.05,28,"עברית","31","Female","Chrome","Windows",768,1366,4.51803333333333,15,"Yes"
"433",26,"pattern","positive","cheese","food","striped",0.03,29,"עברית","31","Female","Chrome","Windows",768,1366,4.51803333333333,15,"Yes"
"434",27,"pattern","negative","apple","food","checkered",0.04,30,"עברית","31","Female","Chrome","Windows",768,1366,4.51803333333333,15,"Yes"
"435",28,"pattern","negative","fan","furniture","dotted",0.03,31,"עברית","31","Female","Chrome","Windows",768,1366,4.51803333333333,15,"Yes"
"436",0,"texture","negative","TV","furniture","hard",1,3,"עברית","25","Male","Chrome","Windows",864,1536,2.71338333333333,16,"Yes"
"437",1,"age","positive","couch","furniture","old",1,4,"עברית","25","Male","Chrome","Windows",864,1536,2.71338333333333,16,"Yes"
"438",2,"size","positive","banana","food","tiny",1,5,"עברית","25","Male","Chrome","Windows",864,1536,2.71338333333333,16,"Yes"
"439",3,"color","negative","cheese","food","red",0.51,6,"עברית","25","Male","Chrome","Windows",864,1536,2.71338333333333,16,"Yes"
"440",4,"age","positive","cheese","food","fresh",0.45,7,"עברית","25","Male","Chrome","Windows",864,1536,2.71338333333333,16,"Yes"
"441",5,"quality","negative","couch","furniture","good",1,8,"עברית","25","Male","Chrome","Windows",864,1536,2.71338333333333,16,"Yes"
"442",6,"color","positive","carrot","food","brown",0.46,9,"עברית","25","Male","Chrome","Windows",864,1536,2.71338333333333,16,"Yes"
"443",7,"size","positive","TV","furniture","huge",1,10,"עברית","25","Male","Chrome","Windows",864,1536,2.71338333333333,16,"Yes"
"444",8,"size","negative","TV","furniture","big",1,11,"עברית","25","Male","Chrome","Windows",864,1536,2.71338333333333,16,"Yes"
"445",9,"texture","positive","chair","furniture","soft",0.89,12,"עברית","25","Male","Chrome","Windows",864,1536,2.71338333333333,16,"Yes"
"446",10,"nationality","positive","TV","furniture","French",0.49,13,"עברית","25","Male","Chrome","Windows",864,1536,2.71338333333333,16,"Yes"
"447",11,"size","negative","cheese","food","short",0.7,14,"עברית","25","Male","Chrome","Windows",864,1536,2.71338333333333,16,"Yes"
"448",12,"age","negative","desk","furniture","new",0.91,15,"עברית","25","Male","Chrome","Windows",864,1536,2.71338333333333,16,"Yes"
"449",13,"nationality","negative","couch","furniture","Spanish",0.35,16,"עברית","25","Male","Chrome","Windows",864,1536,2.71338333333333,16,"Yes"
"450",14,"color","negative","chair","furniture","green",0.41,17,"עברית","25","Male","Chrome","Windows",864,1536,2.71338333333333,16,"Yes"
"451",15,"nationality","positive","desk","furniture","American",0.49,18,"עברית","25","Male","Chrome","Windows",864,1536,2.71338333333333,16,"Yes"
"452",16,"color","positive","banana","food","blue",0.4,19,"עברית","25","Male","Chrome","Windows",864,1536,2.71338333333333,16,"Yes"
"453",17,"size","positive","desk","furniture","small",0.62,20,"עברית","25","Male","Chrome","Windows",864,1536,2.71338333333333,16,"Yes"
"454",18,"shape","negative","apple","food","square",0,21,"עברית","25","Male","Chrome","Windows",864,1536,2.71338333333333,16,"Yes"
"455",19,"color","negative","fan","furniture","purple",0.48,22,"עברית","25","Male","Chrome","Windows",864,1536,2.71338333333333,16,"Yes"
"456",20,"size","negative","apple","food","long",0.46,23,"עברית","25","Male","Chrome","Windows",864,1536,2.71338333333333,16,"Yes"
"457",21,"quality","positive","banana","food","bad",1,24,"עברית","25","Male","Chrome","Windows",864,1536,2.71338333333333,16,"Yes"
"458",22,"age","positive","carrot","food","rotten",0.56,25,"עברית","25","Male","Chrome","Windows",864,1536,2.71338333333333,16,"Yes"
"459",23,"color","positive","carrot","food","yellow",0.45,26,"עברית","25","Male","Chrome","Windows",864,1536,2.71338333333333,16,"Yes"
"460",24,"texture","positive","cheese","food","smooth",0.09,27,"עברית","25","Male","Chrome","Windows",864,1536,2.71338333333333,16,"Yes"
"461",25,"shape","negative","fan","furniture","round",0,28,"עברית","25","Male","Chrome","Windows",864,1536,2.71338333333333,16,"Yes"
"462",26,"pattern","positive","banana","food","checkered",0.12,29,"עברית","25","Male","Chrome","Windows",864,1536,2.71338333333333,16,"Yes"
"463",27,"pattern","negative","tomato","food","dotted",0,30,"עברית","25","Male","Chrome","Windows",864,1536,2.71338333333333,16,"Yes"
"464",28,"pattern","positive","banana","food","striped",0,31,"עברית","25","Male","Chrome","Windows",864,1536,2.71338333333333,16,"Yes"
"465",0,"color","negative","tomato","food","purple",0.41,3,"עברית","25","Female","Chrome","Windows",864,1536,1.9553,17,"Yes"
"466",1,"texture","positive","banana","food","soft",0.91,4,"עברית","25","Female","Chrome","Windows",864,1536,1.9553,17,"Yes"
"467",2,"age","positive","desk","furniture","rotten",0,5,"עברית","25","Female","Chrome","Windows",864,1536,1.9553,17,"Yes"
"468",3,"nationality","positive","desk","furniture","French",0.42,6,"עברית","25","Female","Chrome","Windows",864,1536,1.9553,17,"Yes"
"469",4,"quality","positive","carrot","food","bad",1,7,"עברית","25","Female","Chrome","Windows",864,1536,1.9553,17,"Yes"
"470",5,"size","negative","apple","food","tiny",0.63,8,"עברית","25","Female","Chrome","Windows",864,1536,1.9553,17,"Yes"
"471",6,"age","negative","fan","furniture","old",0.91,9,"עברית","25","Female","Chrome","Windows",864,1536,1.9553,17,"Yes"
"472",7,"texture","positive","tomato","food","hard",0.76,10,"עברית","25","Female","Chrome","Windows",864,1536,1.9553,17,"Yes"
"473",8,"size","positive","TV","furniture","long",0.76,11,"עברית","25","Female","Chrome","Windows",864,1536,1.9553,17,"Yes"
"474",9,"age","positive","banana","food","fresh",0.6,12,"עברית","25","Female","Chrome","Windows",864,1536,1.9553,17,"Yes"
"475",10,"color","negative","couch","furniture","brown",0.57,13,"עברית","25","Female","Chrome","Windows",864,1536,1.9553,17,"Yes"
"476",11,"color","positive","banana","food","blue",0.46,14,"עברית","25","Female","Chrome","Windows",864,1536,1.9553,17,"Yes"
"477",12,"quality","positive","tomato","food","good",1,15,"עברית","25","Female","Chrome","Windows",864,1536,1.9553,17,"Yes"
"478",13,"nationality","negative","apple","food","Spanish",0.41,16,"עברית","25","Female","Chrome","Windows",864,1536,1.9553,17,"Yes"
"479",14,"color","negative","TV","furniture","green",0.57,17,"עברית","25","Female","Chrome","Windows",864,1536,1.9553,17,"Yes"
"480",15,"size","positive","tomato","food","big",0.7,18,"עברית","25","Female","Chrome","Windows",864,1536,1.9553,17,"Yes"
"481",16,"color","negative","banana","food","red",0.51,19,"עברית","25","Female","Chrome","Windows",864,1536,1.9553,17,"Yes"
"482",17,"shape","positive","banana","food","round",0,20,"עברית","25","Female","Chrome","Windows",864,1536,1.9553,17,"Yes"
"483",18,"age","negative","couch","furniture","new",0.85,21,"עברית","25","Female","Chrome","Windows",864,1536,1.9553,17,"Yes"
"484",19,"size","positive","cheese","food","small",0.73,22,"עברית","25","Female","Chrome","Windows",864,1536,1.9553,17,"Yes"
"485",20,"color","positive","carrot","food","yellow",0.53,23,"עברית","25","Female","Chrome","Windows",864,1536,1.9553,17,"Yes"
"486",21,"texture","positive","carrot","food","smooth",0.05,24,"עברית","25","Female","Chrome","Windows",864,1536,1.9553,17,"Yes"
"487",22,"shape","negative","cheese","food","square",0,25,"עברית","25","Female","Chrome","Windows",864,1536,1.9553,17,"Yes"
"488",23,"nationality","negative","apple","food","American",0.37,26,"עברית","25","Female","Chrome","Windows",864,1536,1.9553,17,"Yes"
"489",24,"size","positive","carrot","food","huge",0.64,27,"עברית","25","Female","Chrome","Windows",864,1536,1.9553,17,"Yes"
"490",25,"size","positive","cheese","food","short",0.71,28,"עברית","25","Female","Chrome","Windows",864,1536,1.9553,17,"Yes"
"491",26,"pattern","negative","tomato","food","checkered",0,29,"עברית","25","Female","Chrome","Windows",864,1536,1.9553,17,"Yes"
"492",27,"pattern","negative","tomato","food","striped",0,30,"עברית","25","Female","Chrome","Windows",864,1536,1.9553,17,"Yes"
"493",28,"pattern","negative","TV","furniture","dotted",0,31,"עברית","25","Female","Chrome","Windows",864,1536,1.9553,17,"Yes"
"494",0,"color","positive","couch","furniture","purple",0.0600000000000001,3,"עברית","25","Female","Chrome","Windows",768,1366,2.53208333333333,18,"Yes"
"495",1,"shape","positive","tomato","food","round",0.08,4,"עברית","25","Female","Chrome","Windows",768,1366,2.53208333333333,18,"Yes"
"496",2,"age","positive","TV","furniture","rotten",0.39,5,"עברית","25","Female","Chrome","Windows",768,1366,2.53208333333333,18,"Yes"
"497",3,"color","negative","cheese","food","yellow",0,6,"עברית","25","Female","Chrome","Windows",768,1366,2.53208333333333,18,"Yes"
"498",4,"size","positive","apple","food","long",0.44,7,"עברית","25","Female","Chrome","Windows",768,1366,2.53208333333333,18,"Yes"
"499",5,"color","negative","apple","food","brown",0,8,"עברית","25","Female","Chrome","Windows",768,1366,2.53208333333333,18,"Yes"
"500",6,"color","negative","banana","food","blue",0,9,"עברית","25","Female","Chrome","Windows",768,1366,2.53208333333333,18,"Yes"
"501",7,"shape","positive","carrot","food","square",0.26,10,"עברית","25","Female","Chrome","Windows",768,1366,2.53208333333333,18,"Yes"
"502",8,"nationality","positive","desk","furniture","Spanish",0.17,11,"עברית","25","Female","Chrome","Windows",768,1366,2.53208333333333,18,"Yes"
"503",9,"color","negative","carrot","food","green",0,12,"עברית","25","Female","Chrome","Windows",768,1366,2.53208333333333,18,"Yes"
"504",10,"texture","negative","cheese","food","smooth",0.31,13,"עברית","25","Female","Chrome","Windows",768,1366,2.53208333333333,18,"Yes"
"505",11,"texture","positive","carrot","food","hard",0.39,14,"עברית","25","Female","Chrome","Windows",768,1366,2.53208333333333,18,"Yes"
"506",12,"size","negative","apple","food","tiny",0.33,15,"עברית","25","Female","Chrome","Windows",768,1366,2.53208333333333,18,"Yes"
"507",13,"quality","negative","carrot","food","bad",0.77,16,"עברית","25","Female","Chrome","Windows",768,1366,2.53208333333333,18,"Yes"
"508",14,"nationality","positive","desk","furniture","American",0.01,17,"עברית","25","Female","Chrome","Windows",768,1366,2.53208333333333,18,"Yes"
"509",15,"texture","negative","cheese","food","soft",0.53,18,"עברית","25","Female","Chrome","Windows",768,1366,2.53208333333333,18,"Yes"
"510",16,"size","negative","banana","food","short",0.5,19,"עברית","25","Female","Chrome","Windows",768,1366,2.53208333333333,18,"Yes"
"511",17,"nationality","negative","couch","furniture","French",0.14,20,"עברית","25","Female","Chrome","Windows",768,1366,2.53208333333333,18,"Yes"
"512",18,"quality","positive","apple","food","good",0.71,21,"עברית","25","Female","Chrome","Windows",768,1366,2.53208333333333,18,"Yes"
"513",19,"color","negative","couch","furniture","red",0,22,"עברית","25","Female","Chrome","Windows",768,1366,2.53208333333333,18,"Yes"
"514",20,"size","negative","apple","food","small",0.52,23,"עברית","25","Female","Chrome","Windows",768,1366,2.53208333333333,18,"Yes"
"515",21,"size","negative","apple","food","huge",0.57,24,"עברית","25","Female","Chrome","Windows",768,1366,2.53208333333333,18,"Yes"
"516",22,"age","positive","fan","furniture","old",0.61,25,"עברית","25","Female","Chrome","Windows",768,1366,2.53208333333333,18,"Yes"
"517",23,"size","positive","apple","food","big",0.36,26,"עברית","25","Female","Chrome","Windows",768,1366,2.53208333333333,18,"Yes"
"518",24,"age","negative","fan","furniture","new",0.41,27,"עברית","25","Female","Chrome","Windows",768,1366,2.53208333333333,18,"Yes"
"519",25,"age","positive","couch","furniture","fresh",0.33,28,"עברית","25","Female","Chrome","Windows",768,1366,2.53208333333333,18,"Yes"
"520",26,"pattern","negative","cheese","food","checkered",0.01,29,"עברית","25","Female","Chrome","Windows",768,1366,2.53208333333333,18,"Yes"
"521",27,"pattern","positive","desk","furniture","striped",0.35,30,"עברית","25","Female","Chrome","Windows",768,1366,2.53208333333333,18,"Yes"
"522",28,"pattern","negative","TV","furniture","dotted",0,31,"עברית","25","Female","Chrome","Windows",768,1366,2.53208333333333,18,"Yes"
"523",0,"texture","positive","carrot","food","smooth",0.61,3,"עברית","29","Female","Chrome","Windows",1080,1920,2.90241666666667,19,"Yes"
"524",1,"color","negative","tomato","food","red",0.77,4,"עברית","29","Female","Chrome","Windows",1080,1920,2.90241666666667,19,"Yes"
"525",2,"color","positive","couch","furniture","green",0.31,5,"עברית","29","Female","Chrome","Windows",1080,1920,2.90241666666667,19,"Yes"
"526",3,"size","positive","carrot","food","big",0.62,6,"עברית","29","Female","Chrome","Windows",1080,1920,2.90241666666667,19,"Yes"
"527",4,"nationality","positive","cheese","food","American",0,7,"עברית","29","Female","Chrome","Windows",1080,1920,2.90241666666667,19,"Yes"
"528",5,"quality","negative","tomato","food","good",0.9,8,"עברית","29","Female","Chrome","Windows",1080,1920,2.90241666666667,19,"Yes"
"529",6,"color","negative","chair","furniture","yellow",0.33,9,"עברית","29","Female","Chrome","Windows",1080,1920,2.90241666666667,19,"Yes"
"530",7,"shape","negative","chair","furniture","round",0,10,"עברית","29","Female","Chrome","Windows",1080,1920,2.90241666666667,19,"Yes"
"531",8,"size","positive","fan","furniture","long",0.23,11,"עברית","29","Female","Chrome","Windows",1080,1920,2.90241666666667,19,"Yes"
"532",9,"size","negative","couch","furniture","huge",1,12,"עברית","29","Female","Chrome","Windows",1080,1920,2.90241666666667,19,"Yes"
"533",10,"age","positive","chair","furniture","old",0.66,13,"עברית","29","Female","Chrome","Windows",1080,1920,2.90241666666667,19,"Yes"
"534",11,"nationality","negative","couch","furniture","Spanish",0,14,"עברית","29","Female","Chrome","Windows",1080,1920,2.90241666666667,19,"Yes"
"535",12,"age","positive","banana","food","fresh",0,15,"עברית","29","Female","Chrome","Windows",1080,1920,2.90241666666667,19,"Yes"
"536",13,"shape","positive","chair","furniture","square",0,16,"עברית","29","Female","Chrome","Windows",1080,1920,2.90241666666667,19,"Yes"
"537",14,"texture","positive","chair","furniture","hard",0.7,17,"עברית","29","Female","Chrome","Windows",1080,1920,2.90241666666667,19,"Yes"
"538",15,"age","negative","apple","food","new",0.36,18,"עברית","29","Female","Chrome","Windows",1080,1920,2.90241666666667,19,"Yes"
"539",16,"texture","negative","banana","food","soft",0.2,19,"עברית","29","Female","Chrome","Windows",1080,1920,2.90241666666667,19,"Yes"
"540",17,"size","positive","fan","furniture","small",0,20,"עברית","29","Female","Chrome","Windows",1080,1920,2.90241666666667,19,"Yes"
"541",18,"age","positive","banana","food","rotten",0.77,21,"עברית","29","Female","Chrome","Windows",1080,1920,2.90241666666667,19,"Yes"
"542",19,"color","positive","cheese","food","blue",0,22,"עברית","29","Female","Chrome","Windows",1080,1920,2.90241666666667,19,"Yes"
"543",20,"color","negative","cheese","food","purple",0,23,"עברית","29","Female","Chrome","Windows",1080,1920,2.90241666666667,19,"Yes"
"544",21,"quality","positive","couch","furniture","bad",1,24,"עברית","29","Female","Chrome","Windows",1080,1920,2.90241666666667,19,"Yes"
"545",22,"size","positive","TV","furniture","tiny",0.77,25,"עברית","29","Female","Chrome","Windows",1080,1920,2.90241666666667,19,"Yes"
"546",23,"nationality","negative","apple","food","French",0,26,"עברית","29","Female","Chrome","Windows",1080,1920,2.90241666666667,19,"Yes"
"547",24,"size","negative","fan","furniture","short",0.36,27,"עברית","29","Female","Chrome","Windows",1080,1920,2.90241666666667,19,"Yes"
"548",25,"color","positive","cheese","food","brown",0,28,"עברית","29","Female","Chrome","Windows",1080,1920,2.90241666666667,19,"Yes"
"549",26,"pattern","negative","couch","furniture","dotted",0,29,"עברית","29","Female","Chrome","Windows",1080,1920,2.90241666666667,19,"Yes"
"550",27,"pattern","negative","tomato","food","striped",0,30,"עברית","29","Female","Chrome","Windows",1080,1920,2.90241666666667,19,"Yes"
"551",28,"pattern","positive","TV","furniture","checkered",0.18,31,"עברית","29","Female","Chrome","Windows",1080,1920,2.90241666666667,19,"Yes"
"552",0,"color","negative","fan","furniture","purple",0.99,3,"עברית","22","Female","Chrome","Windows",864,1536,3.32923333333333,20,"Yes"
"553",1,"color","negative","cheese","food","yellow",0.02,4,"עברית","22","Female","Chrome","Windows",864,1536,3.32923333333333,20,"Yes"
"554",2,"quality","negative","chair","furniture","bad",0.97,5,"עברית","22","Female","Chrome","Windows",864,1536,3.32923333333333,20,"Yes"
"555",3,"quality","positive","chair","furniture","good",0.98,6,"עברית","22","Female","Chrome","Windows",864,1536,3.32923333333333,20,"Yes"
"556",4,"nationality","positive","apple","food","American",0.02,7,"עברית","22","Female","Chrome","Windows",864,1536,3.32923333333333,20,"Yes"
"557",5,"color","positive","carrot","food","blue",0.03,8,"עברית","22","Female","Chrome","Windows",864,1536,3.32923333333333,20,"Yes"
"558",6,"age","positive","tomato","food","old",0.73,9,"עברית","22","Female","Chrome","Windows",864,1536,3.32923333333333,20,"Yes"
"559",7,"size","positive","fan","furniture","long",0.99,10,"עברית","22","Female","Chrome","Windows",864,1536,3.32923333333333,20,"Yes"
"560",8,"size","negative","couch","furniture","huge",0.96,11,"עברית","22","Female","Chrome","Windows",864,1536,3.32923333333333,20,"Yes"
"561",9,"color","positive","carrot","food","red",0.02,12,"עברית","22","Female","Chrome","Windows",864,1536,3.32923333333333,20,"Yes"
"562",10,"shape","negative","desk","furniture","round",0.08,13,"עברית","22","Female","Chrome","Windows",864,1536,3.32923333333333,20,"Yes"
"563",11,"texture","negative","chair","furniture","hard",0.98,14,"עברית","22","Female","Chrome","Windows",864,1536,3.32923333333333,20,"Yes"
"564",12,"color","negative","carrot","food","brown",0.01,15,"עברית","22","Female","Chrome","Windows",864,1536,3.32923333333333,20,"Yes"
"565",13,"texture","positive","chair","furniture","smooth",0.52,16,"עברית","22","Female","Chrome","Windows",864,1536,3.32923333333333,20,"Yes"
"566",14,"nationality","negative","apple","food","Spanish",0.01,17,"עברית","22","Female","Chrome","Windows",864,1536,3.32923333333333,20,"Yes"
"567",15,"size","negative","tomato","food","small",0.98,18,"עברית","22","Female","Chrome","Windows",864,1536,3.32923333333333,20,"Yes"
"568",16,"size","negative","chair","furniture","short",0.95,19,"עברית","22","Female","Chrome","Windows",864,1536,3.32923333333333,20,"Yes"
"569",17,"size","positive","desk","furniture","big",0.98,20,"עברית","22","Female","Chrome","Windows",864,1536,3.32923333333333,20,"Yes"
"570",18,"color","positive","cheese","food","green",0.48,21,"עברית","22","Female","Chrome","Windows",864,1536,3.32923333333333,20,"Yes"
"571",19,"age","positive","apple","food","new",0.49,22,"עברית","22","Female","Chrome","Windows",864,1536,3.32923333333333,20,"Yes"
"572",20,"age","positive","banana","food","fresh",0.5,23,"עברית","22","Female","Chrome","Windows",864,1536,3.32923333333333,20,"Yes"
"573",21,"texture","negative","TV","furniture","soft",0.05,24,"עברית","22","Female","Chrome","Windows",864,1536,3.32923333333333,20,"Yes"
"574",22,"nationality","negative","apple","food","French",0.04,25,"עברית","22","Female","Chrome","Windows",864,1536,3.32923333333333,20,"Yes"
"575",23,"size","negative","desk","furniture","tiny",1,26,"עברית","22","Female","Chrome","Windows",864,1536,3.32923333333333,20,"Yes"
"576",24,"age","positive","cheese","food","rotten",0.52,27,"עברית","22","Female","Chrome","Windows",864,1536,3.32923333333333,20,"Yes"
"577",25,"shape","positive","carrot","food","square",0.5,28,"עברית","22","Female","Chrome","Windows",864,1536,3.32923333333333,20,"Yes"
"578",26,"pattern","positive","apple","food","checkered",0.0600000000000001,29,"עברית","22","Female","Chrome","Windows",864,1536,3.32923333333333,20,"Yes"
"579",27,"pattern","negative","desk","furniture","dotted",0.02,30,"עברית","22","Female","Chrome","Windows",864,1536,3.32923333333333,20,"Yes"
"580",28,"pattern","positive","tomato","food","striped",0.0600000000000001,31,"עברית","22","Female","Chrome","Windows",864,1536,3.32923333333333,20,"Yes"
"581",0,"color","negative","TV","furniture","red",0.1,3,"עברית","29","Female","Chrome","Windows",1080,1920,1.89383333333333,21,"Yes"
"582",1,"color","positive","apple","food","blue",0.02,4,"עברית","29","Female","Chrome","Windows",1080,1920,1.89383333333333,21,"Yes"
"583",2,"color","positive","cheese","food","brown",0,5,"עברית","29","Female","Chrome","Windows",1080,1920,1.89383333333333,21,"Yes"
"584",3,"size","positive","fan","furniture","tiny",0.88,6,"עברית","29","Female","Chrome","Windows",1080,1920,1.89383333333333,21,"Yes"
"585",4,"color","positive","apple","food","purple",0,7,"עברית","29","Female","Chrome","Windows",1080,1920,1.89383333333333,21,"Yes"
"586",5,"shape","negative","carrot","food","square",0,8,"עברית","29","Female","Chrome","Windows",1080,1920,1.89383333333333,21,"Yes"
"587",6,"age","positive","TV","furniture","fresh",0,9,"עברית","29","Female","Chrome","Windows",1080,1920,1.89383333333333,21,"Yes"
"588",7,"age","positive","couch","furniture","old",0.86,10,"עברית","29","Female","Chrome","Windows",1080,1920,1.89383333333333,21,"Yes"
"589",8,"quality","positive","tomato","food","good",1,11,"עברית","29","Female","Chrome","Windows",1080,1920,1.89383333333333,21,"Yes"
"590",9,"nationality","negative","chair","furniture","American",0,12,"עברית","29","Female","Chrome","Windows",1080,1920,1.89383333333333,21,"Yes"
"591",10,"texture","positive","carrot","food","hard",0.94,13,"עברית","29","Female","Chrome","Windows",1080,1920,1.89383333333333,21,"Yes"
"592",11,"color","positive","fan","furniture","yellow",0,14,"עברית","29","Female","Chrome","Windows",1080,1920,1.89383333333333,21,"Yes"
"593",12,"age","negative","couch","furniture","rotten",0,15,"עברית","29","Female","Chrome","Windows",1080,1920,1.89383333333333,21,"Yes"
"594",13,"size","positive","carrot","food","short",0.9,16,"עברית","29","Female","Chrome","Windows",1080,1920,1.89383333333333,21,"Yes"
"595",14,"size","positive","fan","furniture","big",1,17,"עברית","29","Female","Chrome","Windows",1080,1920,1.89383333333333,21,"Yes"
"596",15,"shape","positive","cheese","food","round",0,18,"עברית","29","Female","Chrome","Windows",1080,1920,1.89383333333333,21,"Yes"
"597",16,"size","negative","fan","furniture","huge",1,19,"עברית","29","Female","Chrome","Windows",1080,1920,1.89383333333333,21,"Yes"
"598",17,"nationality","positive","TV","furniture","Spanish",0,20,"עברית","29","Female","Chrome","Windows",1080,1920,1.89383333333333,21,"Yes"
"599",18,"age","positive","cheese","food","new",1,21,"עברית","29","Female","Chrome","Windows",1080,1920,1.89383333333333,21,"Yes"
"600",19,"texture","positive","carrot","food","smooth",1,22,"עברית","29","Female","Chrome","Windows",1080,1920,1.89383333333333,21,"Yes"
"601",20,"texture","negative","desk","furniture","soft",0,23,"עברית","29","Female","Chrome","Windows",1080,1920,1.89383333333333,21,"Yes"
"602",21,"quality","positive","cheese","food","bad",1,24,"עברית","29","Female","Chrome","Windows",1080,1920,1.89383333333333,21,"Yes"
"603",22,"color","negative","fan","furniture","green",0,25,"עברית","29","Female","Chrome","Windows",1080,1920,1.89383333333333,21,"Yes"
"604",23,"size","positive","couch","furniture","small",1,26,"עברית","29","Female","Chrome","Windows",1080,1920,1.89383333333333,21,"Yes"
"605",24,"size","positive","apple","food","long",0,27,"עברית","29","Female","Chrome","Windows",1080,1920,1.89383333333333,21,"Yes"
"606",25,"nationality","negative","TV","furniture","French",0,28,"עברית","29","Female","Chrome","Windows",1080,1920,1.89383333333333,21,"Yes"
"607",26,"pattern","positive","tomato","food","dotted",0.57,29,"עברית","29","Female","Chrome","Windows",1080,1920,1.89383333333333,21,"Yes"
"608",27,"pattern","positive","apple","food","striped",0.48,30,"עברית","29","Female","Chrome","Windows",1080,1920,1.89383333333333,21,"Yes"
"609",28,"pattern","negative","apple","food","checkered",0,31,"עברית","29","Female","Chrome","Windows",1080,1920,1.89383333333333,21,"Yes"
"610",0,"age","positive","apple","food","new",0.96,3,"עברית","30","Female","Firefox","Windows",1080,1920,1.9901,22,"Yes"
"611",1,"quality","negative","desk","furniture","good",1,4,"עברית","30","Female","Firefox","Windows",1080,1920,1.9901,22,"Yes"
"612",2,"size","negative","couch","furniture","tiny",0.98,5,"עברית","30","Female","Firefox","Windows",1080,1920,1.9901,22,"Yes"
"613",3,"age","negative","banana","food","old",0.94,6,"עברית","30","Female","Firefox","Windows",1080,1920,1.9901,22,"Yes"
"614",4,"age","positive","tomato","food","rotten",0.77,7,"עברית","30","Female","Firefox","Windows",1080,1920,1.9901,22,"Yes"
"615",5,"color","positive","banana","food","brown",0.18,8,"עברית","30","Female","Firefox","Windows",1080,1920,1.9901,22,"Yes"
"616",6,"nationality","positive","couch","furniture","Spanish",0.05,9,"עברית","30","Female","Firefox","Windows",1080,1920,1.9901,22,"Yes"
"617",7,"texture","negative","chair","furniture","smooth",0.73,10,"עברית","30","Female","Firefox","Windows",1080,1920,1.9901,22,"Yes"
"618",8,"texture","positive","cheese","food","soft",0.65,11,"עברית","30","Female","Firefox","Windows",1080,1920,1.9901,22,"Yes"
"619",9,"shape","negative","desk","furniture","round",0,12,"עברית","30","Female","Firefox","Windows",1080,1920,1.9901,22,"Yes"
"620",10,"color","positive","TV","furniture","yellow",0,13,"עברית","30","Female","Firefox","Windows",1080,1920,1.9901,22,"Yes"
"621",11,"size","negative","TV","furniture","small",1,14,"עברית","30","Female","Firefox","Windows",1080,1920,1.9901,22,"Yes"
"622",12,"color","negative","chair","furniture","green",0,15,"עברית","30","Female","Firefox","Windows",1080,1920,1.9901,22,"Yes"
"623",13,"age","positive","chair","furniture","fresh",0.89,16,"עברית","30","Female","Firefox","Windows",1080,1920,1.9901,22,"Yes"
"624",14,"quality","negative","fan","furniture","bad",1,17,"עברית","30","Female","Firefox","Windows",1080,1920,1.9901,22,"Yes"
"625",15,"nationality","negative","couch","furniture","French",0,18,"עברית","30","Female","Firefox","Windows",1080,1920,1.9901,22,"Yes"
"626",16,"nationality","negative","banana","food","American",0,19,"עברית","30","Female","Firefox","Windows",1080,1920,1.9901,22,"Yes"
"627",17,"color","negative","fan","furniture","purple",0,20,"עברית","30","Female","Firefox","Windows",1080,1920,1.9901,22,"Yes"
"628",18,"texture","positive","desk","furniture","hard",1,21,"עברית","30","Female","Firefox","Windows",1080,1920,1.9901,22,"Yes"
"629",19,"size","positive","carrot","food","long",1,22,"עברית","30","Female","Firefox","Windows",1080,1920,1.9901,22,"Yes"
"630",20,"color","negative","couch","furniture","blue",0,23,"עברית","30","Female","Firefox","Windows",1080,1920,1.9901,22,"Yes"
"631",21,"color","positive","carrot","food","red",0,24,"עברית","30","Female","Firefox","Windows",1080,1920,1.9901,22,"Yes"
"632",22,"size","positive","carrot","food","huge",1,25,"עברית","30","Female","Firefox","Windows",1080,1920,1.9901,22,"Yes"
"633",23,"size","positive","desk","furniture","short",1,26,"עברית","30","Female","Firefox","Windows",1080,1920,1.9901,22,"Yes"
"634",24,"size","negative","apple","food","big",1,27,"עברית","30","Female","Firefox","Windows",1080,1920,1.9901,22,"Yes"
"635",25,"shape","positive","TV","furniture","square",0,28,"עברית","30","Female","Firefox","Windows",1080,1920,1.9901,22,"Yes"
"636",26,"pattern","positive","TV","furniture","striped",0.64,29,"עברית","30","Female","Firefox","Windows",1080,1920,1.9901,22,"Yes"
"637",27,"pattern","positive","cheese","food","dotted",0,30,"עברית","30","Female","Firefox","Windows",1080,1920,1.9901,22,"Yes"
"638",28,"pattern","negative","TV","furniture","checkered",0.82,31,"עברית","30","Female","Firefox","Windows",1080,1920,1.9901,22,"Yes"
"639",0,"color","positive","chair","furniture","blue",0.14,3,"עברית","25","Male","Firefox","Windows",720,1280,2.68341666666667,23,"Yes"
"640",1,"color","negative","chair","furniture","purple",0.08,4,"עברית","25","Male","Firefox","Windows",720,1280,2.68341666666667,23,"Yes"
"641",2,"color","positive","cheese","food","red",0.1,5,"עברית","25","Male","Firefox","Windows",720,1280,2.68341666666667,23,"Yes"
"642",3,"color","positive","banana","food","brown",0.11,6,"עברית","25","Male","Firefox","Windows",720,1280,2.68341666666667,23,"Yes"
"643",4,"texture","positive","chair","furniture","soft",0.74,7,"עברית","25","Male","Firefox","Windows",720,1280,2.68341666666667,23,"Yes"
"644",5,"size","positive","carrot","food","small",0.85,8,"עברית","25","Male","Firefox","Windows",720,1280,2.68341666666667,23,"Yes"
"645",6,"size","negative","chair","furniture","long",0.88,9,"עברית","25","Male","Firefox","Windows",720,1280,2.68341666666667,23,"Yes"
"646",7,"size","positive","carrot","food","huge",0.91,10,"עברית","25","Male","Firefox","Windows",720,1280,2.68341666666667,23,"Yes"
"647",8,"quality","negative","cheese","food","bad",1,11,"עברית","25","Male","Firefox","Windows",720,1280,2.68341666666667,23,"Yes"
"648",9,"size","positive","fan","furniture","big",0.89,12,"עברית","25","Male","Firefox","Windows",720,1280,2.68341666666667,23,"Yes"
"649",10,"nationality","positive","chair","furniture","Spanish",0.65,13,"עברית","25","Male","Firefox","Windows",720,1280,2.68341666666667,23,"Yes"
"650",11,"age","negative","couch","furniture","fresh",0.52,14,"עברית","25","Male","Firefox","Windows",720,1280,2.68341666666667,23,"Yes"
"651",12,"color","positive","apple","food","green",0.09,15,"עברית","25","Male","Firefox","Windows",720,1280,2.68341666666667,23,"Yes"
"652",13,"age","negative","fan","furniture","new",0.82,16,"עברית","25","Male","Firefox","Windows",720,1280,2.68341666666667,23,"Yes"
"653",14,"nationality","negative","fan","furniture","French",0.65,17,"עברית","25","Male","Firefox","Windows",720,1280,2.68341666666667,23,"Yes"
"654",15,"texture","positive","apple","food","hard",0.93,18,"עברית","25","Male","Firefox","Windows",720,1280,2.68341666666667,23,"Yes"
"655",16,"age","negative","cheese","food","old",0.79,19,"עברית","25","Male","Firefox","Windows",720,1280,2.68341666666667,23,"Yes"
"656",17,"nationality","positive","tomato","food","American",0.6,20,"עברית","25","Male","Firefox","Windows",720,1280,2.68341666666667,23,"Yes"
"657",18,"texture","negative","chair","furniture","smooth",0.74,21,"עברית","25","Male","Firefox","Windows",720,1280,2.68341666666667,23,"Yes"
"658",19,"color","positive","tomato","food","yellow",0.07,22,"עברית","25","Male","Firefox","Windows",720,1280,2.68341666666667,23,"Yes"
"659",20,"shape","positive","apple","food","square",0.17,23,"עברית","25","Male","Firefox","Windows",720,1280,2.68341666666667,23,"Yes"
"660",21,"size","negative","tomato","food","short",0.9,24,"עברית","25","Male","Firefox","Windows",720,1280,2.68341666666667,23,"Yes"
"661",22,"age","positive","chair","furniture","rotten",0.89,25,"עברית","25","Male","Firefox","Windows",720,1280,2.68341666666667,23,"Yes"
"662",23,"shape","negative","fan","furniture","round",0.49,26,"עברית","25","Male","Firefox","Windows",720,1280,2.68341666666667,23,"Yes"
"663",24,"quality","negative","carrot","food","good",0.96,27,"עברית","25","Male","Firefox","Windows",720,1280,2.68341666666667,23,"Yes"
"664",25,"size","negative","TV","furniture","tiny",0.72,28,"עברית","25","Male","Firefox","Windows",720,1280,2.68341666666667,23,"Yes"
"665",26,"pattern","positive","cheese","food","checkered",0.47,29,"עברית","25","Male","Firefox","Windows",720,1280,2.68341666666667,23,"Yes"
"666",27,"pattern","positive","apple","food","striped",0.82,30,"עברית","25","Male","Firefox","Windows",720,1280,2.68341666666667,23,"Yes"
"667",28,"pattern","negative","chair","furniture","dotted",0.2,31,"עברית","25","Male","Firefox","Windows",720,1280,2.68341666666667,23,"Yes"
