,class,firstutterance,noun,nounclass,predicate,response,slide_number,language,age,gender,Browser,OS,screenH,screenW,time_in_minutes,participant_id,assess
0,size,positive,apple,food,tiny,0.42,3,GREG TEST,GREG,,Safari,Mac,1440,2560,0.64285,1,
1,texture,negative,chair,furniture,hard,0.82,4,GREG TEST,GREG,,Safari,Mac,1440,2560,0.64285,1,
2,quality,negative,TV,furniture,good,0.55,5,GREG TEST,GREG,,Safari,Mac,1440,2560,0.64285,1,
3,age,positive,fan,furniture,fresh,0.88,6,GREG TEST,GREG,,Safari,Mac,1440,2560,0.64285,1,
4,nationality,negative,tomato,food,French,0.11,7,GREG TEST,GREG,,Safari,Mac,1440,2560,0.64285,1,
5,color,negative,couch,furniture,blue,0.85,8,GREG TEST,GREG,,Safari,Mac,1440,2560,0.64285,1,
6,size,negative,fan,furniture,long,0.17,9,GREG TEST,GREG,,Safari,Mac,1440,2560,0.64285,1,
7,size,positive,apple,food,big,0.95,10,GREG TEST,GREG,,Safari,Mac,1440,2560,0.64285,1,
8,color,negative,couch,furniture,brown,0.23,11,GREG TEST,GREG,,Safari,Mac,1440,2560,0.64285,1,
9,size,positive,cheese,food,small,0.83,12,GREG TEST,GREG,,Safari,Mac,1440,2560,0.64285,1,
10,quality,negative,apple,food,bad,0.24,13,GREG TEST,GREG,,Safari,Mac,1440,2560,0.64285,1,
11,age,negative,tomato,food,old,0.82,14,GREG TEST,GREG,,Safari,Mac,1440,2560,0.64285,1,
12,color,positive,chair,furniture,green,0.33,15,GREG TEST,GREG,,Safari,Mac,1440,2560,0.64285,1,
13,size,negative,couch,furniture,huge,0.78,16,GREG TEST,GREG,,Safari,Mac,1440,2560,0.64285,1,
14,size,positive,couch,furniture,short,0.54,17,GREG TEST,GREG,,Safari,Mac,1440,2560,0.64285,1,
15,color,positive,banana,food,purple,0.84,18,GREG TEST,GREG,,Safari,Mac,1440,2560,0.64285,1,
16,nationality,negative,TV,furniture,American,0.18,19,GREG TEST,GREG,,Safari,Mac,1440,2560,0.64285,1,
17,shape,positive,carrot,food,round,0.88,20,GREG TEST,GREG,,Safari,Mac,1440,2560,0.64285,1,
18,color,positive,chair,furniture,yellow,0.26,21,GREG TEST,GREG,,Safari,Mac,1440,2560,0.64285,1,
19,color,positive,fan,furniture,red,0.83,22,GREG TEST,GREG,,Safari,Mac,1440,2560,0.64285,1,
20,age,negative,apple,food,rotten,0.36,23,GREG TEST,GREG,,Safari,Mac,1440,2560,0.64285,1,
21,nationality,negative,fan,furniture,Spanish,0.84,24,GREG TEST,GREG,,Safari,Mac,1440,2560,0.64285,1,
22,age,positive,chair,furniture,new,0.23,25,GREG TEST,GREG,,Safari,Mac,1440,2560,0.64285,1,
23,shape,negative,apple,food,square,0.87,26,GREG TEST,GREG,,Safari,Mac,1440,2560,0.64285,1,
24,texture,negative,desk,furniture,soft,0.31,27,GREG TEST,GREG,,Safari,Mac,1440,2560,0.64285,1,
25,texture,positive,banana,food,smooth,0.62,28,GREG TEST,GREG,,Safari,Mac,1440,2560,0.64285,1,
26,pattern,positive,cheese,food,striped,0.83,29,GREG TEST,GREG,,Safari,Mac,1440,2560,0.64285,1,
27,pattern,negative,tomato,food,dotted,0.13,30,GREG TEST,GREG,,Safari,Mac,1440,2560,0.64285,1,
28,pattern,negative,couch,furniture,checkered,0.94,31,GREG TEST,GREG,,Safari,Mac,1440,2560,0.64285,1,
0,color,negative,cheese,food,blue,0.99,3,עברית,22,Female,Chrome,Windows,720,1280,12.340366666666666,2,Yes
1,size,positive,couch,furniture,big,0.03,4,עברית,22,Female,Chrome,Windows,720,1280,12.340366666666666,2,Yes
2,shape,positive,banana,food,square,0.98,5,עברית,22,Female,Chrome,Windows,720,1280,12.340366666666666,2,Yes
3,size,negative,desk,furniture,tiny,0.03,6,עברית,22,Female,Chrome,Windows,720,1280,12.340366666666666,2,Yes
4,quality,negative,desk,furniture,bad,0.0,7,עברית,22,Female,Chrome,Windows,720,1280,12.340366666666666,2,Yes
5,size,negative,tomato,food,long,0.28,8,עברית,22,Female,Chrome,Windows,720,1280,12.340366666666666,2,Yes
6,texture,positive,carrot,food,soft,0.37,9,עברית,22,Female,Chrome,Windows,720,1280,12.340366666666666,2,Yes
7,size,negative,fan,furniture,small,0.01,10,עברית,22,Female,Chrome,Windows,720,1280,12.340366666666666,2,Yes
8,texture,negative,carrot,food,smooth,0.77,11,עברית,22,Female,Chrome,Windows,720,1280,12.340366666666666,2,Yes
9,nationality,negative,couch,furniture,American,0.97,12,עברית,22,Female,Chrome,Windows,720,1280,12.340366666666666,2,Yes
10,shape,negative,apple,food,round,0.49,13,עברית,22,Female,Chrome,Windows,720,1280,12.340366666666666,2,Yes
11,color,negative,banana,food,brown,0.74,14,עברית,22,Female,Chrome,Windows,720,1280,12.340366666666666,2,Yes
12,age,positive,tomato,food,fresh,0.73,15,עברית,22,Female,Chrome,Windows,720,1280,12.340366666666666,2,Yes
13,color,negative,fan,furniture,red,0.98,16,עברית,22,Female,Chrome,Windows,720,1280,12.340366666666666,2,Yes
14,size,negative,banana,food,short,0.23,17,עברית,22,Female,Chrome,Windows,720,1280,12.340366666666666,2,Yes
15,texture,positive,apple,food,hard,0.27,18,עברית,22,Female,Chrome,Windows,720,1280,12.340366666666666,2,Yes
16,nationality,positive,desk,furniture,French,0.95,19,עברית,22,Female,Chrome,Windows,720,1280,12.340366666666666,2,Yes
17,age,positive,fan,furniture,new,0.15,20,עברית,22,Female,Chrome,Windows,720,1280,12.340366666666666,2,Yes
18,color,negative,fan,furniture,green,1.0,21,עברית,22,Female,Chrome,Windows,720,1280,12.340366666666666,2,Yes
19,size,negative,TV,furniture,huge,0.13,22,עברית,22,Female,Chrome,Windows,720,1280,12.340366666666666,2,Yes
20,color,positive,cheese,food,purple,0.99,23,עברית,22,Female,Chrome,Windows,720,1280,12.340366666666666,2,Yes
21,age,negative,fan,furniture,old,0.16,24,עברית,22,Female,Chrome,Windows,720,1280,12.340366666666666,2,Yes
22,quality,negative,cheese,food,good,0.09,25,עברית,22,Female,Chrome,Windows,720,1280,12.340366666666666,2,Yes
23,color,positive,couch,furniture,yellow,0.9,26,עברית,22,Female,Chrome,Windows,720,1280,12.340366666666666,2,Yes
24,nationality,negative,cheese,food,Spanish,1.0,27,עברית,22,Female,Chrome,Windows,720,1280,12.340366666666666,2,Yes
25,age,negative,tomato,food,rotten,0.68,28,עברית,22,Female,Chrome,Windows,720,1280,12.340366666666666,2,Yes
26,pattern,positive,fan,furniture,checkered,0.71,29,עברית,22,Female,Chrome,Windows,720,1280,12.340366666666666,2,Yes
27,pattern,positive,couch,furniture,striped,0.69,30,עברית,22,Female,Chrome,Windows,720,1280,12.340366666666666,2,Yes
28,pattern,positive,banana,food,dotted,0.92,31,עברית,22,Female,Chrome,Windows,720,1280,12.340366666666666,2,Yes
0,texture,negative,TV,furniture,smooth,0.86,3,עברית,28,Female,Chrome,Windows,720,1280,36.85738333333333,3,Yes
1,quality,negative,chair,furniture,good,0.12,4,עברית,28,Female,Chrome,Windows,720,1280,36.85738333333333,3,Yes
2,color,positive,apple,food,red,0.86,5,עברית,28,Female,Chrome,Windows,720,1280,36.85738333333333,3,Yes
3,size,negative,TV,furniture,short,0.45,6,עברית,28,Female,Chrome,Windows,720,1280,36.85738333333333,3,Yes
4,color,positive,carrot,food,purple,0.63,7,עברית,28,Female,Chrome,Windows,720,1280,36.85738333333333,3,Yes
5,size,positive,TV,furniture,huge,0.35,8,עברית,28,Female,Chrome,Windows,720,1280,36.85738333333333,3,Yes
6,shape,positive,couch,furniture,round,0.73,9,עברית,28,Female,Chrome,Windows,720,1280,36.85738333333333,3,Yes
7,nationality,negative,cheese,food,American,1.0,10,עברית,28,Female,Chrome,Windows,720,1280,36.85738333333333,3,Yes
8,nationality,negative,carrot,food,French,1.0,11,עברית,28,Female,Chrome,Windows,720,1280,36.85738333333333,3,Yes
9,size,positive,chair,furniture,big,0.0,12,עברית,28,Female,Chrome,Windows,720,1280,36.85738333333333,3,Yes
10,age,positive,TV,furniture,fresh,0.47,13,עברית,28,Female,Chrome,Windows,720,1280,36.85738333333333,3,Yes
11,shape,positive,cheese,food,square,0.9,14,עברית,28,Female,Chrome,Windows,720,1280,36.85738333333333,3,Yes
12,nationality,negative,tomato,food,Spanish,1.0,15,עברית,28,Female,Chrome,Windows,720,1280,36.85738333333333,3,Yes
13,quality,negative,TV,furniture,bad,0.0,16,עברית,28,Female,Chrome,Windows,720,1280,36.85738333333333,3,Yes
14,size,negative,banana,food,long,0.18,17,עברית,28,Female,Chrome,Windows,720,1280,36.85738333333333,3,Yes
15,age,positive,chair,furniture,old,0.27,18,עברית,28,Female,Chrome,Windows,720,1280,36.85738333333333,3,Yes
16,texture,positive,apple,food,hard,0.58,19,עברית,28,Female,Chrome,Windows,720,1280,36.85738333333333,3,Yes
17,color,negative,fan,furniture,brown,0.76,20,עברית,28,Female,Chrome,Windows,720,1280,36.85738333333333,3,Yes
18,age,positive,apple,food,new,0.44,21,עברית,28,Female,Chrome,Windows,720,1280,36.85738333333333,3,Yes
19,color,negative,couch,furniture,green,0.37,22,עברית,28,Female,Chrome,Windows,720,1280,36.85738333333333,3,Yes
20,size,negative,apple,food,tiny,0.46,23,עברית,28,Female,Chrome,Windows,720,1280,36.85738333333333,3,Yes
21,age,positive,fan,furniture,rotten,0.49,24,עברית,28,Female,Chrome,Windows,720,1280,36.85738333333333,3,Yes
22,size,negative,couch,furniture,small,0.11,25,עברית,28,Female,Chrome,Windows,720,1280,36.85738333333333,3,Yes
23,color,positive,desk,furniture,blue,0.4,26,עברית,28,Female,Chrome,Windows,720,1280,36.85738333333333,3,Yes
24,color,positive,cheese,food,yellow,0.97,27,עברית,28,Female,Chrome,Windows,720,1280,36.85738333333333,3,Yes
25,texture,negative,carrot,food,soft,0.72,28,עברית,28,Female,Chrome,Windows,720,1280,36.85738333333333,3,Yes
26,pattern,negative,TV,furniture,dotted,0.71,29,עברית,28,Female,Chrome,Windows,720,1280,36.85738333333333,3,Yes
27,pattern,positive,cheese,food,striped,0.88,30,עברית,28,Female,Chrome,Windows,720,1280,36.85738333333333,3,Yes
28,pattern,positive,cheese,food,checkered,0.86,31,עברית,28,Female,Chrome,Windows,720,1280,36.85738333333333,3,Yes
0,age,negative,TV,furniture,rotten,1.0,3,עברית,23,Female,Chrome,Windows,720,1280,3.9971,4,Yes
1,quality,positive,carrot,food,good,0.99,4,עברית,23,Female,Chrome,Windows,720,1280,3.9971,4,Yes
2,quality,positive,cheese,food,bad,0.0,5,עברית,23,Female,Chrome,Windows,720,1280,3.9971,4,Yes
3,texture,negative,TV,furniture,soft,0.0,6,עברית,23,Female,Chrome,Windows,720,1280,3.9971,4,Yes
4,texture,positive,couch,furniture,hard,0.02,7,עברית,23,Female,Chrome,Windows,720,1280,3.9971,4,Yes
5,nationality,negative,couch,furniture,American,0.96,8,עברית,23,Female,Chrome,Windows,720,1280,3.9971,4,Yes
6,size,negative,desk,furniture,tiny,0.0,9,עברית,23,Female,Chrome,Windows,720,1280,3.9971,4,Yes
7,size,positive,couch,furniture,big,0.04,10,עברית,23,Female,Chrome,Windows,720,1280,3.9971,4,Yes
8,size,negative,tomato,food,long,0.01,11,עברית,23,Female,Chrome,Windows,720,1280,3.9971,4,Yes
9,nationality,positive,chair,furniture,French,0.96,12,עברית,23,Female,Chrome,Windows,720,1280,3.9971,4,Yes
10,texture,negative,chair,furniture,smooth,0.25,13,עברית,23,Female,Chrome,Windows,720,1280,3.9971,4,Yes
11,color,negative,chair,furniture,purple,0.97,14,עברית,23,Female,Chrome,Windows,720,1280,3.9971,4,Yes
12,size,negative,TV,furniture,huge,0.0,15,עברית,23,Female,Chrome,Windows,720,1280,3.9971,4,Yes
13,nationality,positive,fan,furniture,Spanish,0.98,16,עברית,23,Female,Chrome,Windows,720,1280,3.9971,4,Yes
14,size,positive,tomato,food,small,0.02,17,עברית,23,Female,Chrome,Windows,720,1280,3.9971,4,Yes
15,shape,positive,desk,furniture,square,0.98,18,עברית,23,Female,Chrome,Windows,720,1280,3.9971,4,Yes
16,shape,negative,tomato,food,round,0.96,19,עברית,23,Female,Chrome,Windows,720,1280,3.9971,4,Yes
17,age,negative,chair,furniture,old,0.53,20,עברית,23,Female,Chrome,Windows,720,1280,3.9971,4,Yes
18,color,negative,tomato,food,blue,0.95,21,עברית,23,Female,Chrome,Windows,720,1280,3.9971,4,Yes
19,color,negative,banana,food,brown,0.96,22,עברית,23,Female,Chrome,Windows,720,1280,3.9971,4,Yes
20,color,positive,tomato,food,green,0.98,23,עברית,23,Female,Chrome,Windows,720,1280,3.9971,4,Yes
21,color,positive,banana,food,yellow,0.94,24,עברית,23,Female,Chrome,Windows,720,1280,3.9971,4,Yes
22,age,negative,TV,furniture,new,0.78,25,עברית,23,Female,Chrome,Windows,720,1280,3.9971,4,Yes
23,size,negative,desk,furniture,short,0.97,26,עברית,23,Female,Chrome,Windows,720,1280,3.9971,4,Yes
24,age,negative,banana,food,fresh,0.94,27,עברית,23,Female,Chrome,Windows,720,1280,3.9971,4,Yes
25,color,positive,desk,furniture,red,0.95,28,עברית,23,Female,Chrome,Windows,720,1280,3.9971,4,Yes
26,pattern,positive,carrot,food,checkered,0.95,29,עברית,23,Female,Chrome,Windows,720,1280,3.9971,4,Yes
27,pattern,positive,couch,furniture,dotted,0.94,30,עברית,23,Female,Chrome,Windows,720,1280,3.9971,4,Yes
28,pattern,positive,fan,furniture,striped,0.97,31,עברית,23,Female,Chrome,Windows,720,1280,3.9971,4,Yes
0,nationality,positive,banana,food,French,1.0,3,עברית אנגלית,24,Male,Chrome,Windows,720,1280,47.99478333333333,5,Yes
1,color,positive,carrot,food,green,0.88,4,עברית אנגלית,24,Male,Chrome,Windows,720,1280,47.99478333333333,5,Yes
2,texture,negative,chair,furniture,smooth,0.89,5,עברית אנגלית,24,Male,Chrome,Windows,720,1280,47.99478333333333,5,Yes
3,quality,negative,desk,furniture,bad,0.0,6,עברית אנגלית,24,Male,Chrome,Windows,720,1280,47.99478333333333,5,Yes
4,nationality,negative,chair,furniture,Spanish,1.0,7,עברית אנגלית,24,Male,Chrome,Windows,720,1280,47.99478333333333,5,Yes
5,age,positive,chair,furniture,rotten,1.0,8,עברית אנגלית,24,Male,Chrome,Windows,720,1280,47.99478333333333,5,Yes
6,color,positive,banana,food,blue,0.86,9,עברית אנגלית,24,Male,Chrome,Windows,720,1280,47.99478333333333,5,Yes
7,size,negative,fan,furniture,long,0.15,10,עברית אנגלית,24,Male,Chrome,Windows,720,1280,47.99478333333333,5,Yes
8,size,negative,fan,furniture,big,0.11,11,עברית אנגלית,24,Male,Chrome,Windows,720,1280,47.99478333333333,5,Yes
9,size,positive,fan,furniture,huge,0.09,12,עברית אנגלית,24,Male,Chrome,Windows,720,1280,47.99478333333333,5,Yes
10,size,positive,cheese,food,small,0.12,13,עברית אנגלית,24,Male,Chrome,Windows,720,1280,47.99478333333333,5,Yes
11,age,negative,cheese,food,fresh,0.77,14,עברית אנגלית,24,Male,Chrome,Windows,720,1280,47.99478333333333,5,Yes
12,age,negative,TV,furniture,old,0.38,15,עברית אנגלית,24,Male,Chrome,Windows,720,1280,47.99478333333333,5,Yes
13,quality,positive,fan,furniture,good,0.18,16,עברית אנגלית,24,Male,Chrome,Windows,720,1280,47.99478333333333,5,Yes
14,texture,negative,apple,food,soft,0.69,17,עברית אנגלית,24,Male,Chrome,Windows,720,1280,47.99478333333333,5,Yes
15,texture,negative,apple,food,hard,0.69,18,עברית אנגלית,24,Male,Chrome,Windows,720,1280,47.99478333333333,5,Yes
16,color,positive,TV,furniture,yellow,0.93,19,עברית אנגלית,24,Male,Chrome,Windows,720,1280,47.99478333333333,5,Yes
17,nationality,positive,carrot,food,American,1.0,20,עברית אנגלית,24,Male,Chrome,Windows,720,1280,47.99478333333333,5,Yes
18,color,negative,tomato,food,brown,0.82,21,עברית אנגלית,24,Male,Chrome,Windows,720,1280,47.99478333333333,5,Yes
19,shape,positive,chair,furniture,round,1.0,22,עברית אנגלית,24,Male,Chrome,Windows,720,1280,47.99478333333333,5,Yes
20,age,negative,TV,furniture,new,0.26,23,עברית אנגלית,24,Male,Chrome,Windows,720,1280,47.99478333333333,5,Yes
21,size,positive,TV,furniture,short,0.36,24,עברית אנגלית,24,Male,Chrome,Windows,720,1280,47.99478333333333,5,Yes
22,shape,negative,couch,furniture,square,0.91,25,עברית אנגלית,24,Male,Chrome,Windows,720,1280,47.99478333333333,5,Yes
23,color,positive,TV,furniture,red,0.89,26,עברית אנגלית,24,Male,Chrome,Windows,720,1280,47.99478333333333,5,Yes
24,color,positive,couch,furniture,purple,0.92,27,עברית אנגלית,24,Male,Chrome,Windows,720,1280,47.99478333333333,5,Yes
25,size,negative,TV,furniture,tiny,0.1,28,עברית אנגלית,24,Male,Chrome,Windows,720,1280,47.99478333333333,5,Yes
26,pattern,positive,chair,furniture,striped,1.0,29,עברית אנגלית,24,Male,Chrome,Windows,720,1280,47.99478333333333,5,Yes
27,pattern,negative,TV,furniture,checkered,1.0,30,עברית אנגלית,24,Male,Chrome,Windows,720,1280,47.99478333333333,5,Yes
28,pattern,positive,carrot,food,dotted,1.0,31,עברית אנגלית,24,Male,Chrome,Windows,720,1280,47.99478333333333,5,Yes
0,color,negative,apple,food,yellow,0.37,3,עברית,37,Male,Chrome,Windows,720,1280,36.58793333333333,6,Yes
1,size,negative,carrot,food,big,0.21,4,עברית,37,Male,Chrome,Windows,720,1280,36.58793333333333,6,Yes
2,age,positive,fan,furniture,rotten,0.75,5,עברית,37,Male,Chrome,Windows,720,1280,36.58793333333333,6,Yes
3,size,positive,TV,furniture,huge,0.02,6,עברית,37,Male,Chrome,Windows,720,1280,36.58793333333333,6,Yes
4,color,negative,desk,furniture,purple,0.47,7,עברית,37,Male,Chrome,Windows,720,1280,36.58793333333333,6,Yes
5,size,positive,tomato,food,short,0.0,8,עברית,37,Male,Chrome,Windows,720,1280,36.58793333333333,6,Yes
6,age,negative,desk,furniture,old,0.45,9,עברית,37,Male,Chrome,Windows,720,1280,36.58793333333333,6,Yes
7,color,positive,banana,food,green,0.9,10,עברית,37,Male,Chrome,Windows,720,1280,36.58793333333333,6,Yes
8,age,negative,cheese,food,new,0.9,11,עברית,37,Male,Chrome,Windows,720,1280,36.58793333333333,6,Yes
9,size,negative,desk,furniture,tiny,0.26,12,עברית,37,Male,Chrome,Windows,720,1280,36.58793333333333,6,Yes
10,size,negative,apple,food,long,0.02,13,עברית,37,Male,Chrome,Windows,720,1280,36.58793333333333,6,Yes
11,texture,negative,chair,furniture,hard,0.38,14,עברית,37,Male,Chrome,Windows,720,1280,36.58793333333333,6,Yes
12,nationality,negative,TV,furniture,French,0.98,15,עברית,37,Male,Chrome,Windows,720,1280,36.58793333333333,6,Yes
13,texture,negative,couch,furniture,soft,0.38,16,עברית,37,Male,Chrome,Windows,720,1280,36.58793333333333,6,Yes
14,nationality,positive,fan,furniture,American,0.95,17,עברית,37,Male,Chrome,Windows,720,1280,36.58793333333333,6,Yes
15,color,positive,apple,food,blue,0.4,18,עברית,37,Male,Chrome,Windows,720,1280,36.58793333333333,6,Yes
16,quality,positive,banana,food,good,0.22,19,עברית,37,Male,Chrome,Windows,720,1280,36.58793333333333,6,Yes
17,color,positive,TV,furniture,red,0.97,20,עברית,37,Male,Chrome,Windows,720,1280,36.58793333333333,6,Yes
18,quality,negative,banana,food,bad,0.09,21,עברית,37,Male,Chrome,Windows,720,1280,36.58793333333333,6,Yes
19,texture,positive,banana,food,smooth,0.32,22,עברית,37,Male,Chrome,Windows,720,1280,36.58793333333333,6,Yes
20,shape,positive,tomato,food,square,0.98,23,עברית,37,Male,Chrome,Windows,720,1280,36.58793333333333,6,Yes
21,color,positive,TV,furniture,brown,0.69,24,עברית,37,Male,Chrome,Windows,720,1280,36.58793333333333,6,Yes
22,nationality,negative,tomato,food,Spanish,0.99,25,עברית,37,Male,Chrome,Windows,720,1280,36.58793333333333,6,Yes
23,size,positive,tomato,food,small,0.46,26,עברית,37,Male,Chrome,Windows,720,1280,36.58793333333333,6,Yes
24,shape,negative,TV,furniture,round,0.76,27,עברית,37,Male,Chrome,Windows,720,1280,36.58793333333333,6,Yes
25,age,positive,desk,furniture,fresh,0.03,28,עברית,37,Male,Chrome,Windows,720,1280,36.58793333333333,6,Yes
26,pattern,negative,tomato,food,dotted,0.9,29,עברית,37,Male,Chrome,Windows,720,1280,36.58793333333333,6,Yes
27,pattern,negative,desk,furniture,checkered,0.99,30,עברית,37,Male,Chrome,Windows,720,1280,36.58793333333333,6,Yes
28,pattern,negative,carrot,food,striped,0.74,31,עברית,37,Male,Chrome,Windows,720,1280,36.58793333333333,6,Yes
0,age,positive,tomato,food,fresh,0.5,3,עברית,24,Male,Chrome,Windows,720,1280,21.012916666666666,7,Yes
1,color,positive,cheese,food,green,1.0,4,עברית,24,Male,Chrome,Windows,720,1280,21.012916666666666,7,Yes
2,shape,negative,TV,furniture,round,1.0,5,עברית,24,Male,Chrome,Windows,720,1280,21.012916666666666,7,Yes
3,size,positive,banana,food,huge,0.0,6,עברית,24,Male,Chrome,Windows,720,1280,21.012916666666666,7,Yes
4,size,positive,apple,food,short,0.05,7,עברית,24,Male,Chrome,Windows,720,1280,21.012916666666666,7,Yes
5,texture,positive,chair,furniture,smooth,0.38,8,עברית,24,Male,Chrome,Windows,720,1280,21.012916666666666,7,Yes
6,size,positive,fan,furniture,big,0.59,9,עברית,24,Male,Chrome,Windows,720,1280,21.012916666666666,7,Yes
7,color,positive,banana,food,brown,0.84,10,עברית,24,Male,Chrome,Windows,720,1280,21.012916666666666,7,Yes
8,nationality,positive,couch,furniture,French,0.97,11,עברית,24,Male,Chrome,Windows,720,1280,21.012916666666666,7,Yes
9,color,positive,banana,food,blue,1.0,12,עברית,24,Male,Chrome,Windows,720,1280,21.012916666666666,7,Yes
10,age,positive,couch,furniture,old,0.24,13,עברית,24,Male,Chrome,Windows,720,1280,21.012916666666666,7,Yes
11,age,positive,TV,furniture,rotten,1.0,14,עברית,24,Male,Chrome,Windows,720,1280,21.012916666666666,7,Yes
12,color,negative,desk,furniture,yellow,0.8,15,עברית,24,Male,Chrome,Windows,720,1280,21.012916666666666,7,Yes
13,nationality,positive,banana,food,American,1.0,16,עברית,24,Male,Chrome,Windows,720,1280,21.012916666666666,7,Yes
14,color,negative,cheese,food,purple,0.39,17,עברית,24,Male,Chrome,Windows,720,1280,21.012916666666666,7,Yes
15,quality,positive,fan,furniture,bad,0.0,18,עברית,24,Male,Chrome,Windows,720,1280,21.012916666666666,7,Yes
16,size,positive,chair,furniture,long,0.52,19,עברית,24,Male,Chrome,Windows,720,1280,21.012916666666666,7,Yes
17,quality,positive,cheese,food,good,0.0,20,עברית,24,Male,Chrome,Windows,720,1280,21.012916666666666,7,Yes
18,nationality,positive,tomato,food,Spanish,1.0,21,עברית,24,Male,Chrome,Windows,720,1280,21.012916666666666,7,Yes
19,texture,positive,tomato,food,hard,0.32,22,עברית,24,Male,Chrome,Windows,720,1280,21.012916666666666,7,Yes
20,size,positive,tomato,food,tiny,0.26,23,עברית,24,Male,Chrome,Windows,720,1280,21.012916666666666,7,Yes
21,texture,positive,couch,furniture,soft,0.04,24,עברית,24,Male,Chrome,Windows,720,1280,21.012916666666666,7,Yes
22,color,negative,fan,furniture,red,1.0,25,עברית,24,Male,Chrome,Windows,720,1280,21.012916666666666,7,Yes
23,shape,negative,fan,furniture,square,1.0,26,עברית,24,Male,Chrome,Windows,720,1280,21.012916666666666,7,Yes
24,size,positive,tomato,food,small,0.22,27,עברית,24,Male,Chrome,Windows,720,1280,21.012916666666666,7,Yes
25,age,negative,chair,furniture,new,0.51,28,עברית,24,Male,Chrome,Windows,720,1280,21.012916666666666,7,Yes
26,pattern,negative,tomato,food,dotted,1.0,29,עברית,24,Male,Chrome,Windows,720,1280,21.012916666666666,7,Yes
27,pattern,negative,tomato,food,checkered,1.0,30,עברית,24,Male,Chrome,Windows,720,1280,21.012916666666666,7,Yes
28,pattern,positive,couch,furniture,striped,1.0,31,עברית,24,Male,Chrome,Windows,720,1280,21.012916666666666,7,Yes
0,nationality,positive,chair,furniture,French,0.94,3,עברית,31,Male,Chrome,Windows,720,1280,12.860366666666666,8,Yes
1,nationality,positive,desk,furniture,American,0.97,4,עברית,31,Male,Chrome,Windows,720,1280,12.860366666666666,8,Yes
2,size,negative,chair,furniture,big,0.96,5,עברית,31,Male,Chrome,Windows,720,1280,12.860366666666666,8,Yes
3,size,positive,apple,food,long,0.97,6,עברית,31,Male,Chrome,Windows,720,1280,12.860366666666666,8,Yes
4,texture,negative,TV,furniture,soft,0.96,7,עברית,31,Male,Chrome,Windows,720,1280,12.860366666666666,8,Yes
5,color,positive,cheese,food,green,0.95,8,עברית,31,Male,Chrome,Windows,720,1280,12.860366666666666,8,Yes
6,size,negative,banana,food,small,0.78,9,עברית,31,Male,Chrome,Windows,720,1280,12.860366666666666,8,Yes
7,age,negative,apple,food,new,0.02,10,עברית,31,Male,Chrome,Windows,720,1280,12.860366666666666,8,Yes
8,nationality,positive,carrot,food,Spanish,0.46,11,עברית,31,Male,Chrome,Windows,720,1280,12.860366666666666,8,Yes
9,age,positive,carrot,food,old,0.04,12,עברית,31,Male,Chrome,Windows,720,1280,12.860366666666666,8,Yes
10,quality,positive,apple,food,good,0.16,13,עברית,31,Male,Chrome,Windows,720,1280,12.860366666666666,8,Yes
11,size,negative,couch,furniture,huge,0.31,14,עברית,31,Male,Chrome,Windows,720,1280,12.860366666666666,8,Yes
12,quality,positive,tomato,food,bad,0.03,15,עברית,31,Male,Chrome,Windows,720,1280,12.860366666666666,8,Yes
13,color,negative,chair,furniture,yellow,0.99,16,עברית,31,Male,Chrome,Windows,720,1280,12.860366666666666,8,Yes
14,size,positive,carrot,food,tiny,0.03,17,עברית,31,Male,Chrome,Windows,720,1280,12.860366666666666,8,Yes
15,age,positive,tomato,food,fresh,0.06,18,עברית,31,Male,Chrome,Windows,720,1280,12.860366666666666,8,Yes
16,shape,positive,fan,furniture,round,0.98,19,עברית,31,Male,Chrome,Windows,720,1280,12.860366666666666,8,Yes
17,texture,negative,tomato,food,hard,0.02,20,עברית,31,Male,Chrome,Windows,720,1280,12.860366666666666,8,Yes
18,color,positive,chair,furniture,brown,0.96,21,עברית,31,Male,Chrome,Windows,720,1280,12.860366666666666,8,Yes
19,size,negative,cheese,food,short,0.37,22,עברית,31,Male,Chrome,Windows,720,1280,12.860366666666666,8,Yes
20,color,negative,TV,furniture,blue,0.92,23,עברית,31,Male,Chrome,Windows,720,1280,12.860366666666666,8,Yes
21,age,negative,cheese,food,rotten,0.06,24,עברית,31,Male,Chrome,Windows,720,1280,12.860366666666666,8,Yes
22,color,negative,couch,furniture,purple,0.94,25,עברית,31,Male,Chrome,Windows,720,1280,12.860366666666666,8,Yes
23,color,negative,banana,food,red,0.17,26,עברית,31,Male,Chrome,Windows,720,1280,12.860366666666666,8,Yes
24,texture,negative,cheese,food,smooth,0.32,27,עברית,31,Male,Chrome,Windows,720,1280,12.860366666666666,8,Yes
25,shape,positive,desk,furniture,square,0.93,28,עברית,31,Male,Chrome,Windows,720,1280,12.860366666666666,8,Yes
26,pattern,negative,apple,food,dotted,0.96,29,עברית,31,Male,Chrome,Windows,720,1280,12.860366666666666,8,Yes
27,pattern,positive,banana,food,checkered,0.97,30,עברית,31,Male,Chrome,Windows,720,1280,12.860366666666666,8,Yes
28,pattern,negative,chair,furniture,striped,0.97,31,עברית,31,Male,Chrome,Windows,720,1280,12.860366666666666,8,Yes
0,size,negative,cheese,food,long,1.0,3,עברית,25,Female,Chrome,Windows,720,1280,3.3571,9,Yes
1,age,positive,apple,food,rotten,1.0,4,עברית,25,Female,Chrome,Windows,720,1280,3.3571,9,Yes
2,color,negative,banana,food,yellow,0.79,5,עברית,25,Female,Chrome,Windows,720,1280,3.3571,9,Yes
3,quality,positive,desk,furniture,bad,0.0,6,עברית,25,Female,Chrome,Windows,720,1280,3.3571,9,Yes
4,size,positive,fan,furniture,tiny,0.01,7,עברית,25,Female,Chrome,Windows,720,1280,3.3571,9,Yes
5,age,negative,chair,furniture,old,0.31,8,עברית,25,Female,Chrome,Windows,720,1280,3.3571,9,Yes
6,texture,positive,tomato,food,soft,1.0,9,עברית,25,Female,Chrome,Windows,720,1280,3.3571,9,Yes
7,size,negative,chair,furniture,short,1.0,10,עברית,25,Female,Chrome,Windows,720,1280,3.3571,9,Yes
8,texture,negative,tomato,food,smooth,1.0,11,עברית,25,Female,Chrome,Windows,720,1280,3.3571,9,Yes
9,texture,positive,banana,food,hard,1.0,12,עברית,25,Female,Chrome,Windows,720,1280,3.3571,9,Yes
10,nationality,positive,couch,furniture,American,1.0,13,עברית,25,Female,Chrome,Windows,720,1280,3.3571,9,Yes
11,nationality,negative,chair,furniture,French,1.0,14,עברית,25,Female,Chrome,Windows,720,1280,3.3571,9,Yes
12,shape,positive,apple,food,square,1.0,15,עברית,25,Female,Chrome,Windows,720,1280,3.3571,9,Yes
13,color,negative,apple,food,green,0.77,16,עברית,25,Female,Chrome,Windows,720,1280,3.3571,9,Yes
14,color,negative,cheese,food,red,1.0,17,עברית,25,Female,Chrome,Windows,720,1280,3.3571,9,Yes
15,shape,negative,desk,furniture,round,1.0,18,עברית,25,Female,Chrome,Windows,720,1280,3.3571,9,Yes
16,color,negative,couch,furniture,brown,0.73,19,עברית,25,Female,Chrome,Windows,720,1280,3.3571,9,Yes
17,quality,negative,tomato,food,good,0.0,20,עברית,25,Female,Chrome,Windows,720,1280,3.3571,9,Yes
18,size,positive,TV,furniture,small,0.29,21,עברית,25,Female,Chrome,Windows,720,1280,3.3571,9,Yes
19,nationality,negative,carrot,food,Spanish,0.99,22,עברית,25,Female,Chrome,Windows,720,1280,3.3571,9,Yes
20,color,negative,tomato,food,purple,0.82,23,עברית,25,Female,Chrome,Windows,720,1280,3.3571,9,Yes
21,age,negative,cheese,food,fresh,0.39,24,עברית,25,Female,Chrome,Windows,720,1280,3.3571,9,Yes
22,size,negative,TV,furniture,huge,0.01,25,עברית,25,Female,Chrome,Windows,720,1280,3.3571,9,Yes
23,color,negative,couch,furniture,blue,0.79,26,עברית,25,Female,Chrome,Windows,720,1280,3.3571,9,Yes
24,size,positive,banana,food,big,0.8,27,עברית,25,Female,Chrome,Windows,720,1280,3.3571,9,Yes
25,age,negative,tomato,food,new,0.97,28,עברית,25,Female,Chrome,Windows,720,1280,3.3571,9,Yes
26,pattern,positive,banana,food,striped,0.62,29,עברית,25,Female,Chrome,Windows,720,1280,3.3571,9,Yes
27,pattern,negative,fan,furniture,checkered,0.99,30,עברית,25,Female,Chrome,Windows,720,1280,3.3571,9,Yes
28,pattern,negative,apple,food,dotted,0.96,31,עברית,25,Female,Chrome,Windows,720,1280,3.3571,9,Yes
0,age,positive,banana,food,old,0.98,3,עברית,22,Male,Safari,iPhone/iPod,568,320,2.28085,10,Yes
1,age,negative,carrot,food,new,0.98,4,עברית,22,Male,Safari,iPhone/iPod,568,320,2.28085,10,Yes
2,size,positive,couch,furniture,huge,0.99,5,עברית,22,Male,Safari,iPhone/iPod,568,320,2.28085,10,Yes
3,size,positive,TV,furniture,small,0.99,6,עברית,22,Male,Safari,iPhone/iPod,568,320,2.28085,10,Yes
4,texture,negative,chair,furniture,smooth,0.98,7,עברית,22,Male,Safari,iPhone/iPod,568,320,2.28085,10,Yes
5,color,negative,fan,furniture,purple,0.95,8,עברית,22,Male,Safari,iPhone/iPod,568,320,2.28085,10,Yes
6,size,positive,desk,furniture,short,0.97,9,עברית,22,Male,Safari,iPhone/iPod,568,320,2.28085,10,Yes
7,size,positive,chair,furniture,big,0.99,10,עברית,22,Male,Safari,iPhone/iPod,568,320,2.28085,10,Yes
8,texture,negative,fan,furniture,hard,0.95,11,עברית,22,Male,Safari,iPhone/iPod,568,320,2.28085,10,Yes
9,shape,negative,carrot,food,round,0.92,12,עברית,22,Male,Safari,iPhone/iPod,568,320,2.28085,10,Yes
10,age,negative,cheese,food,rotten,0.94,13,עברית,22,Male,Safari,iPhone/iPod,568,320,2.28085,10,Yes
11,age,positive,tomato,food,fresh,0.97,14,עברית,22,Male,Safari,iPhone/iPod,568,320,2.28085,10,Yes
12,nationality,positive,apple,food,American,0.91,15,עברית,22,Male,Safari,iPhone/iPod,568,320,2.28085,10,Yes
13,quality,positive,chair,furniture,good,0.04,16,עברית,22,Male,Safari,iPhone/iPod,568,320,2.28085,10,Yes
14,shape,positive,cheese,food,square,0.93,17,עברית,22,Male,Safari,iPhone/iPod,568,320,2.28085,10,Yes
15,color,negative,couch,furniture,yellow,0.94,18,עברית,22,Male,Safari,iPhone/iPod,568,320,2.28085,10,Yes
16,color,negative,couch,furniture,brown,0.92,19,עברית,22,Male,Safari,iPhone/iPod,568,320,2.28085,10,Yes
17,quality,negative,cheese,food,bad,0.07,20,עברית,22,Male,Safari,iPhone/iPod,568,320,2.28085,10,Yes
18,color,negative,apple,food,blue,0.98,21,עברית,22,Male,Safari,iPhone/iPod,568,320,2.28085,10,Yes
19,size,negative,chair,furniture,tiny,0.07,22,עברית,22,Male,Safari,iPhone/iPod,568,320,2.28085,10,Yes
20,color,negative,couch,furniture,green,0.97,23,עברית,22,Male,Safari,iPhone/iPod,568,320,2.28085,10,Yes
21,nationality,negative,chair,furniture,French,0.94,24,עברית,22,Male,Safari,iPhone/iPod,568,320,2.28085,10,Yes
22,texture,positive,cheese,food,soft,0.96,25,עברית,22,Male,Safari,iPhone/iPod,568,320,2.28085,10,Yes
23,color,negative,couch,furniture,red,0.97,26,עברית,22,Male,Safari,iPhone/iPod,568,320,2.28085,10,Yes
24,size,negative,chair,furniture,long,0.02,27,עברית,22,Male,Safari,iPhone/iPod,568,320,2.28085,10,Yes
25,nationality,negative,cheese,food,Spanish,0.92,28,עברית,22,Male,Safari,iPhone/iPod,568,320,2.28085,10,Yes
26,pattern,positive,TV,furniture,checkered,1.0,29,עברית,22,Male,Safari,iPhone/iPod,568,320,2.28085,10,Yes
27,pattern,positive,carrot,food,dotted,0.99,30,עברית,22,Male,Safari,iPhone/iPod,568,320,2.28085,10,Yes
28,pattern,positive,chair,furniture,striped,1.0,31,עברית,22,Male,Safari,iPhone/iPod,568,320,2.28085,10,Yes
0,age,negative,TV,furniture,rotten,0.92,3,עברית,24,Female,Chrome,Windows,720,1280,6.118883333333334,11,Yes
1,size,negative,banana,food,long,0.01,4,עברית,24,Female,Chrome,Windows,720,1280,6.118883333333334,11,Yes
2,texture,positive,tomato,food,smooth,0.88,5,עברית,24,Female,Chrome,Windows,720,1280,6.118883333333334,11,Yes
3,color,positive,couch,furniture,purple,0.97,6,עברית,24,Female,Chrome,Windows,720,1280,6.118883333333334,11,Yes
4,texture,positive,apple,food,hard,0.42,7,עברית,24,Female,Chrome,Windows,720,1280,6.118883333333334,11,Yes
5,nationality,negative,apple,food,French,0.8,8,עברית,24,Female,Chrome,Windows,720,1280,6.118883333333334,11,Yes
6,age,positive,chair,furniture,old,0.28,9,עברית,24,Female,Chrome,Windows,720,1280,6.118883333333334,11,Yes
7,age,positive,carrot,food,new,0.49,10,עברית,24,Female,Chrome,Windows,720,1280,6.118883333333334,11,Yes
8,color,negative,couch,furniture,blue,0.98,11,עברית,24,Female,Chrome,Windows,720,1280,6.118883333333334,11,Yes
9,nationality,positive,banana,food,Spanish,0.83,12,עברית,24,Female,Chrome,Windows,720,1280,6.118883333333334,11,Yes
10,size,positive,chair,furniture,small,0.39,13,עברית,24,Female,Chrome,Windows,720,1280,6.118883333333334,11,Yes
11,texture,negative,apple,food,soft,0.72,14,עברית,24,Female,Chrome,Windows,720,1280,6.118883333333334,11,Yes
12,quality,negative,couch,furniture,bad,0.19,15,עברית,24,Female,Chrome,Windows,720,1280,6.118883333333334,11,Yes
13,size,positive,banana,food,huge,0.29,16,עברית,24,Female,Chrome,Windows,720,1280,6.118883333333334,11,Yes
14,age,negative,chair,furniture,fresh,0.97,17,עברית,24,Female,Chrome,Windows,720,1280,6.118883333333334,11,Yes
15,size,negative,couch,furniture,tiny,0.42,18,עברית,24,Female,Chrome,Windows,720,1280,6.118883333333334,11,Yes
16,color,negative,carrot,food,red,0.97,19,עברית,24,Female,Chrome,Windows,720,1280,6.118883333333334,11,Yes
17,size,positive,TV,furniture,short,0.9,20,עברית,24,Female,Chrome,Windows,720,1280,6.118883333333334,11,Yes
18,shape,positive,cheese,food,round,0.92,21,עברית,24,Female,Chrome,Windows,720,1280,6.118883333333334,11,Yes
19,color,negative,carrot,food,brown,0.99,22,עברית,24,Female,Chrome,Windows,720,1280,6.118883333333334,11,Yes
20,color,positive,tomato,food,yellow,0.86,23,עברית,24,Female,Chrome,Windows,720,1280,6.118883333333334,11,Yes
21,nationality,positive,banana,food,American,0.94,24,עברית,24,Female,Chrome,Windows,720,1280,6.118883333333334,11,Yes
22,color,positive,couch,furniture,green,0.99,25,עברית,24,Female,Chrome,Windows,720,1280,6.118883333333334,11,Yes
23,shape,negative,couch,furniture,square,1.0,26,עברית,24,Female,Chrome,Windows,720,1280,6.118883333333334,11,Yes
24,size,negative,apple,food,big,0.33,27,עברית,24,Female,Chrome,Windows,720,1280,6.118883333333334,11,Yes
25,quality,negative,tomato,food,good,0.19,28,עברית,24,Female,Chrome,Windows,720,1280,6.118883333333334,11,Yes
26,pattern,positive,fan,furniture,checkered,1.0,29,עברית,24,Female,Chrome,Windows,720,1280,6.118883333333334,11,Yes
27,pattern,positive,carrot,food,striped,0.62,30,עברית,24,Female,Chrome,Windows,720,1280,6.118883333333334,11,Yes
28,pattern,positive,couch,furniture,dotted,1.0,31,עברית,24,Female,Chrome,Windows,720,1280,6.118883333333334,11,Yes
0,nationality,negative,apple,food,American,0.0,3,עברית,27,Female,Chrome,Windows,720,1280,3.95355,12,Yes
1,quality,positive,couch,furniture,bad,0.01,4,עברית,27,Female,Chrome,Windows,720,1280,3.95355,12,Yes
2,texture,positive,cheese,food,smooth,0.97,5,עברית,27,Female,Chrome,Windows,720,1280,3.95355,12,Yes
3,age,negative,apple,food,new,0.03,6,עברית,27,Female,Chrome,Windows,720,1280,3.95355,12,Yes
4,size,negative,chair,furniture,long,0.05,7,עברית,27,Female,Chrome,Windows,720,1280,3.95355,12,Yes
5,color,positive,apple,food,brown,0.91,8,עברית,27,Female,Chrome,Windows,720,1280,3.95355,12,Yes
6,shape,positive,carrot,food,square,0.94,9,עברית,27,Female,Chrome,Windows,720,1280,3.95355,12,Yes
7,size,positive,tomato,food,small,0.04,10,עברית,27,Female,Chrome,Windows,720,1280,3.95355,12,Yes
8,color,negative,banana,food,red,1.0,11,עברית,27,Female,Chrome,Windows,720,1280,3.95355,12,Yes
9,size,positive,fan,furniture,short,0.01,12,עברית,27,Female,Chrome,Windows,720,1280,3.95355,12,Yes
10,age,negative,couch,furniture,fresh,0.06,13,עברית,27,Female,Chrome,Windows,720,1280,3.95355,12,Yes
11,color,negative,carrot,food,green,0.96,14,עברית,27,Female,Chrome,Windows,720,1280,3.95355,12,Yes
12,nationality,negative,apple,food,French,0.06,15,עברית,27,Female,Chrome,Windows,720,1280,3.95355,12,Yes
13,size,positive,tomato,food,big,0.05,16,עברית,27,Female,Chrome,Windows,720,1280,3.95355,12,Yes
14,texture,negative,fan,furniture,hard,0.03,17,עברית,27,Female,Chrome,Windows,720,1280,3.95355,12,Yes
15,quality,negative,carrot,food,good,0.0,18,עברית,27,Female,Chrome,Windows,720,1280,3.95355,12,Yes
16,color,positive,TV,furniture,purple,0.91,19,עברית,27,Female,Chrome,Windows,720,1280,3.95355,12,Yes
17,color,positive,fan,furniture,yellow,0.95,20,עברית,27,Female,Chrome,Windows,720,1280,3.95355,12,Yes
18,color,positive,cheese,food,blue,0.92,21,עברית,27,Female,Chrome,Windows,720,1280,3.95355,12,Yes
19,texture,positive,tomato,food,soft,0.02,22,עברית,27,Female,Chrome,Windows,720,1280,3.95355,12,Yes
20,nationality,positive,TV,furniture,Spanish,0.93,23,עברית,27,Female,Chrome,Windows,720,1280,3.95355,12,Yes
21,age,negative,tomato,food,rotten,0.99,24,עברית,27,Female,Chrome,Windows,720,1280,3.95355,12,Yes
22,size,positive,TV,furniture,huge,0.04,25,עברית,27,Female,Chrome,Windows,720,1280,3.95355,12,Yes
23,size,positive,tomato,food,tiny,0.02,26,עברית,27,Female,Chrome,Windows,720,1280,3.95355,12,Yes
24,shape,negative,chair,furniture,round,0.98,27,עברית,27,Female,Chrome,Windows,720,1280,3.95355,12,Yes
25,age,positive,fan,furniture,old,0.03,28,עברית,27,Female,Chrome,Windows,720,1280,3.95355,12,Yes
26,pattern,positive,banana,food,striped,0.94,29,עברית,27,Female,Chrome,Windows,720,1280,3.95355,12,Yes
27,pattern,positive,cheese,food,dotted,0.95,30,עברית,27,Female,Chrome,Windows,720,1280,3.95355,12,Yes
28,pattern,positive,cheese,food,checkered,0.97,31,עברית,27,Female,Chrome,Windows,720,1280,3.95355,12,Yes
0,color,positive,chair,furniture,brown,0.73,3,עברית,30,Male,Chrome,Windows,768,1280,2.9545,13,Yes
1,color,negative,tomato,food,purple,0.96,4,עברית,30,Male,Chrome,Windows,768,1280,2.9545,13,Yes
2,shape,positive,tomato,food,round,0.49,5,עברית,30,Male,Chrome,Windows,768,1280,2.9545,13,Yes
3,color,negative,carrot,food,red,0.93,6,עברית,30,Male,Chrome,Windows,768,1280,2.9545,13,Yes
4,age,positive,chair,furniture,new,0.92,7,עברית,30,Male,Chrome,Windows,768,1280,2.9545,13,Yes
5,size,negative,TV,furniture,long,0.97,8,עברית,30,Male,Chrome,Windows,768,1280,2.9545,13,Yes
6,texture,positive,desk,furniture,soft,0.53,9,עברית,30,Male,Chrome,Windows,768,1280,2.9545,13,Yes
7,age,positive,desk,furniture,fresh,0.98,10,עברית,30,Male,Chrome,Windows,768,1280,2.9545,13,Yes
8,size,negative,tomato,food,small,0.59,11,עברית,30,Male,Chrome,Windows,768,1280,2.9545,13,Yes
9,size,negative,desk,furniture,short,0.63,12,עברית,30,Male,Chrome,Windows,768,1280,2.9545,13,Yes
10,quality,negative,couch,furniture,bad,0.09,13,עברית,30,Male,Chrome,Windows,768,1280,2.9545,13,Yes
11,nationality,negative,tomato,food,Spanish,0.02,14,עברית,30,Male,Chrome,Windows,768,1280,2.9545,13,Yes
12,color,positive,fan,furniture,yellow,0.96,15,עברית,30,Male,Chrome,Windows,768,1280,2.9545,13,Yes
13,texture,negative,apple,food,hard,0.04,16,עברית,30,Male,Chrome,Windows,768,1280,2.9545,13,Yes
14,shape,negative,apple,food,square,0.92,17,עברית,30,Male,Chrome,Windows,768,1280,2.9545,13,Yes
15,color,positive,desk,furniture,blue,0.97,18,עברית,30,Male,Chrome,Windows,768,1280,2.9545,13,Yes
16,quality,positive,apple,food,good,0.06,19,עברית,30,Male,Chrome,Windows,768,1280,2.9545,13,Yes
17,color,positive,apple,food,green,0.95,20,עברית,30,Male,Chrome,Windows,768,1280,2.9545,13,Yes
18,nationality,positive,chair,furniture,French,0.2,21,עברית,30,Male,Chrome,Windows,768,1280,2.9545,13,Yes
19,texture,negative,apple,food,smooth,0.05,22,עברית,30,Male,Chrome,Windows,768,1280,2.9545,13,Yes
20,nationality,positive,fan,furniture,American,0.97,23,עברית,30,Male,Chrome,Windows,768,1280,2.9545,13,Yes
21,size,negative,chair,furniture,tiny,0.68,24,עברית,30,Male,Chrome,Windows,768,1280,2.9545,13,Yes
22,age,positive,chair,furniture,rotten,0.05,25,עברית,30,Male,Chrome,Windows,768,1280,2.9545,13,Yes
23,size,negative,carrot,food,big,0.96,26,עברית,30,Male,Chrome,Windows,768,1280,2.9545,13,Yes
24,age,positive,apple,food,old,0.51,27,עברית,30,Male,Chrome,Windows,768,1280,2.9545,13,Yes
25,size,positive,desk,furniture,huge,0.59,28,עברית,30,Male,Chrome,Windows,768,1280,2.9545,13,Yes
26,pattern,negative,fan,furniture,checkered,0.95,29,עברית,30,Male,Chrome,Windows,768,1280,2.9545,13,Yes
27,pattern,negative,apple,food,striped,0.14,30,עברית,30,Male,Chrome,Windows,768,1280,2.9545,13,Yes
28,pattern,positive,chair,furniture,dotted,0.94,31,עברית,30,Male,Chrome,Windows,768,1280,2.9545,13,Yes
0,color,negative,fan,furniture,red,1.0,3,עברית,25,Female,Chrome,Windows,720,1280,6.410216666666667,14,Yes
1,size,negative,apple,food,huge,0.0,4,עברית,25,Female,Chrome,Windows,720,1280,6.410216666666667,14,Yes
2,nationality,positive,apple,food,French,0.0,5,עברית,25,Female,Chrome,Windows,720,1280,6.410216666666667,14,Yes
3,color,positive,couch,furniture,brown,0.0,6,עברית,25,Female,Chrome,Windows,720,1280,6.410216666666667,14,Yes
4,color,positive,tomato,food,yellow,0.0,7,עברית,25,Female,Chrome,Windows,720,1280,6.410216666666667,14,Yes
5,quality,positive,tomato,food,bad,0.0,8,עברית,25,Female,Chrome,Windows,720,1280,6.410216666666667,14,Yes
6,nationality,positive,carrot,food,American,0.0,9,עברית,25,Female,Chrome,Windows,720,1280,6.410216666666667,14,Yes
7,shape,negative,TV,furniture,round,0.0,10,עברית,25,Female,Chrome,Windows,720,1280,6.410216666666667,14,Yes
8,age,positive,banana,food,old,0.0,11,עברית,25,Female,Chrome,Windows,720,1280,6.410216666666667,14,Yes
9,size,positive,cheese,food,big,0.0,12,עברית,25,Female,Chrome,Windows,720,1280,6.410216666666667,14,Yes
10,texture,negative,chair,furniture,smooth,0.0,13,עברית,25,Female,Chrome,Windows,720,1280,6.410216666666667,14,Yes
11,size,positive,chair,furniture,tiny,0.0,14,עברית,25,Female,Chrome,Windows,720,1280,6.410216666666667,14,Yes
12,nationality,negative,desk,furniture,Spanish,0.0,15,עברית,25,Female,Chrome,Windows,720,1280,6.410216666666667,14,Yes
13,age,negative,cheese,food,new,0.0,16,עברית,25,Female,Chrome,Windows,720,1280,6.410216666666667,14,Yes
14,color,negative,couch,furniture,purple,0.0,17,עברית,25,Female,Chrome,Windows,720,1280,6.410216666666667,14,Yes
15,color,negative,banana,food,green,0.0,18,עברית,25,Female,Chrome,Windows,720,1280,6.410216666666667,14,Yes
16,shape,negative,fan,furniture,square,0.0,19,עברית,25,Female,Chrome,Windows,720,1280,6.410216666666667,14,Yes
17,size,positive,apple,food,short,0.0,20,עברית,25,Female,Chrome,Windows,720,1280,6.410216666666667,14,Yes
18,texture,positive,fan,furniture,soft,0.0,21,עברית,25,Female,Chrome,Windows,720,1280,6.410216666666667,14,Yes
19,quality,negative,TV,furniture,good,0.0,22,עברית,25,Female,Chrome,Windows,720,1280,6.410216666666667,14,Yes
20,age,positive,desk,furniture,rotten,0.0,23,עברית,25,Female,Chrome,Windows,720,1280,6.410216666666667,14,Yes
21,color,positive,TV,furniture,blue,0.0,24,עברית,25,Female,Chrome,Windows,720,1280,6.410216666666667,14,Yes
22,texture,positive,banana,food,hard,0.0,25,עברית,25,Female,Chrome,Windows,720,1280,6.410216666666667,14,Yes
23,size,positive,chair,furniture,small,0.0,26,עברית,25,Female,Chrome,Windows,720,1280,6.410216666666667,14,Yes
24,size,positive,fan,furniture,long,0.0,27,עברית,25,Female,Chrome,Windows,720,1280,6.410216666666667,14,Yes
25,age,negative,desk,furniture,fresh,0.0,28,עברית,25,Female,Chrome,Windows,720,1280,6.410216666666667,14,Yes
26,pattern,positive,banana,food,checkered,0.0,29,עברית,25,Female,Chrome,Windows,720,1280,6.410216666666667,14,Yes
27,pattern,positive,apple,food,dotted,0.0,30,עברית,25,Female,Chrome,Windows,720,1280,6.410216666666667,14,Yes
28,pattern,negative,tomato,food,striped,0.0,31,עברית,25,Female,Chrome,Windows,720,1280,6.410216666666667,14,Yes
0,size,positive,apple,food,small,0.93,3,עברית,31,Female,Chrome,Windows,768,1366,4.518033333333333,15,Yes
1,texture,positive,fan,furniture,hard,0.06,4,עברית,31,Female,Chrome,Windows,768,1366,4.518033333333333,15,Yes
2,size,positive,couch,furniture,huge,0.98,5,עברית,31,Female,Chrome,Windows,768,1366,4.518033333333333,15,Yes
3,nationality,negative,banana,food,Spanish,0.99,6,עברית,31,Female,Chrome,Windows,768,1366,4.518033333333333,15,Yes
4,age,positive,desk,furniture,old,0.96,7,עברית,31,Female,Chrome,Windows,768,1366,4.518033333333333,15,Yes
5,color,positive,banana,food,yellow,0.94,8,עברית,31,Female,Chrome,Windows,768,1366,4.518033333333333,15,Yes
6,size,positive,chair,furniture,tiny,0.02,9,עברית,31,Female,Chrome,Windows,768,1366,4.518033333333333,15,Yes
7,size,positive,carrot,food,short,0.96,10,עברית,31,Female,Chrome,Windows,768,1366,4.518033333333333,15,Yes
8,quality,positive,chair,furniture,good,0.02,11,עברית,31,Female,Chrome,Windows,768,1366,4.518033333333333,15,Yes
9,age,positive,desk,furniture,new,0.94,12,עברית,31,Female,Chrome,Windows,768,1366,4.518033333333333,15,Yes
10,nationality,negative,apple,food,American,0.99,13,עברית,31,Female,Chrome,Windows,768,1366,4.518033333333333,15,Yes
11,shape,positive,cheese,food,square,0.95,14,עברית,31,Female,Chrome,Windows,768,1366,4.518033333333333,15,Yes
12,color,negative,chair,furniture,red,0.99,15,עברית,31,Female,Chrome,Windows,768,1366,4.518033333333333,15,Yes
13,color,positive,carrot,food,purple,0.97,16,עברית,31,Female,Chrome,Windows,768,1366,4.518033333333333,15,Yes
14,color,negative,couch,furniture,blue,0.97,17,עברית,31,Female,Chrome,Windows,768,1366,4.518033333333333,15,Yes
15,size,negative,desk,furniture,long,0.02,18,עברית,31,Female,Chrome,Windows,768,1366,4.518033333333333,15,Yes
16,nationality,positive,apple,food,French,0.98,19,עברית,31,Female,Chrome,Windows,768,1366,4.518033333333333,15,Yes
17,quality,positive,chair,furniture,bad,0.01,20,עברית,31,Female,Chrome,Windows,768,1366,4.518033333333333,15,Yes
18,shape,positive,apple,food,round,0.98,21,עברית,31,Female,Chrome,Windows,768,1366,4.518033333333333,15,Yes
19,texture,positive,apple,food,soft,0.01,22,עברית,31,Female,Chrome,Windows,768,1366,4.518033333333333,15,Yes
20,color,positive,tomato,food,green,0.96,23,עברית,31,Female,Chrome,Windows,768,1366,4.518033333333333,15,Yes
21,age,negative,desk,furniture,rotten,0.99,24,עברית,31,Female,Chrome,Windows,768,1366,4.518033333333333,15,Yes
22,size,positive,apple,food,big,0.99,25,עברית,31,Female,Chrome,Windows,768,1366,4.518033333333333,15,Yes
23,color,positive,apple,food,brown,0.97,26,עברית,31,Female,Chrome,Windows,768,1366,4.518033333333333,15,Yes
24,texture,negative,carrot,food,smooth,0.04,27,עברית,31,Female,Chrome,Windows,768,1366,4.518033333333333,15,Yes
25,age,positive,TV,furniture,fresh,0.95,28,עברית,31,Female,Chrome,Windows,768,1366,4.518033333333333,15,Yes
26,pattern,positive,cheese,food,striped,0.97,29,עברית,31,Female,Chrome,Windows,768,1366,4.518033333333333,15,Yes
27,pattern,negative,apple,food,checkered,0.96,30,עברית,31,Female,Chrome,Windows,768,1366,4.518033333333333,15,Yes
28,pattern,negative,fan,furniture,dotted,0.97,31,עברית,31,Female,Chrome,Windows,768,1366,4.518033333333333,15,Yes
0,texture,negative,TV,furniture,hard,0.0,3,עברית,25,Male,Chrome,Windows,864,1536,2.7133833333333333,16,Yes
1,age,positive,couch,furniture,old,0.0,4,עברית,25,Male,Chrome,Windows,864,1536,2.7133833333333333,16,Yes
2,size,positive,banana,food,tiny,0.0,5,עברית,25,Male,Chrome,Windows,864,1536,2.7133833333333333,16,Yes
3,color,negative,cheese,food,red,0.49,6,עברית,25,Male,Chrome,Windows,864,1536,2.7133833333333333,16,Yes
4,age,positive,cheese,food,fresh,0.55,7,עברית,25,Male,Chrome,Windows,864,1536,2.7133833333333333,16,Yes
5,quality,negative,couch,furniture,good,0.0,8,עברית,25,Male,Chrome,Windows,864,1536,2.7133833333333333,16,Yes
6,color,positive,carrot,food,brown,0.54,9,עברית,25,Male,Chrome,Windows,864,1536,2.7133833333333333,16,Yes
7,size,positive,TV,furniture,huge,0.0,10,עברית,25,Male,Chrome,Windows,864,1536,2.7133833333333333,16,Yes
8,size,negative,TV,furniture,big,0.0,11,עברית,25,Male,Chrome,Windows,864,1536,2.7133833333333333,16,Yes
9,texture,positive,chair,furniture,soft,0.11,12,עברית,25,Male,Chrome,Windows,864,1536,2.7133833333333333,16,Yes
10,nationality,positive,TV,furniture,French,0.51,13,עברית,25,Male,Chrome,Windows,864,1536,2.7133833333333333,16,Yes
11,size,negative,cheese,food,short,0.3,14,עברית,25,Male,Chrome,Windows,864,1536,2.7133833333333333,16,Yes
12,age,negative,desk,furniture,new,0.09,15,עברית,25,Male,Chrome,Windows,864,1536,2.7133833333333333,16,Yes
13,nationality,negative,couch,furniture,Spanish,0.65,16,עברית,25,Male,Chrome,Windows,864,1536,2.7133833333333333,16,Yes
14,color,negative,chair,furniture,green,0.59,17,עברית,25,Male,Chrome,Windows,864,1536,2.7133833333333333,16,Yes
15,nationality,positive,desk,furniture,American,0.51,18,עברית,25,Male,Chrome,Windows,864,1536,2.7133833333333333,16,Yes
16,color,positive,banana,food,blue,0.6,19,עברית,25,Male,Chrome,Windows,864,1536,2.7133833333333333,16,Yes
17,size,positive,desk,furniture,small,0.38,20,עברית,25,Male,Chrome,Windows,864,1536,2.7133833333333333,16,Yes
18,shape,negative,apple,food,square,1.0,21,עברית,25,Male,Chrome,Windows,864,1536,2.7133833333333333,16,Yes
19,color,negative,fan,furniture,purple,0.52,22,עברית,25,Male,Chrome,Windows,864,1536,2.7133833333333333,16,Yes
20,size,negative,apple,food,long,0.54,23,עברית,25,Male,Chrome,Windows,864,1536,2.7133833333333333,16,Yes
21,quality,positive,banana,food,bad,0.0,24,עברית,25,Male,Chrome,Windows,864,1536,2.7133833333333333,16,Yes
22,age,positive,carrot,food,rotten,0.44,25,עברית,25,Male,Chrome,Windows,864,1536,2.7133833333333333,16,Yes
23,color,positive,carrot,food,yellow,0.55,26,עברית,25,Male,Chrome,Windows,864,1536,2.7133833333333333,16,Yes
24,texture,positive,cheese,food,smooth,0.91,27,עברית,25,Male,Chrome,Windows,864,1536,2.7133833333333333,16,Yes
25,shape,negative,fan,furniture,round,1.0,28,עברית,25,Male,Chrome,Windows,864,1536,2.7133833333333333,16,Yes
26,pattern,positive,banana,food,checkered,0.88,29,עברית,25,Male,Chrome,Windows,864,1536,2.7133833333333333,16,Yes
27,pattern,negative,tomato,food,dotted,1.0,30,עברית,25,Male,Chrome,Windows,864,1536,2.7133833333333333,16,Yes
28,pattern,positive,banana,food,striped,1.0,31,עברית,25,Male,Chrome,Windows,864,1536,2.7133833333333333,16,Yes
0,color,negative,tomato,food,purple,0.59,3,עברית,25,Female,Chrome,Windows,864,1536,1.9553,17,Yes
1,texture,positive,banana,food,soft,0.09,4,עברית,25,Female,Chrome,Windows,864,1536,1.9553,17,Yes
2,age,positive,desk,furniture,rotten,1.0,5,עברית,25,Female,Chrome,Windows,864,1536,1.9553,17,Yes
3,nationality,positive,desk,furniture,French,0.58,6,עברית,25,Female,Chrome,Windows,864,1536,1.9553,17,Yes
4,quality,positive,carrot,food,bad,0.0,7,עברית,25,Female,Chrome,Windows,864,1536,1.9553,17,Yes
5,size,negative,apple,food,tiny,0.37,8,עברית,25,Female,Chrome,Windows,864,1536,1.9553,17,Yes
6,age,negative,fan,furniture,old,0.09,9,עברית,25,Female,Chrome,Windows,864,1536,1.9553,17,Yes
7,texture,positive,tomato,food,hard,0.24,10,עברית,25,Female,Chrome,Windows,864,1536,1.9553,17,Yes
8,size,positive,TV,furniture,long,0.24,11,עברית,25,Female,Chrome,Windows,864,1536,1.9553,17,Yes
9,age,positive,banana,food,fresh,0.4,12,עברית,25,Female,Chrome,Windows,864,1536,1.9553,17,Yes
10,color,negative,couch,furniture,brown,0.43,13,עברית,25,Female,Chrome,Windows,864,1536,1.9553,17,Yes
11,color,positive,banana,food,blue,0.54,14,עברית,25,Female,Chrome,Windows,864,1536,1.9553,17,Yes
12,quality,positive,tomato,food,good,0.0,15,עברית,25,Female,Chrome,Windows,864,1536,1.9553,17,Yes
13,nationality,negative,apple,food,Spanish,0.59,16,עברית,25,Female,Chrome,Windows,864,1536,1.9553,17,Yes
14,color,negative,TV,furniture,green,0.43,17,עברית,25,Female,Chrome,Windows,864,1536,1.9553,17,Yes
15,size,positive,tomato,food,big,0.3,18,עברית,25,Female,Chrome,Windows,864,1536,1.9553,17,Yes
16,color,negative,banana,food,red,0.49,19,עברית,25,Female,Chrome,Windows,864,1536,1.9553,17,Yes
17,shape,positive,banana,food,round,1.0,20,עברית,25,Female,Chrome,Windows,864,1536,1.9553,17,Yes
18,age,negative,couch,furniture,new,0.15,21,עברית,25,Female,Chrome,Windows,864,1536,1.9553,17,Yes
19,size,positive,cheese,food,small,0.27,22,עברית,25,Female,Chrome,Windows,864,1536,1.9553,17,Yes
20,color,positive,carrot,food,yellow,0.47,23,עברית,25,Female,Chrome,Windows,864,1536,1.9553,17,Yes
21,texture,positive,carrot,food,smooth,0.95,24,עברית,25,Female,Chrome,Windows,864,1536,1.9553,17,Yes
22,shape,negative,cheese,food,square,1.0,25,עברית,25,Female,Chrome,Windows,864,1536,1.9553,17,Yes
23,nationality,negative,apple,food,American,0.63,26,עברית,25,Female,Chrome,Windows,864,1536,1.9553,17,Yes
24,size,positive,carrot,food,huge,0.36,27,עברית,25,Female,Chrome,Windows,864,1536,1.9553,17,Yes
25,size,positive,cheese,food,short,0.29,28,עברית,25,Female,Chrome,Windows,864,1536,1.9553,17,Yes
26,pattern,negative,tomato,food,checkered,1.0,29,עברית,25,Female,Chrome,Windows,864,1536,1.9553,17,Yes
27,pattern,negative,tomato,food,striped,1.0,30,עברית,25,Female,Chrome,Windows,864,1536,1.9553,17,Yes
28,pattern,negative,TV,furniture,dotted,1.0,31,עברית,25,Female,Chrome,Windows,864,1536,1.9553,17,Yes
0,color,positive,couch,furniture,purple,0.94,3,עברית,25,Female,Chrome,Windows,768,1366,2.5320833333333335,18,Yes
1,shape,positive,tomato,food,round,0.92,4,עברית,25,Female,Chrome,Windows,768,1366,2.5320833333333335,18,Yes
2,age,positive,TV,furniture,rotten,0.61,5,עברית,25,Female,Chrome,Windows,768,1366,2.5320833333333335,18,Yes
3,color,negative,cheese,food,yellow,1.0,6,עברית,25,Female,Chrome,Windows,768,1366,2.5320833333333335,18,Yes
4,size,positive,apple,food,long,0.56,7,עברית,25,Female,Chrome,Windows,768,1366,2.5320833333333335,18,Yes
5,color,negative,apple,food,brown,1.0,8,עברית,25,Female,Chrome,Windows,768,1366,2.5320833333333335,18,Yes
6,color,negative,banana,food,blue,1.0,9,עברית,25,Female,Chrome,Windows,768,1366,2.5320833333333335,18,Yes
7,shape,positive,carrot,food,square,0.74,10,עברית,25,Female,Chrome,Windows,768,1366,2.5320833333333335,18,Yes
8,nationality,positive,desk,furniture,Spanish,0.83,11,עברית,25,Female,Chrome,Windows,768,1366,2.5320833333333335,18,Yes
9,color,negative,carrot,food,green,1.0,12,עברית,25,Female,Chrome,Windows,768,1366,2.5320833333333335,18,Yes
10,texture,negative,cheese,food,smooth,0.69,13,עברית,25,Female,Chrome,Windows,768,1366,2.5320833333333335,18,Yes
11,texture,positive,carrot,food,hard,0.61,14,עברית,25,Female,Chrome,Windows,768,1366,2.5320833333333335,18,Yes
12,size,negative,apple,food,tiny,0.67,15,עברית,25,Female,Chrome,Windows,768,1366,2.5320833333333335,18,Yes
13,quality,negative,carrot,food,bad,0.23,16,עברית,25,Female,Chrome,Windows,768,1366,2.5320833333333335,18,Yes
14,nationality,positive,desk,furniture,American,0.99,17,עברית,25,Female,Chrome,Windows,768,1366,2.5320833333333335,18,Yes
15,texture,negative,cheese,food,soft,0.47,18,עברית,25,Female,Chrome,Windows,768,1366,2.5320833333333335,18,Yes
16,size,negative,banana,food,short,0.5,19,עברית,25,Female,Chrome,Windows,768,1366,2.5320833333333335,18,Yes
17,nationality,negative,couch,furniture,French,0.86,20,עברית,25,Female,Chrome,Windows,768,1366,2.5320833333333335,18,Yes
18,quality,positive,apple,food,good,0.29,21,עברית,25,Female,Chrome,Windows,768,1366,2.5320833333333335,18,Yes
19,color,negative,couch,furniture,red,1.0,22,עברית,25,Female,Chrome,Windows,768,1366,2.5320833333333335,18,Yes
20,size,negative,apple,food,small,0.48,23,עברית,25,Female,Chrome,Windows,768,1366,2.5320833333333335,18,Yes
21,size,negative,apple,food,huge,0.43,24,עברית,25,Female,Chrome,Windows,768,1366,2.5320833333333335,18,Yes
22,age,positive,fan,furniture,old,0.39,25,עברית,25,Female,Chrome,Windows,768,1366,2.5320833333333335,18,Yes
23,size,positive,apple,food,big,0.64,26,עברית,25,Female,Chrome,Windows,768,1366,2.5320833333333335,18,Yes
24,age,negative,fan,furniture,new,0.59,27,עברית,25,Female,Chrome,Windows,768,1366,2.5320833333333335,18,Yes
25,age,positive,couch,furniture,fresh,0.67,28,עברית,25,Female,Chrome,Windows,768,1366,2.5320833333333335,18,Yes
26,pattern,negative,cheese,food,checkered,0.99,29,עברית,25,Female,Chrome,Windows,768,1366,2.5320833333333335,18,Yes
27,pattern,positive,desk,furniture,striped,0.65,30,עברית,25,Female,Chrome,Windows,768,1366,2.5320833333333335,18,Yes
28,pattern,negative,TV,furniture,dotted,1.0,31,עברית,25,Female,Chrome,Windows,768,1366,2.5320833333333335,18,Yes
0,texture,positive,carrot,food,smooth,0.39,3,עברית,29,Female,Chrome,Windows,1080,1920,2.902416666666667,19,Yes
1,color,negative,tomato,food,red,0.23,4,עברית,29,Female,Chrome,Windows,1080,1920,2.902416666666667,19,Yes
2,color,positive,couch,furniture,green,0.69,5,עברית,29,Female,Chrome,Windows,1080,1920,2.902416666666667,19,Yes
3,size,positive,carrot,food,big,0.38,6,עברית,29,Female,Chrome,Windows,1080,1920,2.902416666666667,19,Yes
4,nationality,positive,cheese,food,American,1.0,7,עברית,29,Female,Chrome,Windows,1080,1920,2.902416666666667,19,Yes
5,quality,negative,tomato,food,good,0.1,8,עברית,29,Female,Chrome,Windows,1080,1920,2.902416666666667,19,Yes
6,color,negative,chair,furniture,yellow,0.67,9,עברית,29,Female,Chrome,Windows,1080,1920,2.902416666666667,19,Yes
7,shape,negative,chair,furniture,round,1.0,10,עברית,29,Female,Chrome,Windows,1080,1920,2.902416666666667,19,Yes
8,size,positive,fan,furniture,long,0.77,11,עברית,29,Female,Chrome,Windows,1080,1920,2.902416666666667,19,Yes
9,size,negative,couch,furniture,huge,0.0,12,עברית,29,Female,Chrome,Windows,1080,1920,2.902416666666667,19,Yes
10,age,positive,chair,furniture,old,0.34,13,עברית,29,Female,Chrome,Windows,1080,1920,2.902416666666667,19,Yes
11,nationality,negative,couch,furniture,Spanish,1.0,14,עברית,29,Female,Chrome,Windows,1080,1920,2.902416666666667,19,Yes
12,age,positive,banana,food,fresh,1.0,15,עברית,29,Female,Chrome,Windows,1080,1920,2.902416666666667,19,Yes
13,shape,positive,chair,furniture,square,1.0,16,עברית,29,Female,Chrome,Windows,1080,1920,2.902416666666667,19,Yes
14,texture,positive,chair,furniture,hard,0.3,17,עברית,29,Female,Chrome,Windows,1080,1920,2.902416666666667,19,Yes
15,age,negative,apple,food,new,0.64,18,עברית,29,Female,Chrome,Windows,1080,1920,2.902416666666667,19,Yes
16,texture,negative,banana,food,soft,0.8,19,עברית,29,Female,Chrome,Windows,1080,1920,2.902416666666667,19,Yes
17,size,positive,fan,furniture,small,1.0,20,עברית,29,Female,Chrome,Windows,1080,1920,2.902416666666667,19,Yes
18,age,positive,banana,food,rotten,0.23,21,עברית,29,Female,Chrome,Windows,1080,1920,2.902416666666667,19,Yes
19,color,positive,cheese,food,blue,1.0,22,עברית,29,Female,Chrome,Windows,1080,1920,2.902416666666667,19,Yes
20,color,negative,cheese,food,purple,1.0,23,עברית,29,Female,Chrome,Windows,1080,1920,2.902416666666667,19,Yes
21,quality,positive,couch,furniture,bad,0.0,24,עברית,29,Female,Chrome,Windows,1080,1920,2.902416666666667,19,Yes
22,size,positive,TV,furniture,tiny,0.23,25,עברית,29,Female,Chrome,Windows,1080,1920,2.902416666666667,19,Yes
23,nationality,negative,apple,food,French,1.0,26,עברית,29,Female,Chrome,Windows,1080,1920,2.902416666666667,19,Yes
24,size,negative,fan,furniture,short,0.64,27,עברית,29,Female,Chrome,Windows,1080,1920,2.902416666666667,19,Yes
25,color,positive,cheese,food,brown,1.0,28,עברית,29,Female,Chrome,Windows,1080,1920,2.902416666666667,19,Yes
26,pattern,negative,couch,furniture,dotted,1.0,29,עברית,29,Female,Chrome,Windows,1080,1920,2.902416666666667,19,Yes
27,pattern,negative,tomato,food,striped,1.0,30,עברית,29,Female,Chrome,Windows,1080,1920,2.902416666666667,19,Yes
28,pattern,positive,TV,furniture,checkered,0.82,31,עברית,29,Female,Chrome,Windows,1080,1920,2.902416666666667,19,Yes
0,color,negative,fan,furniture,purple,0.01,3,עברית,22,Female,Chrome,Windows,864,1536,3.3292333333333333,20,Yes
1,color,negative,cheese,food,yellow,0.98,4,עברית,22,Female,Chrome,Windows,864,1536,3.3292333333333333,20,Yes
2,quality,negative,chair,furniture,bad,0.03,5,עברית,22,Female,Chrome,Windows,864,1536,3.3292333333333333,20,Yes
3,quality,positive,chair,furniture,good,0.02,6,עברית,22,Female,Chrome,Windows,864,1536,3.3292333333333333,20,Yes
4,nationality,positive,apple,food,American,0.98,7,עברית,22,Female,Chrome,Windows,864,1536,3.3292333333333333,20,Yes
5,color,positive,carrot,food,blue,0.97,8,עברית,22,Female,Chrome,Windows,864,1536,3.3292333333333333,20,Yes
6,age,positive,tomato,food,old,0.27,9,עברית,22,Female,Chrome,Windows,864,1536,3.3292333333333333,20,Yes
7,size,positive,fan,furniture,long,0.01,10,עברית,22,Female,Chrome,Windows,864,1536,3.3292333333333333,20,Yes
8,size,negative,couch,furniture,huge,0.04,11,עברית,22,Female,Chrome,Windows,864,1536,3.3292333333333333,20,Yes
9,color,positive,carrot,food,red,0.98,12,עברית,22,Female,Chrome,Windows,864,1536,3.3292333333333333,20,Yes
10,shape,negative,desk,furniture,round,0.92,13,עברית,22,Female,Chrome,Windows,864,1536,3.3292333333333333,20,Yes
11,texture,negative,chair,furniture,hard,0.02,14,עברית,22,Female,Chrome,Windows,864,1536,3.3292333333333333,20,Yes
12,color,negative,carrot,food,brown,0.99,15,עברית,22,Female,Chrome,Windows,864,1536,3.3292333333333333,20,Yes
13,texture,positive,chair,furniture,smooth,0.48,16,עברית,22,Female,Chrome,Windows,864,1536,3.3292333333333333,20,Yes
14,nationality,negative,apple,food,Spanish,0.99,17,עברית,22,Female,Chrome,Windows,864,1536,3.3292333333333333,20,Yes
15,size,negative,tomato,food,small,0.02,18,עברית,22,Female,Chrome,Windows,864,1536,3.3292333333333333,20,Yes
16,size,negative,chair,furniture,short,0.05,19,עברית,22,Female,Chrome,Windows,864,1536,3.3292333333333333,20,Yes
17,size,positive,desk,furniture,big,0.02,20,עברית,22,Female,Chrome,Windows,864,1536,3.3292333333333333,20,Yes
18,color,positive,cheese,food,green,0.52,21,עברית,22,Female,Chrome,Windows,864,1536,3.3292333333333333,20,Yes
19,age,positive,apple,food,new,0.51,22,עברית,22,Female,Chrome,Windows,864,1536,3.3292333333333333,20,Yes
20,age,positive,banana,food,fresh,0.5,23,עברית,22,Female,Chrome,Windows,864,1536,3.3292333333333333,20,Yes
21,texture,negative,TV,furniture,soft,0.95,24,עברית,22,Female,Chrome,Windows,864,1536,3.3292333333333333,20,Yes
22,nationality,negative,apple,food,French,0.96,25,עברית,22,Female,Chrome,Windows,864,1536,3.3292333333333333,20,Yes
23,size,negative,desk,furniture,tiny,0.0,26,עברית,22,Female,Chrome,Windows,864,1536,3.3292333333333333,20,Yes
24,age,positive,cheese,food,rotten,0.48,27,עברית,22,Female,Chrome,Windows,864,1536,3.3292333333333333,20,Yes
25,shape,positive,carrot,food,square,0.5,28,עברית,22,Female,Chrome,Windows,864,1536,3.3292333333333333,20,Yes
26,pattern,positive,apple,food,checkered,0.94,29,עברית,22,Female,Chrome,Windows,864,1536,3.3292333333333333,20,Yes
27,pattern,negative,desk,furniture,dotted,0.98,30,עברית,22,Female,Chrome,Windows,864,1536,3.3292333333333333,20,Yes
28,pattern,positive,tomato,food,striped,0.94,31,עברית,22,Female,Chrome,Windows,864,1536,3.3292333333333333,20,Yes
0,color,negative,TV,furniture,red,0.9,3,עברית,29,Female,Chrome,Windows,1080,1920,1.8938333333333333,21,Yes
1,color,positive,apple,food,blue,0.98,4,עברית,29,Female,Chrome,Windows,1080,1920,1.8938333333333333,21,Yes
2,color,positive,cheese,food,brown,1.0,5,עברית,29,Female,Chrome,Windows,1080,1920,1.8938333333333333,21,Yes
3,size,positive,fan,furniture,tiny,0.12,6,עברית,29,Female,Chrome,Windows,1080,1920,1.8938333333333333,21,Yes
4,color,positive,apple,food,purple,1.0,7,עברית,29,Female,Chrome,Windows,1080,1920,1.8938333333333333,21,Yes
5,shape,negative,carrot,food,square,1.0,8,עברית,29,Female,Chrome,Windows,1080,1920,1.8938333333333333,21,Yes
6,age,positive,TV,furniture,fresh,1.0,9,עברית,29,Female,Chrome,Windows,1080,1920,1.8938333333333333,21,Yes
7,age,positive,couch,furniture,old,0.14,10,עברית,29,Female,Chrome,Windows,1080,1920,1.8938333333333333,21,Yes
8,quality,positive,tomato,food,good,0.0,11,עברית,29,Female,Chrome,Windows,1080,1920,1.8938333333333333,21,Yes
9,nationality,negative,chair,furniture,American,1.0,12,עברית,29,Female,Chrome,Windows,1080,1920,1.8938333333333333,21,Yes
10,texture,positive,carrot,food,hard,0.06,13,עברית,29,Female,Chrome,Windows,1080,1920,1.8938333333333333,21,Yes
11,color,positive,fan,furniture,yellow,1.0,14,עברית,29,Female,Chrome,Windows,1080,1920,1.8938333333333333,21,Yes
12,age,negative,couch,furniture,rotten,1.0,15,עברית,29,Female,Chrome,Windows,1080,1920,1.8938333333333333,21,Yes
13,size,positive,carrot,food,short,0.1,16,עברית,29,Female,Chrome,Windows,1080,1920,1.8938333333333333,21,Yes
14,size,positive,fan,furniture,big,0.0,17,עברית,29,Female,Chrome,Windows,1080,1920,1.8938333333333333,21,Yes
15,shape,positive,cheese,food,round,1.0,18,עברית,29,Female,Chrome,Windows,1080,1920,1.8938333333333333,21,Yes
16,size,negative,fan,furniture,huge,0.0,19,עברית,29,Female,Chrome,Windows,1080,1920,1.8938333333333333,21,Yes
17,nationality,positive,TV,furniture,Spanish,1.0,20,עברית,29,Female,Chrome,Windows,1080,1920,1.8938333333333333,21,Yes
18,age,positive,cheese,food,new,0.0,21,עברית,29,Female,Chrome,Windows,1080,1920,1.8938333333333333,21,Yes
19,texture,positive,carrot,food,smooth,0.0,22,עברית,29,Female,Chrome,Windows,1080,1920,1.8938333333333333,21,Yes
20,texture,negative,desk,furniture,soft,1.0,23,עברית,29,Female,Chrome,Windows,1080,1920,1.8938333333333333,21,Yes
21,quality,positive,cheese,food,bad,0.0,24,עברית,29,Female,Chrome,Windows,1080,1920,1.8938333333333333,21,Yes
22,color,negative,fan,furniture,green,1.0,25,עברית,29,Female,Chrome,Windows,1080,1920,1.8938333333333333,21,Yes
23,size,positive,couch,furniture,small,0.0,26,עברית,29,Female,Chrome,Windows,1080,1920,1.8938333333333333,21,Yes
24,size,positive,apple,food,long,1.0,27,עברית,29,Female,Chrome,Windows,1080,1920,1.8938333333333333,21,Yes
25,nationality,negative,TV,furniture,French,1.0,28,עברית,29,Female,Chrome,Windows,1080,1920,1.8938333333333333,21,Yes
26,pattern,positive,tomato,food,dotted,0.43,29,עברית,29,Female,Chrome,Windows,1080,1920,1.8938333333333333,21,Yes
27,pattern,positive,apple,food,striped,0.52,30,עברית,29,Female,Chrome,Windows,1080,1920,1.8938333333333333,21,Yes
28,pattern,negative,apple,food,checkered,1.0,31,עברית,29,Female,Chrome,Windows,1080,1920,1.8938333333333333,21,Yes
0,age,positive,apple,food,new,0.04,3,עברית,30,Female,Firefox,Windows,1080,1920,1.9901,22,Yes
1,quality,negative,desk,furniture,good,0.0,4,עברית,30,Female,Firefox,Windows,1080,1920,1.9901,22,Yes
2,size,negative,couch,furniture,tiny,0.02,5,עברית,30,Female,Firefox,Windows,1080,1920,1.9901,22,Yes
3,age,negative,banana,food,old,0.06,6,עברית,30,Female,Firefox,Windows,1080,1920,1.9901,22,Yes
4,age,positive,tomato,food,rotten,0.23,7,עברית,30,Female,Firefox,Windows,1080,1920,1.9901,22,Yes
5,color,positive,banana,food,brown,0.82,8,עברית,30,Female,Firefox,Windows,1080,1920,1.9901,22,Yes
6,nationality,positive,couch,furniture,Spanish,0.95,9,עברית,30,Female,Firefox,Windows,1080,1920,1.9901,22,Yes
7,texture,negative,chair,furniture,smooth,0.27,10,עברית,30,Female,Firefox,Windows,1080,1920,1.9901,22,Yes
8,texture,positive,cheese,food,soft,0.35,11,עברית,30,Female,Firefox,Windows,1080,1920,1.9901,22,Yes
9,shape,negative,desk,furniture,round,1.0,12,עברית,30,Female,Firefox,Windows,1080,1920,1.9901,22,Yes
10,color,positive,TV,furniture,yellow,1.0,13,עברית,30,Female,Firefox,Windows,1080,1920,1.9901,22,Yes
11,size,negative,TV,furniture,small,0.0,14,עברית,30,Female,Firefox,Windows,1080,1920,1.9901,22,Yes
12,color,negative,chair,furniture,green,1.0,15,עברית,30,Female,Firefox,Windows,1080,1920,1.9901,22,Yes
13,age,positive,chair,furniture,fresh,0.11,16,עברית,30,Female,Firefox,Windows,1080,1920,1.9901,22,Yes
14,quality,negative,fan,furniture,bad,0.0,17,עברית,30,Female,Firefox,Windows,1080,1920,1.9901,22,Yes
15,nationality,negative,couch,furniture,French,1.0,18,עברית,30,Female,Firefox,Windows,1080,1920,1.9901,22,Yes
16,nationality,negative,banana,food,American,1.0,19,עברית,30,Female,Firefox,Windows,1080,1920,1.9901,22,Yes
17,color,negative,fan,furniture,purple,1.0,20,עברית,30,Female,Firefox,Windows,1080,1920,1.9901,22,Yes
18,texture,positive,desk,furniture,hard,0.0,21,עברית,30,Female,Firefox,Windows,1080,1920,1.9901,22,Yes
19,size,positive,carrot,food,long,0.0,22,עברית,30,Female,Firefox,Windows,1080,1920,1.9901,22,Yes
20,color,negative,couch,furniture,blue,1.0,23,עברית,30,Female,Firefox,Windows,1080,1920,1.9901,22,Yes
21,color,positive,carrot,food,red,1.0,24,עברית,30,Female,Firefox,Windows,1080,1920,1.9901,22,Yes
22,size,positive,carrot,food,huge,0.0,25,עברית,30,Female,Firefox,Windows,1080,1920,1.9901,22,Yes
23,size,positive,desk,furniture,short,0.0,26,עברית,30,Female,Firefox,Windows,1080,1920,1.9901,22,Yes
24,size,negative,apple,food,big,0.0,27,עברית,30,Female,Firefox,Windows,1080,1920,1.9901,22,Yes
25,shape,positive,TV,furniture,square,1.0,28,עברית,30,Female,Firefox,Windows,1080,1920,1.9901,22,Yes
26,pattern,positive,TV,furniture,striped,0.36,29,עברית,30,Female,Firefox,Windows,1080,1920,1.9901,22,Yes
27,pattern,positive,cheese,food,dotted,1.0,30,עברית,30,Female,Firefox,Windows,1080,1920,1.9901,22,Yes
28,pattern,negative,TV,furniture,checkered,0.18,31,עברית,30,Female,Firefox,Windows,1080,1920,1.9901,22,Yes
0,color,positive,chair,furniture,blue,0.86,3,עברית,25,Male,Firefox,Windows,720,1280,2.6834166666666666,23,Yes
1,color,negative,chair,furniture,purple,0.92,4,עברית,25,Male,Firefox,Windows,720,1280,2.6834166666666666,23,Yes
2,color,positive,cheese,food,red,0.9,5,עברית,25,Male,Firefox,Windows,720,1280,2.6834166666666666,23,Yes
3,color,positive,banana,food,brown,0.89,6,עברית,25,Male,Firefox,Windows,720,1280,2.6834166666666666,23,Yes
4,texture,positive,chair,furniture,soft,0.26,7,עברית,25,Male,Firefox,Windows,720,1280,2.6834166666666666,23,Yes
5,size,positive,carrot,food,small,0.15,8,עברית,25,Male,Firefox,Windows,720,1280,2.6834166666666666,23,Yes
6,size,negative,chair,furniture,long,0.12,9,עברית,25,Male,Firefox,Windows,720,1280,2.6834166666666666,23,Yes
7,size,positive,carrot,food,huge,0.09,10,עברית,25,Male,Firefox,Windows,720,1280,2.6834166666666666,23,Yes
8,quality,negative,cheese,food,bad,0.0,11,עברית,25,Male,Firefox,Windows,720,1280,2.6834166666666666,23,Yes
9,size,positive,fan,furniture,big,0.11,12,עברית,25,Male,Firefox,Windows,720,1280,2.6834166666666666,23,Yes
10,nationality,positive,chair,furniture,Spanish,0.35,13,עברית,25,Male,Firefox,Windows,720,1280,2.6834166666666666,23,Yes
11,age,negative,couch,furniture,fresh,0.48,14,עברית,25,Male,Firefox,Windows,720,1280,2.6834166666666666,23,Yes
12,color,positive,apple,food,green,0.91,15,עברית,25,Male,Firefox,Windows,720,1280,2.6834166666666666,23,Yes
13,age,negative,fan,furniture,new,0.18,16,עברית,25,Male,Firefox,Windows,720,1280,2.6834166666666666,23,Yes
14,nationality,negative,fan,furniture,French,0.35,17,עברית,25,Male,Firefox,Windows,720,1280,2.6834166666666666,23,Yes
15,texture,positive,apple,food,hard,0.07,18,עברית,25,Male,Firefox,Windows,720,1280,2.6834166666666666,23,Yes
16,age,negative,cheese,food,old,0.21,19,עברית,25,Male,Firefox,Windows,720,1280,2.6834166666666666,23,Yes
17,nationality,positive,tomato,food,American,0.4,20,עברית,25,Male,Firefox,Windows,720,1280,2.6834166666666666,23,Yes
18,texture,negative,chair,furniture,smooth,0.26,21,עברית,25,Male,Firefox,Windows,720,1280,2.6834166666666666,23,Yes
19,color,positive,tomato,food,yellow,0.93,22,עברית,25,Male,Firefox,Windows,720,1280,2.6834166666666666,23,Yes
20,shape,positive,apple,food,square,0.83,23,עברית,25,Male,Firefox,Windows,720,1280,2.6834166666666666,23,Yes
21,size,negative,tomato,food,short,0.1,24,עברית,25,Male,Firefox,Windows,720,1280,2.6834166666666666,23,Yes
22,age,positive,chair,furniture,rotten,0.11,25,עברית,25,Male,Firefox,Windows,720,1280,2.6834166666666666,23,Yes
23,shape,negative,fan,furniture,round,0.51,26,עברית,25,Male,Firefox,Windows,720,1280,2.6834166666666666,23,Yes
24,quality,negative,carrot,food,good,0.04,27,עברית,25,Male,Firefox,Windows,720,1280,2.6834166666666666,23,Yes
25,size,negative,TV,furniture,tiny,0.28,28,עברית,25,Male,Firefox,Windows,720,1280,2.6834166666666666,23,Yes
26,pattern,positive,cheese,food,checkered,0.53,29,עברית,25,Male,Firefox,Windows,720,1280,2.6834166666666666,23,Yes
27,pattern,positive,apple,food,striped,0.18,30,עברית,25,Male,Firefox,Windows,720,1280,2.6834166666666666,23,Yes
28,pattern,negative,chair,furniture,dotted,0.8,31,עברית,25,Male,Firefox,Windows,720,1280,2.6834166666666666,23,Yes
