"","response","workerID","noun","nounclass","predicateposition","predicate","correctresponse","correctclass"
"1",0.96,1,"שולחן","furniture","predicate1","ספרדי",0.04,"nationality"
"2",0.95,1,"גבינה","food","predicate1","אמריקני",0.05,"nationality"
"3",0.95,1,"טלוויזיה","furniture","predicate1","מרובע",0.05,"shape"
"4",0.01,1,"תפוח","food","predicate1","עגול",0.99,"shape"
"5",0.02,1,"מאוורר","furniture","predicate1","חדש",0.98,"age"
"6",0,1,"טלוויזיה","furniture","predicate1","מרובע",1,"shape"
"7",0,1,"גזר","food","predicate1","קטן",1,"size"
"8",0.98,1,"גזר","food","predicate1","קשה",0.02,"texture"
"9",0.99,1,"עגבניה","food","predicate1","ענק",0.01,"size"
"10",0.95,1,"בננה","food","predicate1","ירוק",0.05,"color"
"11",0.96,1,"תפוח","food","predicate1","חום",0.04,"color"
"12",0.05,1,"תפוח","food","predicate1","רקוב",0.95,"age"
"13",0.02,1,"שולחן","furniture","predicate1","רקוב",0.98,"age"
"14",0.96,1,"עגבניה","food","predicate1","גרוע",0.04,"quality"
"15",0.06,1,"טלוויזיה","furniture","predicate1","קצר",0.94,"size"
"16",0.98,1,"טלוויזיה","furniture","predicate1","קטן",0.02,"size"
"17",0.92,1,"עגבניה","food","predicate1","גרוע",0.08,"quality"
"18",0.94,1,"עגבניה","food","predicate1","צרפתי",0.0600000000000001,"nationality"
"19",0.85,1,"תפוח","food","predicate1","עגול",0.15,"shape"
"20",0.94,1,"שולחן","furniture","predicate1","כחול",0.0600000000000001,"color"
"21",0.9,1,"שולחן","furniture","predicate1","צרפתי",0.1,"nationality"
"22",0.92,1,"גזר","food","predicate1","חלק",0.08,"texture"
"23",0,1,"גזר","food","predicate1","כחול",1,"color"
"24",0.94,1,"כיסא","furniture","predicate1","צרפתי",0.0600000000000001,"nationality"
"25",0.97,1,"טלוויזיה","furniture","predicate1","ספרדי",0.03,"nationality"
"26",0.07,1,"בננה","food","predicate1","אדום",0.93,"color"
"27",0.09,2,"תפוח","food","predicate1","טרי",0.91,"age"
"28",0.11,2,"בננה","food","predicate1","טרי",0.89,"age"
"29",0.55,2,"מאוורר","furniture","predicate1","חלק",0.45,"texture"
"30",0.18,2,"שולחן","furniture","predicate1","רקוב",0.82,"age"
"31",0.79,2,"שולחן","furniture","predicate1","פצפון",0.21,"size"
"32",0.85,2,"מאוורר","furniture","predicate1","ארוך",0.15,"size"
"33",0.15,2,"בננה","food","predicate1","צהוב",0.85,"color"
"34",0.26,2,"טלוויזיה","furniture","predicate1","קצר",0.74,"size"
"35",0.74,2,"ספה","furniture","predicate1","פצפון",0.26,"size"
"36",0.19,2,"עגבניה","food","predicate1","פצפון",0.81,"size"
"37",0.69,2,"בננה","food","predicate1","טוב",0.31,"quality"
"38",0.22,2,"שולחן","furniture","predicate1","גרוע",0.78,"quality"
"39",0.13,2,"גזר","food","predicate1","רך",0.87,"texture"
"40",0.86,2,"ספה","furniture","predicate1","ישן",0.14,"age"
"41",0.14,2,"גזר","food","predicate1","ישן",0.86,"age"
"42",0.8,2,"בננה","food","predicate1","ספרדי",0.2,"nationality"
"43",0.13,2,"גזר","food","predicate1","קשה",0.87,"texture"
"44",0.64,2,"גזר","food","predicate1","חום",0.36,"color"
"45",0.25,2,"בננה","food","predicate1","כחול",0.75,"color"
"46",0.23,2,"כיסא","furniture","predicate1","צרפתי",0.77,"nationality"
"47",0.17,2,"בננה","food","predicate1","חלק",0.83,"texture"
"48",0.25,2,"ספה","furniture","predicate1","מרובע",0.75,"shape"
"49",0.23,2,"תפוח","food","predicate1","רך",0.77,"texture"
"50",0.77,2,"עגבניה","food","predicate1","פצפון",0.23,"size"
"51",0.29,2,"בננה","food","predicate1","חום",0.71,"color"
"52",0.72,2,"כיסא","furniture","predicate1","סגול",0.28,"color"
"53",0,3,"טלוויזיה","furniture","predicate1","טוב",1,"quality"
"54",0.03,3,"גזר","food","predicate1","גרוע",0.97,"quality"
"55",0.01,3,"שולחן","furniture","predicate1","קטן",0.99,"size"
"56",0.95,3,"טלוויזיה","furniture","predicate1","מרובע",0.05,"shape"
"57",0.98,3,"מאוורר","furniture","predicate1","קשה",0.02,"texture"
"58",0.92,3,"שולחן","furniture","predicate1","אמריקני",0.08,"nationality"
"59",0.97,3,"גזר","food","predicate1","אמריקני",0.03,"nationality"
"60",0.03,3,"עגבניה","food","predicate1","גדול",0.97,"size"
"61",0,3,"מאוורר","furniture","predicate1","טרי",1,"age"
"62",0.02,3,"גבינה","food","predicate1","טוב",0.98,"quality"
"63",0.03,3,"כיסא","furniture","predicate1","עגול",0.97,"shape"
"64",0.96,3,"תפוח","food","predicate1","כחול",0.04,"color"
"65",0.98,3,"גזר","food","predicate1","מרובע",0.02,"shape"
"66",0.95,3,"עגבניה","food","predicate1","אמריקני",0.05,"nationality"
"67",0.97,3,"שולחן","furniture","predicate1","רך",0.03,"texture"
"68",0.98,3,"טלוויזיה","furniture","predicate1","אדום",0.02,"color"
"69",0.03,3,"גבינה","food","predicate1","חלק",0.97,"texture"
"70",0.95,3,"כיסא","furniture","predicate1","מרובע",0.05,"shape"
"71",0.98,3,"מאוורר","furniture","predicate1","קצר",0.02,"size"
"72",0.98,3,"גבינה","food","predicate1","עגול",0.02,"shape"
"73",0,3,"תפוח","food","predicate1","קצר",1,"size"
"74",0.95,3,"שולחן","furniture","predicate1","עגול",0.05,"shape"
"75",0.94,3,"מאוורר","furniture","predicate1","ירוק",0.0600000000000001,"color"
"76",0.01,3,"שולחן","furniture","predicate1","רקוב",0.99,"age"
"77",0.02,3,"טלוויזיה","furniture","predicate1","גרוע",0.98,"quality"
"78",0.97,3,"מאוורר","furniture","predicate1","מרובע",0.03,"shape"
"79",0.07,4,"טלוויזיה","furniture","predicate1","ספרדי",0.93,"nationality"
"80",0.16,4,"שולחן","furniture","predicate1","קטן",0.84,"size"
"81",0.84,4,"כיסא","furniture","predicate1","ספרדי",0.16,"nationality"
"82",0.14,4,"כיסא","furniture","predicate1","קצר",0.86,"size"
"83",0.16,4,"שולחן","furniture","predicate1","ספרדי",0.84,"nationality"
"84",0.14,4,"גזר","food","predicate1","צרפתי",0.86,"nationality"
"85",0.34,4,"גזר","food","predicate1","טוב",0.66,"quality"
"86",0,4,"שולחן","furniture","predicate1","חלק",1,"texture"
"87",0.13,4,"ספה","furniture","predicate1","קשה",0.87,"texture"
"88",0.15,4,"מאוורר","furniture","predicate1","ירוק",0.85,"color"
"89",0.32,4,"בננה","food","predicate1","קשה",0.68,"texture"
"90",0.81,4,"מאוורר","furniture","predicate1","ענק",0.19,"size"
"91",0,4,"גבינה","food","predicate1","גדול",1,"size"
"92",0.32,4,"עגבניה","food","predicate1","קצר",0.68,"size"
"93",0.83,4,"טלוויזיה","furniture","predicate1","ספרדי",0.17,"nationality"
"94",0.17,4,"בננה","food","predicate1","סגול",0.83,"color"
"95",0.13,4,"עגבניה","food","predicate1","ארוך",0.87,"size"
"96",0,4,"תפוח","food","predicate1","רקוב",1,"age"
"97",0.81,4,"עגבניה","food","predicate1","ירוק",0.19,"color"
"98",0.73,4,"עגבניה","food","predicate1","רך",0.27,"texture"
"99",0.77,4,"מאוורר","furniture","predicate1","חלק",0.23,"texture"
"100",0.09,4,"שולחן","furniture","predicate1","מרובע",0.91,"shape"
"101",0.14,4,"טלוויזיה","furniture","predicate1","ארוך",0.86,"size"
"102",0.12,4,"כיסא","furniture","predicate1","אדום",0.88,"color"
"103",0.04,4,"ספה","furniture","predicate1","ישן",0.96,"age"
"104",0.12,4,"טלוויזיה","furniture","predicate1","גדול",0.88,"size"
"105",0.06,5,"גזר","food","predicate1","פצפון",0.94,"size"
"106",0.13,5,"גבינה","food","predicate1","ארוך",0.87,"size"
"107",0.82,5,"כיסא","furniture","predicate1","ישן",0.18,"age"
"108",0.92,5,"כיסא","furniture","predicate1","ארוך",0.08,"size"
"109",0.06,5,"בננה","food","predicate1","טוב",0.94,"quality"
"110",0.95,5,"עגבניה","food","predicate1","חום",0.05,"color"
"111",0.05,5,"טלוויזיה","furniture","predicate1","טרי",0.95,"age"
"112",0.09,5,"בננה","food","predicate1","מרובע",0.91,"shape"
"113",0.08,5,"תפוח","food","predicate1","חלק",0.92,"texture"
"114",0.04,5,"תפוח","food","predicate1","רקוב",0.96,"age"
"115",0.87,5,"בננה","food","predicate1","ספרדי",0.13,"nationality"
"116",0.94,5,"כיסא","furniture","predicate1","חלק",0.0600000000000001,"texture"
"117",0.1,5,"טלוויזיה","furniture","predicate1","חדש",0.9,"age"
"118",0.13,5,"גבינה","food","predicate1","גדול",0.87,"size"
"119",0.49,5,"גבינה","food","predicate1","רך",0.51,"texture"
"120",0.1,5,"מאוורר","furniture","predicate1","חדש",0.9,"age"
"121",0.04,5,"ספה","furniture","predicate1","ישן",0.96,"age"
"122",0.61,5,"טלוויזיה","furniture","predicate1","חלק",0.39,"texture"
"123",0.86,5,"עגבניה","food","predicate1","ישן",0.14,"age"
"124",0.13,5,"כיסא","furniture","predicate1","טרי",0.87,"age"
"125",0.03,5,"גזר","food","predicate1","חדש",0.97,"age"
"126",0.02,5,"בננה","food","predicate1","ספרדי",0.98,"nationality"
"127",0.82,5,"תפוח","food","predicate1","טרי",0.18,"age"
"128",0.88,5,"גבינה","food","predicate1","חום",0.12,"color"
"129",0.92,5,"טלוויזיה","furniture","predicate1","ענק",0.08,"size"
"130",0.89,5,"כיסא","furniture","predicate1","ענק",0.11,"size"
"131",0.29,6,"תפוח","food","predicate1","חלק",0.71,"texture"
"132",0.72,6,"גזר","food","predicate1","צרפתי",0.28,"nationality"
"133",0.73,6,"תפוח","food","predicate1","צרפתי",0.27,"nationality"
"134",0.15,6,"כיסא","furniture","predicate1","גרוע",0.85,"quality"
"135",0.09,6,"גבינה","food","predicate1","קצר",0.91,"size"
"136",0.15,6,"תפוח","food","predicate1","קטן",0.85,"size"
"137",0.61,6,"תפוח","food","predicate1","צרפתי",0.39,"nationality"
"138",0.1,6,"גזר","food","predicate1","קצר",0.9,"size"
"139",0.15,6,"גבינה","food","predicate1","ארוך",0.85,"size"
"140",0.48,6,"תפוח","food","predicate1","חום",0.52,"color"
"141",0.48,6,"תפוח","food","predicate1","קטן",0.52,"size"
"142",0.76,6,"עגבניה","food","predicate1","טרי",0.24,"age"
"143",0.11,6,"עגבניה","food","predicate1","ישן",0.89,"age"
"144",0.95,6,"בננה","food","predicate1","ארוך",0.05,"size"
"145",0.14,6,"גבינה","food","predicate1","רקוב",0.86,"age"
"146",0.1,6,"כיסא","furniture","predicate1","פצפון",0.9,"size"
"147",0.9,6,"גזר","food","predicate1","אדום",0.1,"color"
"148",0.89,6,"בננה","food","predicate1","אמריקני",0.11,"nationality"
"149",0.08,6,"מאוורר","furniture","predicate1","פצפון",0.92,"size"
"150",0.03,6,"בננה","food","predicate1","רך",0.97,"texture"
"151",0.44,6,"טלוויזיה","furniture","predicate1","חום",0.56,"color"
"152",0.16,6,"טלוויזיה","furniture","predicate1","ענק",0.84,"size"
"153",0.14,6,"תפוח","food","predicate1","ישן",0.86,"age"
"154",0,6,"גזר","food","predicate1","רך",1,"texture"
"155",0.1,6,"טלוויזיה","furniture","predicate1","פצפון",0.9,"size"
"156",0.8,6,"טלוויזיה","furniture","predicate1","צרפתי",0.2,"nationality"
"157",0,7,"בננה","food","predicate1","רך",1,"texture"
"158",1,7,"תפוח","food","predicate1","גרוע",0,"quality"
"159",0.75,7,"בננה","food","predicate1","ישן",0.25,"age"
"160",0.22,7,"טלוויזיה","furniture","predicate1","חלק",0.78,"texture"
"161",0.79,7,"תפוח","food","predicate1","ענק",0.21,"size"
"162",0.79,7,"כיסא","furniture","predicate1","גדול",0.21,"size"
"163",1,7,"גבינה","food","predicate1","קשה",0,"texture"
"164",1,7,"טלוויזיה","furniture","predicate1","גרוע",0,"quality"
"165",0.09,7,"עגבניה","food","predicate1","קטן",0.91,"size"
"166",0.01,7,"עגבניה","food","predicate1","עגול",0.99,"shape"
"167",0.88,7,"תפוח","food","predicate1","פצפון",0.12,"size"
"168",0.14,7,"עגבניה","food","predicate1","מרובע",0.86,"shape"
"169",0.12,7,"טלוויזיה","furniture","predicate1","חום",0.88,"color"
"170",0.13,7,"ספה","furniture","predicate1","קטן",0.87,"size"
"171",0,7,"תפוח","food","predicate1","רקוב",1,"age"
"172",0,7,"טלוויזיה","furniture","predicate1","ארוך",1,"size"
"173",0,7,"גבינה","food","predicate1","טוב",1,"quality"
"174",0,7,"טלוויזיה","furniture","predicate1","צהוב",1,"color"
"175",0.07,7,"שולחן","furniture","predicate1","צרפתי",0.93,"nationality"
"176",0.93,7,"בננה","food","predicate1","צרפתי",0.07,"nationality"
"177",0.1,7,"מאוורר","furniture","predicate1","גרוע",0.9,"quality"
"178",0,7,"כיסא","furniture","predicate1","טוב",1,"quality"
"179",0.97,7,"עגבניה","food","predicate1","אמריקני",0.03,"nationality"
"180",0,7,"גבינה","food","predicate1","ירוק",1,"color"
"181",0.9,7,"ספה","furniture","predicate1","מרובע",0.1,"shape"
"182",0.99,7,"בננה","food","predicate1","סגול",0.01,"color"
"183",0,8,"מאוורר","furniture","predicate1","רך",1,"texture"
"184",0.99,8,"מאוורר","furniture","predicate1","אמריקני",0.01,"nationality"
"185",0.98,8,"בננה","food","predicate1","סגול",0.02,"color"
"186",0.97,8,"מאוורר","furniture","predicate1","צהוב",0.03,"color"
"187",0.02,8,"מאוורר","furniture","predicate1","ענק",0.98,"size"
"188",0.95,8,"טלוויזיה","furniture","predicate1","גדול",0.05,"size"
"189",0.02,8,"עגבניה","food","predicate1","טרי",0.98,"age"
"190",0.04,8,"מאוורר","furniture","predicate1","טרי",0.96,"age"
"191",0.98,8,"ספה","furniture","predicate1","עגול",0.02,"shape"
"192",0.02,8,"ספה","furniture","predicate1","ארוך",0.98,"size"
"193",0.01,8,"תפוח","food","predicate1","טרי",0.99,"age"
"194",0.98,8,"ספה","furniture","predicate1","טרי",0.02,"age"
"195",1,8,"גבינה","food","predicate1","ספרדי",0,"nationality"
"196",0.96,8,"בננה","food","predicate1","קשה",0.04,"texture"
"197",0.03,8,"טלוויזיה","furniture","predicate1","קטן",0.97,"size"
"198",0,8,"כיסא","furniture","predicate1","גדול",1,"size"
"199",1,8,"שולחן","furniture","predicate1","טוב",0,"quality"
"200",0.53,8,"כיסא","furniture","predicate1","גרוע",0.47,"quality"
"201",0.53,8,"טלוויזיה","furniture","predicate1","קצר",0.47,"size"
"202",0.52,8,"גזר","food","predicate1","צהוב",0.48,"color"
"203",0,8,"כיסא","furniture","predicate1","ענק",1,"size"
"204",0,8,"כיסא","furniture","predicate1","קטן",1,"size"
"205",0.81,8,"ספה","furniture","predicate1","גדול",0.19,"size"
"206",0,8,"ספה","furniture","predicate1","גרוע",1,"quality"
"207",0.5,8,"מאוורר","furniture","predicate1","טרי",0.5,"age"
"208",0.05,8,"עגבניה","food","predicate1","אדום",0.95,"color"
"209",0.75,9,"עגבניה","food","predicate1","קשה",0.25,"texture"
"210",0.78,9,"כיסא","furniture","predicate1","קשה",0.22,"texture"
"211",1,9,"תפוח","food","predicate1","חום",0,"color"
"212",1,9,"כיסא","furniture","predicate1","מרובע",0,"shape"
"213",0,9,"ספה","furniture","predicate1","ענק",1,"size"
"214",0,9,"גבינה","food","predicate1","קשה",1,"texture"
"215",0,9,"עגבניה","food","predicate1","טוב",1,"quality"
"216",1,9,"גזר","food","predicate1","ספרדי",0,"nationality"
"217",0,9,"בננה","food","predicate1","גדול",1,"size"
"218",1,9,"כיסא","furniture","predicate1","קשה",0,"texture"
"219",0,9,"ספה","furniture","predicate1","אדום",1,"color"
"220",0,9,"גבינה","food","predicate1","טוב",1,"quality"
"221",0,9,"גזר","food","predicate1","אדום",1,"color"
"222",0,9,"בננה","food","predicate1","קצר",1,"size"
"223",0,9,"תפוח","food","predicate1","גדול",1,"size"
"224",0.06,9,"טלוויזיה","furniture","predicate1","רקוב",0.94,"age"
"225",0,9,"גבינה","food","predicate1","קשה",1,"texture"
"226",0.61,9,"מאוורר","furniture","predicate1","גרוע",0.39,"quality"
"227",0.19,9,"כיסא","furniture","predicate1","גרוע",0.81,"quality"
"228",0.7,9,"תפוח","food","predicate1","גרוע",0.3,"quality"
"229",0,9,"גזר","food","predicate1","גדול",1,"size"
"230",0.75,9,"עגבניה","food","predicate1","רקוב",0.25,"age"
"231",0.29,9,"גבינה","food","predicate1","רך",0.71,"texture"
"232",0.69,9,"מאוורר","furniture","predicate1","אדום",0.31,"color"
"233",0.23,9,"טלוויזיה","furniture","predicate1","פצפון",0.77,"size"
"234",0.34,9,"שולחן","furniture","predicate1","רקוב",0.66,"age"
"235",0.85,10,"תפוח","food","predicate1","ספרדי",0.15,"nationality"
"236",0.85,10,"תפוח","food","predicate1","כחול",0.15,"color"
"237",0.83,10,"גזר","food","predicate1","סגול",0.17,"color"
"238",0.9,10,"טלוויזיה","furniture","predicate1","אמריקני",0.1,"nationality"
"239",0.92,10,"כיסא","furniture","predicate1","אמריקני",0.08,"nationality"
"240",0.89,10,"גבינה","food","predicate1","קצר",0.11,"size"
"241",0.07,10,"כיסא","furniture","predicate1","רקוב",0.93,"age"
"242",0.07,10,"גזר","food","predicate1","חדש",0.93,"age"
"243",0.88,10,"בננה","food","predicate1","חום",0.12,"color"
"244",0.07,10,"שולחן","furniture","predicate1","קשה",0.93,"texture"
"245",0.14,10,"בננה","food","predicate1","קשה",0.86,"texture"
"246",0.06,10,"שולחן","furniture","predicate1","עגול",0.94,"shape"
"247",0.09,10,"תפוח","food","predicate1","מרובע",0.91,"shape"
"248",0.91,10,"בננה","food","predicate1","רך",0.09,"texture"
"249",0.85,10,"טלוויזיה","furniture","predicate1","מרובע",0.15,"shape"
"250",0.13,10,"כיסא","furniture","predicate1","גרוע",0.87,"quality"
"251",0.09,10,"טלוויזיה","furniture","predicate1","חדש",0.91,"age"
"252",0.89,10,"בננה","food","predicate1","כחול",0.11,"color"
"253",0.13,10,"גבינה","food","predicate1","גרוע",0.87,"quality"
"254",0.17,10,"טלוויזיה","furniture","predicate1","טרי",0.83,"age"
"255",0.92,10,"כיסא","furniture","predicate1","צהוב",0.08,"color"
"256",0.86,10,"כיסא","furniture","predicate1","אדום",0.14,"color"
"257",0.8,10,"גזר","food","predicate1","עגול",0.2,"shape"
"258",0.26,10,"מאוורר","furniture","predicate1","קצר",0.74,"size"
"259",0.25,10,"מאוורר","furniture","predicate1","ענק",0.75,"size"
"260",0.26,10,"עגבניה","food","predicate1","רקוב",0.74,"age"
"261",0.27,11,"ספה","furniture","predicate1","סגול",0.73,"color"
"262",0.31,11,"טלוויזיה","furniture","predicate1","קשה",0.69,"texture"
"263",0.22,11,"טלוויזיה","furniture","predicate1","טרי",0.78,"age"
"264",0.23,11,"עגבניה","food","predicate1","חדש",0.77,"age"
"265",0.19,11,"תפוח","food","predicate1","גרוע",0.81,"quality"
"266",0.22,11,"שולחן","furniture","predicate1","ישן",0.78,"age"
"267",0.18,11,"שולחן","furniture","predicate1","ישן",0.82,"age"
"268",0.24,11,"מאוורר","furniture","predicate1","טוב",0.76,"quality"
"269",0.87,11,"ספה","furniture","predicate1","חום",0.13,"color"
"270",0.86,11,"ספה","furniture","predicate1","צרפתי",0.14,"nationality"
"271",0.31,11,"גזר","food","predicate1","חדש",0.69,"age"
"272",0.5,11,"בננה","food","predicate1","ענק",0.5,"size"
"273",0,11,"טלוויזיה","furniture","predicate1","קטן",1,"size"
"274",0,11,"תפוח","food","predicate1","טרי",1,"age"
"275",0.18,11,"בננה","food","predicate1","מרובע",0.82,"shape"
"276",0.48,11,"טלוויזיה","furniture","predicate1","קצר",0.52,"size"
"277",0.47,11,"ספה","furniture","predicate1","טוב",0.53,"quality"
"278",0.24,11,"טלוויזיה","furniture","predicate1","צהוב",0.76,"color"
"279",0.82,11,"כיסא","furniture","predicate1","צרפתי",0.18,"nationality"
"280",0.8,11,"ספה","furniture","predicate1","חלק",0.2,"texture"
"281",0.08,11,"תפוח","food","predicate1","חדש",0.92,"age"
"282",0.78,11,"עגבניה","food","predicate1","אמריקני",0.22,"nationality"
"283",0.22,11,"ספה","furniture","predicate1","קטן",0.78,"size"
"284",0.85,11,"גבינה","food","predicate1","סגול",0.15,"color"
"285",0.87,11,"תפוח","food","predicate1","צהוב",0.13,"color"
"286",0.48,11,"כיסא","furniture","predicate1","חלק",0.52,"texture"
"287",0,12,"שולחן","furniture","predicate1","גדול",1,"size"
"288",1,12,"עגבניה","food","predicate1","אמריקני",0,"nationality"
"289",0.02,12,"גזר","food","predicate1","רך",0.98,"texture"
"290",1,12,"טלוויזיה","furniture","predicate1","צרפתי",0,"nationality"
"291",0,12,"מאוורר","furniture","predicate1","קטן",1,"size"
"292",1,12,"גבינה","food","predicate1","טוב",0,"quality"
"293",0,12,"גזר","food","predicate1","קשה",1,"texture"
"294",1,12,"מאוורר","furniture","predicate1","פצפון",0,"size"
"295",0,12,"ספה","furniture","predicate1","חלק",1,"texture"
"296",1,12,"גבינה","food","predicate1","עגול",0,"shape"
"297",0,12,"גזר","food","predicate1","קשה",1,"texture"
"298",1,12,"בננה","food","predicate1","מרובע",0,"shape"
"299",0,12,"מאוורר","furniture","predicate1","רך",1,"texture"
"300",0,12,"טלוויזיה","furniture","predicate1","גרוע",1,"quality"
"301",0,12,"מאוורר","furniture","predicate1","גרוע",1,"quality"
"302",1,12,"עגבניה","food","predicate1","כחול",0,"color"
"303",1,12,"כיסא","furniture","predicate1","קשה",0,"texture"
"304",1,12,"בננה","food","predicate1","ירוק",0,"color"
"305",1,12,"בננה","food","predicate1","ארוך",0,"size"
"306",1,12,"טלוויזיה","furniture","predicate1","צהוב",0,"color"
"307",1,12,"עגבניה","food","predicate1","מרובע",0,"shape"
"308",1,12,"גבינה","food","predicate1","רקוב",0,"age"
"309",1,12,"גזר","food","predicate1","ארוך",0,"size"
"310",1,12,"כיסא","furniture","predicate1","טרי",0,"age"
"311",1,12,"תפוח","food","predicate1","קשה",0,"texture"
"312",1,12,"מאוורר","furniture","predicate1","טרי",0,"age"
"313",0.09,13,"כיסא","furniture","predicate1","ישן",0.91,"age"
"314",0.03,13,"גבינה","food","predicate1","קצר",0.97,"size"
"315",0.96,13,"גבינה","food","predicate1","טרי",0.04,"age"
"316",0.04,13,"ספה","furniture","predicate1","רקוב",0.96,"age"
"317",0.93,13,"ספה","furniture","predicate1","ירוק",0.07,"color"
"318",0.98,13,"שולחן","furniture","predicate1","צרפתי",0.02,"nationality"
"319",0.98,13,"גזר","food","predicate1","צהוב",0.02,"color"
"320",0.98,13,"גבינה","food","predicate1","מרובע",0.02,"shape"
"321",0.06,13,"ספה","furniture","predicate1","טרי",0.94,"age"
"322",0.97,13,"תפוח","food","predicate1","צהוב",0.03,"color"
"323",0.94,13,"שולחן","furniture","predicate1","טרי",0.0600000000000001,"age"
"324",0.96,13,"עגבניה","food","predicate1","ארוך",0.04,"size"
"325",0.93,13,"גזר","food","predicate1","עגול",0.07,"shape"
"326",0.1,13,"גזר","food","predicate1","מרובע",0.9,"shape"
"327",0.98,13,"טלוויזיה","furniture","predicate1","ענק",0.02,"size"
"328",0.98,13,"בננה","food","predicate1","חום",0.02,"color"
"329",0.08,13,"תפוח","food","predicate1","חדש",0.92,"age"
"330",0.96,13,"בננה","food","predicate1","קצר",0.04,"size"
"331",0.01,13,"כיסא","furniture","predicate1","מרובע",0.99,"shape"
"332",0.05,13,"בננה","food","predicate1","ארוך",0.95,"size"
"333",0.16,13,"מאוורר","furniture","predicate1","חום",0.84,"color"
"334",0.92,13,"תפוח","food","predicate1","גדול",0.08,"size"
"335",0.9,13,"טלוויזיה","furniture","predicate1","אמריקני",0.1,"nationality"
"336",0.12,13,"שולחן","furniture","predicate1","קשה",0.88,"texture"
"337",0.94,13,"ספה","furniture","predicate1","ישן",0.0600000000000001,"age"
"338",0.89,13,"כיסא","furniture","predicate1","קשה",0.11,"texture"
"339",0.93,15,"בננה","food","predicate1","אדום",0.07,"color"
"340",0.94,15,"מאוורר","furniture","predicate1","ענק",0.0600000000000001,"size"
"341",0.04,15,"בננה","food","predicate1","אדום",0.96,"color"
"342",0.12,15,"עגבניה","food","predicate1","רקוב",0.88,"age"
"343",0.96,15,"גבינה","food","predicate1","סגול",0.04,"color"
"344",0.95,15,"שולחן","furniture","predicate1","קטן",0.05,"size"
"345",0.91,15,"תפוח","food","predicate1","קטן",0.09,"size"
"346",0.94,15,"מאוורר","furniture","predicate1","אמריקני",0.0600000000000001,"nationality"
"347",0.91,15,"מאוורר","furniture","predicate1","חדש",0.09,"age"
"348",0.03,15,"ספה","furniture","predicate1","טוב",0.97,"quality"
"349",0.14,15,"גזר","food","predicate1","ספרדי",0.86,"nationality"
"350",0.95,15,"עגבניה","food","predicate1","ארוך",0.05,"size"
"351",0.08,15,"מאוורר","furniture","predicate1","צהוב",0.92,"color"
"352",0.2,15,"גזר","food","predicate1","מרובע",0.8,"shape"
"353",0.12,15,"תפוח","food","predicate1","קצר",0.88,"size"
"354",0.14,15,"מאוורר","furniture","predicate1","אמריקני",0.86,"nationality"
"355",0.12,15,"בננה","food","predicate1","גרוע",0.88,"quality"
"356",0.12,15,"כיסא","furniture","predicate1","אדום",0.88,"color"
"357",0.93,15,"טלוויזיה","furniture","predicate1","כחול",0.07,"color"
"358",0.13,15,"שולחן","furniture","predicate1","ירוק",0.87,"color"
"359",0.97,15,"כיסא","furniture","predicate1","ספרדי",0.03,"nationality"
"360",0.96,15,"תפוח","food","predicate1","חלק",0.04,"texture"
"361",0.02,15,"טלוויזיה","furniture","predicate1","חדש",0.98,"age"
"362",0.07,15,"כיסא","furniture","predicate1","טוב",0.93,"quality"
"363",0.95,15,"גזר","food","predicate1","ישן",0.05,"age"
"364",0.13,15,"שולחן","furniture","predicate1","רך",0.87,"texture"
"365",0.17,16,"עגבניה","food","predicate1","חלק",0.83,"texture"
"366",0.23,16,"מאוורר","furniture","predicate1","קצר",0.77,"size"
"367",0.87,16,"גבינה","food","predicate1","מרובע",0.13,"shape"
"368",0.18,16,"ספה","furniture","predicate1","קצר",0.82,"size"
"369",0.14,16,"גזר","food","predicate1","קשה",0.86,"texture"
"370",0.16,16,"טלוויזיה","furniture","predicate1","חלק",0.84,"texture"
"371",0.08,16,"גזר","food","predicate1","צרפתי",0.92,"nationality"
"372",0.14,16,"טלוויזיה","furniture","predicate1","טוב",0.86,"quality"
"373",0.9,16,"שולחן","furniture","predicate1","ארוך",0.1,"size"
"374",0.07,16,"מאוורר","furniture","predicate1","קשה",0.93,"texture"
"375",0.11,16,"גזר","food","predicate1","חדש",0.89,"age"
"376",0.13,16,"ספה","furniture","predicate1","ענק",0.87,"size"
"377",0.94,16,"עגבניה","food","predicate1","סגול",0.0600000000000001,"color"
"378",0.08,16,"תפוח","food","predicate1","קטן",0.92,"size"
"379",0.09,16,"תפוח","food","predicate1","קטן",0.91,"size"
"380",0.1,16,"בננה","food","predicate1","רקוב",0.9,"age"
"381",0.88,16,"מאוורר","furniture","predicate1","טרי",0.12,"age"
"382",0.86,16,"מאוורר","furniture","predicate1","חום",0.14,"color"
"383",0.07,16,"ספה","furniture","predicate1","רקוב",0.93,"age"
"384",0.97,16,"שולחן","furniture","predicate1","צרפתי",0.03,"nationality"
"385",0.11,16,"עגבניה","food","predicate1","גרוע",0.89,"quality"
"386",0.1,16,"טלוויזיה","furniture","predicate1","גרוע",0.9,"quality"
"387",0.03,16,"גבינה","food","predicate1","גרוע",0.97,"quality"
"388",0.13,16,"עגבניה","food","predicate1","ענק",0.87,"size"
"389",0.13,16,"טלוויזיה","furniture","predicate1","קצר",0.87,"size"
"390",0.89,16,"בננה","food","predicate1","סגול",0.11,"color"
"391",0.8,17,"שולחן","furniture","predicate1","ירוק",0.2,"color"
"392",0.13,17,"בננה","food","predicate1","חלק",0.87,"texture"
"393",0.16,17,"כיסא","furniture","predicate1","ספרדי",0.84,"nationality"
"394",0.79,17,"ספה","furniture","predicate1","ישן",0.21,"age"
"395",0.16,17,"גבינה","food","predicate1","חלק",0.84,"texture"
"396",0.89,17,"מאוורר","furniture","predicate1","ספרדי",0.11,"nationality"
"397",0.18,17,"גבינה","food","predicate1","ארוך",0.82,"size"
"398",0.22,17,"גבינה","food","predicate1","ארוך",0.78,"size"
"399",0.8,17,"מאוורר","furniture","predicate1","אדום",0.2,"color"
"400",0.78,17,"בננה","food","predicate1","אמריקני",0.22,"nationality"
"401",0.15,17,"טלוויזיה","furniture","predicate1","חלק",0.85,"texture"
"402",0.79,17,"תפוח","food","predicate1","חום",0.21,"color"
"403",0.9,17,"תפוח","food","predicate1","חום",0.1,"color"
"404",0.11,17,"כיסא","furniture","predicate1","פצפון",0.89,"size"
"405",0.8,17,"ספה","furniture","predicate1","קטן",0.2,"size"
"406",0.84,17,"בננה","food","predicate1","אמריקני",0.16,"nationality"
"407",0.24,17,"ספה","furniture","predicate1","סגול",0.76,"color"
"408",0.18,17,"עגבניה","food","predicate1","עגול",0.82,"shape"
"409",0.11,17,"מאוורר","furniture","predicate1","טרי",0.89,"age"
"410",0.85,17,"בננה","food","predicate1","אמריקני",0.15,"nationality"
"411",0.14,17,"מאוורר","furniture","predicate1","קצר",0.86,"size"
"412",0.16,17,"כיסא","furniture","predicate1","מרובע",0.84,"shape"
"413",0.78,17,"תפוח","food","predicate1","צרפתי",0.22,"nationality"
"414",0.87,17,"כיסא","furniture","predicate1","צהוב",0.13,"color"
"415",0.2,17,"טלוויזיה","furniture","predicate1","טוב",0.8,"quality"
"416",0.88,17,"גבינה","food","predicate1","רקוב",0.12,"age"
"417",0.27,18,"עגבניה","food","predicate1","קצר",0.73,"size"
"418",0.15,18,"בננה","food","predicate1","טוב",0.85,"quality"
"419",0.86,18,"טלוויזיה","furniture","predicate1","פצפון",0.14,"size"
"420",0.19,18,"תפוח","food","predicate1","גרוע",0.81,"quality"
"421",0.16,18,"בננה","food","predicate1","קשה",0.84,"texture"
"422",0.57,18,"תפוח","food","predicate1","ישן",0.43,"age"
"423",0.68,18,"תפוח","food","predicate1","אדום",0.32,"color"
"424",0.71,18,"כיסא","furniture","predicate1","צרפתי",0.29,"nationality"
"425",0.84,18,"ספה","furniture","predicate1","צהוב",0.16,"color"
"426",0.86,18,"מאוורר","furniture","predicate1","סגול",0.14,"color"
"427",0.24,18,"טלוויזיה","furniture","predicate1","ישן",0.76,"age"
"428",0.87,18,"טלוויזיה","furniture","predicate1","ארוך",0.13,"size"
"429",0.86,18,"גבינה","food","predicate1","גדול",0.14,"size"
"430",0.09,18,"בננה","food","predicate1","טוב",0.91,"quality"
"431",0.86,18,"תפוח","food","predicate1","ירוק",0.14,"color"
"432",0.12,18,"גבינה","food","predicate1","חלק",0.88,"texture"
"433",0.15,18,"גבינה","food","predicate1","חום",0.85,"color"
"434",0.26,18,"מאוורר","furniture","predicate1","רקוב",0.74,"age"
"435",0.16,18,"גזר","food","predicate1","צהוב",0.84,"color"
"436",0.81,18,"גבינה","food","predicate1","חדש",0.19,"age"
"437",0.16,18,"ספה","furniture","predicate1","מרובע",0.84,"shape"
"438",0.1,18,"כיסא","furniture","predicate1","גרוע",0.9,"quality"
"439",0.17,18,"בננה","food","predicate1","קטן",0.83,"size"
"440",0.9,18,"גזר","food","predicate1","מרובע",0.1,"shape"
"441",0.86,18,"מאוורר","furniture","predicate1","חום",0.14,"color"
"442",0.9,18,"תפוח","food","predicate1","צהוב",0.1,"color"
"443",0.23,19,"שולחן","furniture","predicate1","קטן",0.77,"size"
"444",0.63,19,"עגבניה","food","predicate1","קצר",0.37,"size"
"445",0.13,19,"בננה","food","predicate1","טוב",0.87,"quality"
"446",0.13,19,"בננה","food","predicate1","קטן",0.87,"size"
"447",0.83,19,"ספה","furniture","predicate1","טוב",0.17,"quality"
"448",0.23,19,"טלוויזיה","furniture","predicate1","טוב",0.77,"quality"
"449",0.16,19,"עגבניה","food","predicate1","טרי",0.84,"age"
"450",0.29,19,"גבינה","food","predicate1","חדש",0.71,"age"
"451",0.29,19,"שולחן","furniture","predicate1","קשה",0.71,"texture"
"452",0.61,19,"עגבניה","food","predicate1","ספרדי",0.39,"nationality"
"453",0.6,19,"מאוורר","furniture","predicate1","רקוב",0.4,"age"
"454",0.72,19,"כיסא","furniture","predicate1","חדש",0.28,"age"
"455",0.72,19,"בננה","food","predicate1","חלק",0.28,"texture"
"456",0.24,19,"עגבניה","food","predicate1","חדש",0.76,"age"
"457",0.2,19,"כיסא","furniture","predicate1","ענק",0.8,"size"
"458",0.69,19,"עגבניה","food","predicate1","קשה",0.31,"texture"
"459",0.51,19,"טלוויזיה","furniture","predicate1","רקוב",0.49,"age"
"460",0.2,19,"כיסא","furniture","predicate1","ירוק",0.8,"color"
"461",0.8,19,"שולחן","furniture","predicate1","כחול",0.2,"color"
"462",0.79,19,"בננה","food","predicate1","צהוב",0.21,"color"
"463",0.83,19,"גזר","food","predicate1","אמריקני",0.17,"nationality"
"464",0.64,19,"עגבניה","food","predicate1","חום",0.36,"color"
"465",0.8,19,"תפוח","food","predicate1","אמריקני",0.2,"nationality"
"466",0.29,19,"מאוורר","furniture","predicate1","צרפתי",0.71,"nationality"
"467",0.23,19,"שולחן","furniture","predicate1","חלק",0.77,"texture"
"468",0.22,19,"מאוורר","furniture","predicate1","אדום",0.78,"color"
"469",0.62,20,"תפוח","food","predicate1","גרוע",0.38,"quality"
"470",0.21,20,"מאוורר","furniture","predicate1","קשה",0.79,"texture"
"471",0.71,20,"בננה","food","predicate1","רך",0.29,"texture"
"472",0.17,20,"בננה","food","predicate1","גרוע",0.83,"quality"
"473",0.16,20,"גזר","food","predicate1","קצר",0.84,"size"
"474",0.2,20,"שולחן","furniture","predicate1","גרוע",0.8,"quality"
"475",0.58,20,"בננה","food","predicate1","קשה",0.42,"texture"
"476",0.31,20,"גבינה","food","predicate1","גרוע",0.69,"quality"
"477",0.85,20,"גזר","food","predicate1","צהוב",0.15,"color"
"478",0.69,20,"שולחן","furniture","predicate1","ספרדי",0.31,"nationality"
"479",0.73,20,"ספה","furniture","predicate1","חום",0.27,"color"
"480",0.81,20,"מאוורר","furniture","predicate1","קשה",0.19,"texture"
"481",0.63,20,"שולחן","furniture","predicate1","ישן",0.37,"age"
"482",0.77,20,"טלוויזיה","furniture","predicate1","קטן",0.23,"size"
"483",0.19,20,"כיסא","furniture","predicate1","גרוע",0.81,"quality"
"484",0.81,20,"שולחן","furniture","predicate1","מרובע",0.19,"shape"
"485",0.28,20,"גבינה","food","predicate1","טרי",0.72,"age"
"486",0.72,20,"בננה","food","predicate1","צרפתי",0.28,"nationality"
"487",0.22,20,"עגבניה","food","predicate1","רקוב",0.78,"age"
"488",0.23,20,"טלוויזיה","furniture","predicate1","טוב",0.77,"quality"
"489",0.26,20,"טלוויזיה","furniture","predicate1","ירוק",0.74,"color"
"490",0.72,20,"ספה","furniture","predicate1","ירוק",0.28,"color"
"491",0.44,20,"גבינה","food","predicate1","ארוך",0.56,"size"
"492",0.33,20,"כיסא","furniture","predicate1","קשה",0.67,"texture"
"493",0.84,20,"בננה","food","predicate1","אדום",0.16,"color"
"494",0.35,20,"גזר","food","predicate1","קצר",0.65,"size"
"495",0.85,21,"בננה","food","predicate1","ארוך",0.15,"size"
"496",0.08,21,"מאוורר","furniture","predicate1","סגול",0.92,"color"
"497",0.14,21,"טלוויזיה","furniture","predicate1","גדול",0.86,"size"
"498",0.1,21,"עגבניה","food","predicate1","גרוע",0.9,"quality"
"499",0.15,21,"תפוח","food","predicate1","טוב",0.85,"quality"
"500",0.11,21,"גבינה","food","predicate1","עגול",0.89,"shape"
"501",0.9,21,"שולחן","furniture","predicate1","צהוב",0.1,"color"
"502",0.15,21,"עגבניה","food","predicate1","ענק",0.85,"size"
"503",0.91,21,"כיסא","furniture","predicate1","קשה",0.09,"texture"
"504",0.79,21,"טלוויזיה","furniture","predicate1","ספרדי",0.21,"nationality"
"505",0.9,21,"ספה","furniture","predicate1","צרפתי",0.1,"nationality"
"506",0.11,21,"ספה","furniture","predicate1","עגול",0.89,"shape"
"507",0.03,21,"גזר","food","predicate1","אדום",0.97,"color"
"508",0.08,21,"שולחן","furniture","predicate1","קשה",0.92,"texture"
"509",0.92,21,"גבינה","food","predicate1","צרפתי",0.08,"nationality"
"510",0.03,21,"גזר","food","predicate1","ישן",0.97,"age"
"511",0.94,21,"עגבניה","food","predicate1","קטן",0.0600000000000001,"size"
"512",0.04,21,"גבינה","food","predicate1","קשה",0.96,"texture"
"513",0.07,21,"עגבניה","food","predicate1","אדום",0.93,"color"
"514",1,21,"מאוורר","furniture","predicate1","קטן",0,"size"
"515",0.93,21,"טלוויזיה","furniture","predicate1","ארוך",0.07,"size"
"516",0.96,21,"תפוח","food","predicate1","קטן",0.04,"size"
"517",0.97,21,"שולחן","furniture","predicate1","ספרדי",0.03,"nationality"
"518",0.97,21,"כיסא","furniture","predicate1","צרפתי",0.03,"nationality"
"519",0.95,21,"בננה","food","predicate1","עגול",0.05,"shape"
"520",0.1,21,"טלוויזיה","furniture","predicate1","טרי",0.9,"age"
"521",0.17,22,"תפוח","food","predicate1","חדש",0.83,"age"
"522",0.72,22,"תפוח","food","predicate1","כחול",0.28,"color"
"523",0.85,22,"תפוח","food","predicate1","גרוע",0.15,"quality"
"524",0.93,22,"מאוורר","furniture","predicate1","רקוב",0.07,"age"
"525",0.65,22,"כיסא","furniture","predicate1","חלק",0.35,"texture"
"526",0.96,22,"ספה","furniture","predicate1","ספרדי",0.04,"nationality"
"527",0.02,22,"שולחן","furniture","predicate1","קצר",0.98,"size"
"528",0.76,22,"תפוח","food","predicate1","ירוק",0.24,"color"
"529",0.74,22,"שולחן","furniture","predicate1","צהוב",0.26,"color"
"530",0.78,22,"ספה","furniture","predicate1","צהוב",0.22,"color"
"531",0.98,22,"גבינה","food","predicate1","סגול",0.02,"color"
"532",0.27,22,"שולחן","furniture","predicate1","קטן",0.73,"size"
"533",0.32,22,"בננה","food","predicate1","חלק",0.68,"texture"
"534",0.9,22,"כיסא","furniture","predicate1","כחול",0.1,"color"
"535",0.07,22,"ספה","furniture","predicate1","טוב",0.93,"quality"
"536",0.81,22,"עגבניה","food","predicate1","אדום",0.19,"color"
"537",0.97,22,"ספה","furniture","predicate1","עגול",0.03,"shape"
"538",0.1,22,"טלוויזיה","furniture","predicate1","מרובע",0.9,"shape"
"539",0.96,22,"ספה","furniture","predicate1","ספרדי",0.04,"nationality"
"540",0.29,22,"שולחן","furniture","predicate1","חדש",0.71,"age"
"541",0.78,22,"עגבניה","food","predicate1","כחול",0.22,"color"
"542",0.72,22,"בננה","food","predicate1","אדום",0.28,"color"
"543",0.96,22,"כיסא","furniture","predicate1","אמריקני",0.04,"nationality"
"544",0.06,22,"גבינה","food","predicate1","ישן",0.94,"age"
"545",0.06,22,"מאוורר","furniture","predicate1","גרוע",0.94,"quality"
"546",0.17,22,"מאוורר","furniture","predicate1","פצפון",0.83,"size"
"547",0.11,23,"טלוויזיה","furniture","predicate1","גדול",0.89,"size"
"548",0.52,23,"גבינה","food","predicate1","פצפון",0.48,"size"
"549",0.23,23,"כיסא","furniture","predicate1","ירוק",0.77,"color"
"550",0.66,23,"גזר","food","predicate1","כחול",0.34,"color"
"551",0.37,23,"טלוויזיה","furniture","predicate1","חדש",0.63,"age"
"552",0.24,23,"שולחן","furniture","predicate1","כחול",0.76,"color"
"553",0.72,23,"גבינה","food","predicate1","ירוק",0.28,"color"
"554",0.22,23,"כיסא","furniture","predicate1","קטן",0.78,"size"
"555",0.82,23,"מאוורר","furniture","predicate1","ספרדי",0.18,"nationality"
"556",0.18,23,"כיסא","furniture","predicate1","גרוע",0.82,"quality"
"557",0.1,23,"תפוח","food","predicate1","ענק",0.9,"size"
"558",0,23,"בננה","food","predicate1","קשה",1,"texture"
"559",0.23,23,"כיסא","furniture","predicate1","רך",0.77,"texture"
"560",0.18,23,"ספה","furniture","predicate1","טרי",0.82,"age"
"561",0.51,23,"גבינה","food","predicate1","קצר",0.49,"size"
"562",0.88,23,"עגבניה","food","predicate1","מרובע",0.12,"shape"
"563",0.13,23,"טלוויזיה","furniture","predicate1","ענק",0.87,"size"
"564",0.88,23,"מאוורר","furniture","predicate1","אדום",0.12,"color"
"565",0.17,23,"כיסא","furniture","predicate1","ישן",0.83,"age"
"566",0.12,23,"טלוויזיה","furniture","predicate1","טרי",0.88,"age"
"567",0.59,23,"כיסא","furniture","predicate1","קצר",0.41,"size"
"568",0.25,23,"טלוויזיה","furniture","predicate1","חלק",0.75,"texture"
"569",0.42,23,"תפוח","food","predicate1","ירוק",0.58,"color"
"570",0.62,23,"בננה","food","predicate1","ישן",0.38,"age"
"571",0.22,23,"בננה","food","predicate1","מרובע",0.78,"shape"
"572",0.78,23,"תפוח","food","predicate1","צרפתי",0.22,"nationality"
"573",0,24,"כיסא","furniture","predicate1","קצר",1,"size"
"574",1,24,"גבינה","food","predicate1","צהוב",0,"color"
"575",0.81,24,"תפוח","food","predicate1","קטן",0.19,"size"
"576",0,24,"גבינה","food","predicate1","פצפון",1,"size"
"577",0.16,24,"ספה","furniture","predicate1","גרוע",0.84,"quality"
"578",1,24,"תפוח","food","predicate1","ירוק",0,"color"
"579",0.52,24,"תפוח","food","predicate1","חלק",0.48,"texture"
"580",0.51,24,"תפוח","food","predicate1","ספרדי",0.49,"nationality"
"581",1,24,"טלוויזיה","furniture","predicate1","ספרדי",0,"nationality"
"582",1,24,"עגבניה","food","predicate1","ירוק",0,"color"
"583",0.86,24,"גזר","food","predicate1","כחול",0.14,"color"
"584",0,24,"טלוויזיה","furniture","predicate1","גדול",1,"size"
"585",0.15,24,"גזר","food","predicate1","ארוך",0.85,"size"
"586",0.12,24,"בננה","food","predicate1","חלק",0.88,"texture"
"587",0,24,"ספה","furniture","predicate1","רך",1,"texture"
"588",0.59,24,"בננה","food","predicate1","חום",0.41,"color"
"589",0,24,"גזר","food","predicate1","גדול",1,"size"
"590",0,24,"מאוורר","furniture","predicate1","חום",1,"color"
"591",0,24,"כיסא","furniture","predicate1","חדש",1,"age"
"592",0.19,24,"גבינה","food","predicate1","רקוב",0.81,"age"
"593",0,24,"גבינה","food","predicate1","גדול",1,"size"
"594",0,24,"גבינה","food","predicate1","חדש",1,"age"
"595",0.73,24,"ספה","furniture","predicate1","ענק",0.27,"size"
"596",0,24,"ספה","furniture","predicate1","רקוב",1,"age"
"597",0,24,"גבינה","food","predicate1","חדש",1,"age"
"598",1,24,"עגבניה","food","predicate1","צרפתי",0,"nationality"
"599",1,26,"טלוויזיה","furniture","predicate1","טרי",0,"age"
"600",1,26,"גבינה","food","predicate1","חום",0,"color"
"601",0,26,"עגבניה","food","predicate1","חלק",1,"texture"
"602",0.03,26,"גזר","food","predicate1","טוב",0.97,"quality"
"603",1,26,"כיסא","furniture","predicate1","צרפתי",0,"nationality"
"604",1,26,"עגבניה","food","predicate1","חום",0,"color"
"605",0,26,"ספה","furniture","predicate1","חום",1,"color"
"606",0,26,"שולחן","furniture","predicate1","טרי",1,"age"
"607",0,26,"עגבניה","food","predicate1","ענק",1,"size"
"608",0,26,"גזר","food","predicate1","צהוב",1,"color"
"609",1,26,"גזר","food","predicate1","אמריקני",0,"nationality"
"610",1,26,"בננה","food","predicate1","ספרדי",0,"nationality"
"611",0,26,"בננה","food","predicate1","רך",1,"texture"
"612",1,26,"שולחן","furniture","predicate1","חום",0,"color"
"613",1,26,"מאוורר","furniture","predicate1","ישן",0,"age"
"614",1,26,"גבינה","food","predicate1","אמריקני",0,"nationality"
"615",1,26,"כיסא","furniture","predicate1","צרפתי",0,"nationality"
"616",0,26,"בננה","food","predicate1","ענק",1,"size"
"617",0,26,"מאוורר","furniture","predicate1","מרובע",1,"shape"
"618",0.43,26,"מאוורר","furniture","predicate1","רקוב",0.57,"age"
"619",1,26,"תפוח","food","predicate1","צהוב",0,"color"
"620",0.63,26,"ספה","furniture","predicate1","קטן",0.37,"size"
"621",0.77,26,"בננה","food","predicate1","גדול",0.23,"size"
"622",0.75,26,"שולחן","furniture","predicate1","צהוב",0.25,"color"
"623",0.05,26,"תפוח","food","predicate1","ישן",0.95,"age"
"624",0.01,26,"גזר","food","predicate1","קצר",0.99,"size"
"625",0.31,27,"גבינה","food","predicate1","קצר",0.69,"size"
"626",0.08,27,"עגבניה","food","predicate1","רקוב",0.92,"age"
"627",0.31,27,"כיסא","furniture","predicate1","רך",0.69,"texture"
"628",0.17,27,"גזר","food","predicate1","חלק",0.83,"texture"
"629",0.07,27,"מאוורר","furniture","predicate1","פצפון",0.93,"size"
"630",0.08,27,"תפוח","food","predicate1","רקוב",0.92,"age"
"631",0.9,27,"עגבניה","food","predicate1","ירוק",0.1,"color"
"632",0.87,27,"בננה","food","predicate1","פצפון",0.13,"size"
"633",0.3,27,"ספה","furniture","predicate1","גדול",0.7,"size"
"634",0.12,27,"גזר","food","predicate1","רך",0.88,"texture"
"635",0.9,27,"מאוורר","furniture","predicate1","חום",0.1,"color"
"636",0.06,27,"כיסא","furniture","predicate1","גדול",0.94,"size"
"637",0.07,27,"שולחן","furniture","predicate1","גרוע",0.93,"quality"
"638",0.06,27,"מאוורר","furniture","predicate1","חדש",0.94,"age"
"639",0.89,27,"כיסא","furniture","predicate1","צהוב",0.11,"color"
"640",0.13,27,"מאוורר","furniture","predicate1","חדש",0.87,"age"
"641",0.49,27,"גזר","food","predicate1","צהוב",0.51,"color"
"642",0.25,27,"תפוח","food","predicate1","חדש",0.75,"age"
"643",0.72,27,"טלוויזיה","furniture","predicate1","אדום",0.28,"color"
"644",0.89,27,"עגבניה","food","predicate1","אדום",0.11,"color"
"645",0.13,27,"ספה","furniture","predicate1","טוב",0.87,"quality"
"646",0.1,27,"תפוח","food","predicate1","טוב",0.9,"quality"
"647",0.93,27,"גבינה","food","predicate1","חלק",0.07,"texture"
"648",0.24,27,"מאוורר","furniture","predicate1","קצר",0.76,"size"
"649",0.47,27,"ספה","furniture","predicate1","רקוב",0.53,"age"
"650",0.81,27,"שולחן","furniture","predicate1","מרובע",0.19,"shape"
"651",0,28,"כיסא","furniture","predicate1","מרובע",1,"shape"
"652",0,28,"תפוח","food","predicate1","צהוב",1,"color"
"653",0,28,"תפוח","food","predicate1","פצפון",1,"size"
"654",0.49,28,"תפוח","food","predicate1","חום",0.51,"color"
"655",0,28,"כיסא","furniture","predicate1","מרובע",1,"shape"
"656",0,28,"תפוח","food","predicate1","עגול",1,"shape"
"657",0.42,28,"טלוויזיה","furniture","predicate1","טוב",0.58,"quality"
"658",0,28,"בננה","food","predicate1","גרוע",1,"quality"
"659",0,28,"גזר","food","predicate1","טרי",1,"age"
"660",0.04,28,"בננה","food","predicate1","רך",0.96,"texture"
"661",0.05,28,"עגבניה","food","predicate1","חום",0.95,"color"
"662",0.03,28,"תפוח","food","predicate1","ארוך",0.97,"size"
"663",0.96,28,"עגבניה","food","predicate1","סגול",0.04,"color"
"664",0.04,28,"שולחן","furniture","predicate1","קשה",0.96,"texture"
"665",0.96,28,"שולחן","furniture","predicate1","רקוב",0.04,"age"
"666",0.05,28,"גזר","food","predicate1","חלק",0.95,"texture"
"667",0.07,28,"טלוויזיה","furniture","predicate1","ישן",0.93,"age"
"668",0.98,28,"תפוח","food","predicate1","חום",0.02,"color"
"669",0,28,"מאוורר","furniture","predicate1","סגול",1,"color"
"670",0.92,28,"טלוויזיה","furniture","predicate1","טוב",0.08,"quality"
"671",0,28,"עגבניה","food","predicate1","טרי",1,"age"
"672",0.01,28,"מאוורר","furniture","predicate1","כחול",0.99,"color"
"673",0.95,28,"טלוויזיה","furniture","predicate1","ספרדי",0.05,"nationality"
"674",0,28,"שולחן","furniture","predicate1","קטן",1,"size"
"675",0.02,28,"שולחן","furniture","predicate1","חדש",0.98,"age"
"676",0.9,28,"טלוויזיה","furniture","predicate1","ספרדי",0.1,"nationality"
"677",0.76,29,"כיסא","furniture","predicate1","ענק",0.24,"size"
"678",0.14,29,"ספה","furniture","predicate1","טוב",0.86,"quality"
"679",0.17,29,"עגבניה","food","predicate1","כחול",0.83,"color"
"680",0.16,29,"טלוויזיה","furniture","predicate1","טרי",0.84,"age"
"681",0.84,29,"מאוורר","furniture","predicate1","אמריקני",0.16,"nationality"
"682",0.9,29,"בננה","food","predicate1","קטן",0.1,"size"
"683",0.08,29,"טלוויזיה","furniture","predicate1","פצפון",0.92,"size"
"684",0.91,29,"עגבניה","food","predicate1","מרובע",0.09,"shape"
"685",0.06,29,"שולחן","furniture","predicate1","אדום",0.94,"color"
"686",0.94,29,"גבינה","food","predicate1","סגול",0.0600000000000001,"color"
"687",0.05,29,"תפוח","food","predicate1","רקוב",0.95,"age"
"688",0.97,29,"תפוח","food","predicate1","עגול",0.03,"shape"
"689",0.05,29,"גבינה","food","predicate1","קצר",0.95,"size"
"690",0.96,29,"בננה","food","predicate1","כחול",0.04,"color"
"691",0.93,29,"גבינה","food","predicate1","ירוק",0.07,"color"
"692",0.95,29,"כיסא","furniture","predicate1","ספרדי",0.05,"nationality"
"693",0.97,29,"ספה","furniture","predicate1","רך",0.03,"texture"
"694",0.95,29,"בננה","food","predicate1","חום",0.05,"color"
"695",0.96,29,"שולחן","furniture","predicate1","אמריקני",0.04,"nationality"
"696",0.94,29,"גבינה","food","predicate1","ספרדי",0.0600000000000001,"nationality"
"697",0.04,29,"תפוח","food","predicate1","צהוב",0.96,"color"
"698",0.94,29,"תפוח","food","predicate1","רקוב",0.0600000000000001,"age"
"699",0.93,29,"גזר","food","predicate1","מרובע",0.07,"shape"
"700",0.96,29,"גזר","food","predicate1","ספרדי",0.04,"nationality"
"701",0.05,29,"ספה","furniture","predicate1","טוב",0.95,"quality"
"702",0.95,29,"עגבניה","food","predicate1","גדול",0.05,"size"
"703",0.83,30,"תפוח","food","predicate1","קטן",0.17,"size"
"704",0.18,30,"ספה","furniture","predicate1","רקוב",0.82,"age"
"705",0.93,30,"שולחן","furniture","predicate1","אדום",0.07,"color"
"706",0.73,30,"כיסא","furniture","predicate1","חדש",0.27,"age"
"707",0.17,30,"מאוורר","furniture","predicate1","גרוע",0.83,"quality"
"708",0.8,30,"בננה","food","predicate1","ישן",0.2,"age"
"709",0.8,30,"בננה","food","predicate1","ירוק",0.2,"color"
"710",0.13,30,"בננה","food","predicate1","גדול",0.87,"size"
"711",0.86,30,"כיסא","furniture","predicate1","אמריקני",0.14,"nationality"
"712",0.13,30,"תפוח","food","predicate1","טוב",0.87,"quality"
"713",0.62,30,"שולחן","furniture","predicate1","ירוק",0.38,"color"
"714",0.84,30,"עגבניה","food","predicate1","טוב",0.16,"quality"
"715",0.17,30,"מאוורר","furniture","predicate1","חלק",0.83,"texture"
"716",0.68,30,"גזר","food","predicate1","טוב",0.32,"quality"
"717",0.21,30,"גזר","food","predicate1","חלק",0.79,"texture"
"718",0.51,30,"גבינה","food","predicate1","ענק",0.49,"size"
"719",0.34,30,"גבינה","food","predicate1","פצפון",0.66,"size"
"720",0.32,30,"מאוורר","furniture","predicate1","ענק",0.68,"size"
"721",0.32,30,"גבינה","food","predicate1","חדש",0.68,"age"
"722",0.35,30,"מאוורר","furniture","predicate1","גדול",0.65,"size"
"723",0.76,30,"שולחן","furniture","predicate1","ירוק",0.24,"color"
"724",0.55,30,"עגבניה","food","predicate1","ארוך",0.45,"size"
"725",0.77,30,"ספה","furniture","predicate1","כחול",0.23,"color"
"726",0.78,30,"גזר","food","predicate1","עגול",0.22,"shape"
"727",0.86,30,"שולחן","furniture","predicate1","חום",0.14,"color"
"728",0.85,30,"גבינה","food","predicate1","עגול",0.15,"shape"
"729",0.96,1,"שולחן","furniture","rightpredicate1","גרוע",0.96,"quality"
"730",0.95,1,"גבינה","food","rightpredicate1","רך",0.95,"texture"
"731",0.95,1,"טלוויזיה","furniture","rightpredicate1","ספרדי",0.95,"nationality"
"732",0.01,1,"תפוח","food","rightpredicate1","רקוב",0.01,"age"
"733",0.02,1,"מאוורר","furniture","rightpredicate1","עגול",0.02,"shape"
"734",0,1,"טלוויזיה","furniture","rightpredicate1","טוב",0,"quality"
"735",0,1,"גזר","food","rightpredicate1","צהוב",0,"color"
"736",0.98,1,"גזר","food","rightpredicate1","קטן",0.98,"size"
"737",0.99,1,"עגבניה","food","rightpredicate1","גרוע",0.99,"quality"
"738",0.95,1,"בננה","food","rightpredicate1","טוב",0.95,"quality"
"739",0.96,1,"תפוח","food","rightpredicate1","רך",0.96,"texture"
"740",0.05,1,"תפוח","food","rightpredicate1","מרובע",0.05,"shape"
"741",0.02,1,"שולחן","furniture","rightpredicate1","קטן",0.02,"size"
"742",0.96,1,"עגבניה","food","rightpredicate1","קצר",0.96,"size"
"743",0.06,1,"טלוויזיה","furniture","rightpredicate1","ירוק",0.0600000000000001,"color"
"744",0.98,1,"טלוויזיה","furniture","rightpredicate1","רך",0.98,"texture"
"745",0.92,1,"עגבניה","food","rightpredicate1","ענק",0.92,"size"
"746",0.94,1,"עגבניה","food","rightpredicate1","פצפון",0.94,"size"
"747",0.85,1,"תפוח","food","rightpredicate1","גדול",0.85,"size"
"748",0.94,1,"שולחן","furniture","rightpredicate1","מרובע",0.94,"shape"
"749",0.9,1,"שולחן","furniture","rightpredicate1","חום",0.9,"color"
"750",0.92,1,"גזר","food","rightpredicate1","חדש",0.92,"age"
"751",0,1,"גזר","food","rightpredicate1","מרובע",0,"shape"
"752",0.94,1,"כיסא","furniture","rightpredicate1","רקוב",0.94,"age"
"753",0.97,1,"טלוויזיה","furniture","rightpredicate1","קצר",0.97,"size"
"754",0.07,1,"בננה","food","rightpredicate1","אמריקני",0.0700000000000001,"nationality"
"755",0.09,2,"תפוח","food","rightpredicate1","צהוב",0.09,"color"
"756",0.11,2,"בננה","food","rightpredicate1","סגול",0.11,"color"
"757",0.55,2,"מאוורר","furniture","rightpredicate1","רקוב",0.55,"age"
"758",0.18,2,"שולחן","furniture","rightpredicate1","מרובע",0.18,"shape"
"759",0.79,2,"שולחן","furniture","rightpredicate1","קשה",0.79,"texture"
"760",0.85,2,"מאוורר","furniture","rightpredicate1","מרובע",0.85,"shape"
"761",0.15,2,"בננה","food","rightpredicate1","רך",0.15,"texture"
"762",0.26,2,"טלוויזיה","furniture","rightpredicate1","טוב",0.26,"quality"
"763",0.74,2,"ספה","furniture","rightpredicate1","מרובע",0.74,"shape"
"764",0.19,2,"עגבניה","food","rightpredicate1","כחול",0.19,"color"
"765",0.69,2,"בננה","food","rightpredicate1","ירוק",0.69,"color"
"766",0.22,2,"שולחן","furniture","rightpredicate1","ספרדי",0.22,"nationality"
"767",0.13,2,"גזר","food","rightpredicate1","ספרדי",0.13,"nationality"
"768",0.86,2,"ספה","furniture","rightpredicate1","אדום",0.86,"color"
"769",0.14,2,"גזר","food","rightpredicate1","קטן",0.14,"size"
"770",0.8,2,"בננה","food","rightpredicate1","רקוב",0.8,"age"
"771",0.13,2,"גזר","food","rightpredicate1","צרפתי",0.13,"nationality"
"772",0.64,2,"גזר","food","rightpredicate1","מרובע",0.64,"shape"
"773",0.25,2,"בננה","food","rightpredicate1","עגול",0.25,"shape"
"774",0.23,2,"כיסא","furniture","rightpredicate1","רך",0.23,"texture"
"775",0.17,2,"בננה","food","rightpredicate1","קטן",0.17,"size"
"776",0.25,2,"ספה","furniture","rightpredicate1","ספרדי",0.25,"nationality"
"777",0.23,2,"תפוח","food","rightpredicate1","מרובע",0.23,"shape"
"778",0.77,2,"עגבניה","food","rightpredicate1","צהוב",0.77,"color"
"779",0.29,2,"בננה","food","rightpredicate1","רקוב",0.29,"age"
"780",0.72,2,"כיסא","furniture","rightpredicate1","גדול",0.72,"size"
"781",0,3,"טלוויזיה","furniture","rightpredicate1","צהוב",0,"color"
"782",0.03,3,"גזר","food","rightpredicate1","ארוך",0.03,"size"
"783",0.01,3,"שולחן","furniture","rightpredicate1","אמריקני",0.01,"nationality"
"784",0.95,3,"טלוויזיה","furniture","rightpredicate1","ירוק",0.95,"color"
"785",0.98,3,"מאוורר","furniture","rightpredicate1","גרוע",0.98,"quality"
"786",0.92,3,"שולחן","furniture","rightpredicate1","חום",0.92,"color"
"787",0.97,3,"גזר","food","rightpredicate1","כחול",0.97,"color"
"788",0.03,3,"עגבניה","food","rightpredicate1","טרי",0.03,"age"
"789",0,3,"מאוורר","furniture","rightpredicate1","חום",0,"color"
"790",0.02,3,"גבינה","food","rightpredicate1","קטן",0.02,"size"
"791",0.03,3,"כיסא","furniture","rightpredicate1","סגול",0.03,"color"
"792",0.96,3,"תפוח","food","rightpredicate1","צרפתי",0.96,"nationality"
"793",0.98,3,"גזר","food","rightpredicate1","רקוב",0.98,"age"
"794",0.95,3,"עגבניה","food","rightpredicate1","חום",0.95,"color"
"795",0.97,3,"שולחן","furniture","rightpredicate1","חדש",0.97,"age"
"796",0.98,3,"טלוויזיה","furniture","rightpredicate1","ישן",0.98,"age"
"797",0.03,3,"גבינה","food","rightpredicate1","ירוק",0.03,"color"
"798",0.95,3,"כיסא","furniture","rightpredicate1","אדום",0.95,"color"
"799",0.98,3,"מאוורר","furniture","rightpredicate1","ירוק",0.98,"color"
"800",0.98,3,"גבינה","food","rightpredicate1","קשה",0.98,"texture"
"801",0,3,"תפוח","food","rightpredicate1","כחול",0,"color"
"802",0.95,3,"שולחן","furniture","rightpredicate1","צהוב",0.95,"color"
"803",0.94,3,"מאוורר","furniture","rightpredicate1","רקוב",0.94,"age"
"804",0.01,3,"שולחן","furniture","rightpredicate1","ירוק",0.01,"color"
"805",0.02,3,"טלוויזיה","furniture","rightpredicate1","צהוב",0.02,"color"
"806",0.97,3,"מאוורר","furniture","rightpredicate1","כחול",0.97,"color"
"807",0.07,4,"טלוויזיה","furniture","rightpredicate1","אדום",0.0700000000000001,"color"
"808",0.16,4,"שולחן","furniture","rightpredicate1","אמריקני",0.16,"nationality"
"809",0.84,4,"כיסא","furniture","rightpredicate1","חום",0.84,"color"
"810",0.14,4,"כיסא","furniture","rightpredicate1","טוב",0.14,"quality"
"811",0.16,4,"שולחן","furniture","rightpredicate1","ארוך",0.16,"size"
"812",0.14,4,"גזר","food","rightpredicate1","חלק",0.14,"texture"
"813",0.34,4,"גזר","food","rightpredicate1","ענק",0.34,"size"
"814",0,4,"שולחן","furniture","rightpredicate1","אדום",0,"color"
"815",0.13,4,"ספה","furniture","rightpredicate1","חדש",0.13,"age"
"816",0.15,4,"מאוורר","furniture","rightpredicate1","מרובע",0.15,"shape"
"817",0.32,4,"בננה","food","rightpredicate1","מרובע",0.32,"shape"
"818",0.81,4,"מאוורר","furniture","rightpredicate1","גרוע",0.81,"quality"
"819",0,4,"גבינה","food","rightpredicate1","צהוב",0,"color"
"820",0.32,4,"עגבניה","food","rightpredicate1","קשה",0.32,"texture"
"821",0.83,4,"טלוויזיה","furniture","rightpredicate1","מרובע",0.83,"shape"
"822",0.17,4,"בננה","food","rightpredicate1","קשה",0.17,"texture"
"823",0.13,4,"עגבניה","food","rightpredicate1","אדום",0.13,"color"
"824",0,4,"תפוח","food","rightpredicate1","צהוב",0,"color"
"825",0.81,4,"עגבניה","food","rightpredicate1","טוב",0.81,"quality"
"826",0.73,4,"עגבניה","food","rightpredicate1","ארוך",0.73,"size"
"827",0.77,4,"מאוורר","furniture","rightpredicate1","ירוק",0.77,"color"
"828",0.09,4,"שולחן","furniture","rightpredicate1","אמריקני",0.09,"nationality"
"829",0.14,4,"טלוויזיה","furniture","rightpredicate1","אמריקני",0.14,"nationality"
"830",0.12,4,"כיסא","furniture","rightpredicate1","מרובע",0.12,"shape"
"831",0.04,4,"ספה","furniture","rightpredicate1","אמריקני",0.04,"nationality"
"832",0.12,4,"טלוויזיה","furniture","rightpredicate1","חום",0.12,"color"
"833",0.06,5,"גזר","food","rightpredicate1","חום",0.0600000000000001,"color"
"834",0.13,5,"גבינה","food","rightpredicate1","ספרדי",0.13,"nationality"
"835",0.82,5,"כיסא","furniture","rightpredicate1","קטן",0.82,"size"
"836",0.92,5,"כיסא","furniture","rightpredicate1","רך",0.92,"texture"
"837",0.06,5,"בננה","food","rightpredicate1","סגול",0.0600000000000001,"color"
"838",0.95,5,"עגבניה","food","rightpredicate1","רקוב",0.95,"age"
"839",0.05,5,"טלוויזיה","furniture","rightpredicate1","חום",0.05,"color"
"840",0.09,5,"בננה","food","rightpredicate1","קטן",0.09,"size"
"841",0.08,5,"תפוח","food","rightpredicate1","אדום",0.08,"color"
"842",0.04,5,"תפוח","food","rightpredicate1","סגול",0.04,"color"
"843",0.87,5,"בננה","food","rightpredicate1","חום",0.87,"color"
"844",0.94,5,"כיסא","furniture","rightpredicate1","ענק",0.94,"size"
"845",0.1,5,"טלוויזיה","furniture","rightpredicate1","מרובע",0.1,"shape"
"846",0.13,5,"גבינה","food","rightpredicate1","עגול",0.13,"shape"
"847",0.49,5,"גבינה","food","rightpredicate1","ארוך",0.49,"size"
"848",0.1,5,"מאוורר","furniture","rightpredicate1","טוב",0.1,"quality"
"849",0.04,5,"ספה","furniture","rightpredicate1","קצר",0.04,"size"
"850",0.61,5,"טלוויזיה","furniture","rightpredicate1","קצר",0.61,"size"
"851",0.86,5,"עגבניה","food","rightpredicate1","גרוע",0.86,"quality"
"852",0.13,5,"כיסא","furniture","rightpredicate1","צהוב",0.13,"color"
"853",0.03,5,"גזר","food","rightpredicate1","חום",0.03,"color"
"854",0.02,5,"בננה","food","rightpredicate1","כחול",0.02,"color"
"855",0.82,5,"תפוח","food","rightpredicate1","טוב",0.82,"quality"
"856",0.88,5,"גבינה","food","rightpredicate1","קטן",0.88,"size"
"857",0.92,5,"טלוויזיה","furniture","rightpredicate1","ישן",0.92,"age"
"858",0.89,5,"כיסא","furniture","rightpredicate1","ישן",0.89,"age"
"859",0.29,6,"תפוח","food","rightpredicate1","ספרדי",0.29,"nationality"
"860",0.72,6,"גזר","food","rightpredicate1","קטן",0.72,"size"
"861",0.73,6,"תפוח","food","rightpredicate1","גדול",0.73,"size"
"862",0.15,6,"כיסא","furniture","rightpredicate1","צרפתי",0.15,"nationality"
"863",0.09,6,"גבינה","food","rightpredicate1","צהוב",0.09,"color"
"864",0.15,6,"תפוח","food","rightpredicate1","כחול",0.15,"color"
"865",0.61,6,"תפוח","food","rightpredicate1","חום",0.61,"color"
"866",0.1,6,"גזר","food","rightpredicate1","מרובע",0.1,"shape"
"867",0.15,6,"גבינה","food","rightpredicate1","רך",0.15,"texture"
"868",0.48,6,"תפוח","food","rightpredicate1","גדול",0.48,"size"
"869",0.48,6,"תפוח","food","rightpredicate1","אמריקני",0.48,"nationality"
"870",0.76,6,"עגבניה","food","rightpredicate1","רך",0.76,"texture"
"871",0.11,6,"עגבניה","food","rightpredicate1","אדום",0.11,"color"
"872",0.95,6,"בננה","food","rightpredicate1","קשה",0.95,"texture"
"873",0.14,6,"גבינה","food","rightpredicate1","חלק",0.14,"texture"
"874",0.1,6,"כיסא","furniture","rightpredicate1","עגול",0.1,"shape"
"875",0.9,6,"גזר","food","rightpredicate1","ענק",0.9,"size"
"876",0.89,6,"בננה","food","rightpredicate1","רך",0.89,"texture"
"877",0.08,6,"מאוורר","furniture","rightpredicate1","עגול",0.08,"shape"
"878",0.03,6,"בננה","food","rightpredicate1","אדום",0.03,"color"
"879",0.44,6,"טלוויזיה","furniture","rightpredicate1","עגול",0.44,"shape"
"880",0.16,6,"טלוויזיה","furniture","rightpredicate1","קשה",0.16,"texture"
"881",0.14,6,"תפוח","food","rightpredicate1","עגול",0.14,"shape"
"882",0,6,"גזר","food","rightpredicate1","צהוב",0,"color"
"883",0.1,6,"טלוויזיה","furniture","rightpredicate1","צרפתי",0.1,"nationality"
"884",0.8,6,"טלוויזיה","furniture","rightpredicate1","סגול",0.8,"color"
"885",0,7,"בננה","food","rightpredicate1","סגול",0,"color"
"886",1,7,"תפוח","food","rightpredicate1","פצפון",1,"size"
"887",0.75,7,"בננה","food","rightpredicate1","ארוך",0.75,"size"
"888",0.22,7,"טלוויזיה","furniture","rightpredicate1","אמריקני",0.22,"nationality"
"889",0.79,7,"תפוח","food","rightpredicate1","גרוע",0.79,"quality"
"890",0.79,7,"כיסא","furniture","rightpredicate1","רקוב",0.79,"age"
"891",1,7,"גבינה","food","rightpredicate1","רקוב",1,"age"
"892",1,7,"טלוויזיה","furniture","rightpredicate1","גדול",1,"size"
"893",0.09,7,"עגבניה","food","rightpredicate1","צהוב",0.09,"color"
"894",0.01,7,"עגבניה","food","rightpredicate1","צהוב",0.01,"color"
"895",0.88,7,"תפוח","food","rightpredicate1","טרי",0.88,"age"
"896",0.14,7,"עגבניה","food","rightpredicate1","אדום",0.14,"color"
"897",0.12,7,"טלוויזיה","furniture","rightpredicate1","ענק",0.12,"size"
"898",0.13,7,"ספה","furniture","rightpredicate1","ישן",0.13,"age"
"899",0,7,"תפוח","food","rightpredicate1","גרוע",0,"quality"
"900",0,7,"טלוויזיה","furniture","rightpredicate1","ספרדי",0,"nationality"
"901",0,7,"גבינה","food","rightpredicate1","רקוב",0,"age"
"902",0,7,"טלוויזיה","furniture","rightpredicate1","ישן",0,"age"
"903",0.07,7,"שולחן","furniture","rightpredicate1","אדום",0.0700000000000001,"color"
"904",0.93,7,"בננה","food","rightpredicate1","טרי",0.93,"age"
"905",0.1,7,"מאוורר","furniture","rightpredicate1","ישן",0.1,"age"
"906",0,7,"כיסא","furniture","rightpredicate1","אמריקני",0,"nationality"
"907",0.97,7,"עגבניה","food","rightpredicate1","ישן",0.97,"age"
"908",0,7,"גבינה","food","rightpredicate1","ספרדי",0,"nationality"
"909",0.9,7,"ספה","furniture","rightpredicate1","קטן",0.9,"size"
"910",0.99,7,"בננה","food","rightpredicate1","חלק",0.99,"texture"
"911",0,8,"מאוורר","furniture","rightpredicate1","אדום",0,"color"
"912",0.99,8,"מאוורר","furniture","rightpredicate1","ענק",0.99,"size"
"913",0.98,8,"בננה","food","rightpredicate1","קשה",0.98,"texture"
"914",0.97,8,"מאוורר","furniture","rightpredicate1","ענק",0.97,"size"
"915",0.02,8,"מאוורר","furniture","rightpredicate1","ספרדי",0.02,"nationality"
"916",0.95,8,"טלוויזיה","furniture","rightpredicate1","ישן",0.95,"age"
"917",0.02,8,"עגבניה","food","rightpredicate1","כחול",0.02,"color"
"918",0.04,8,"מאוורר","furniture","rightpredicate1","ירוק",0.04,"color"
"919",0.98,8,"ספה","furniture","rightpredicate1","קצר",0.98,"size"
"920",0.02,8,"ספה","furniture","rightpredicate1","חום",0.02,"color"
"921",0.01,8,"תפוח","food","rightpredicate1","ארוך",0.01,"size"
"922",0.98,8,"ספה","furniture","rightpredicate1","גדול",0.98,"size"
"923",1,8,"גבינה","food","rightpredicate1","טוב",1,"quality"
"924",0.96,8,"בננה","food","rightpredicate1","קטן",0.96,"size"
"925",0.03,8,"טלוויזיה","furniture","rightpredicate1","חום",0.03,"color"
"926",0,8,"כיסא","furniture","rightpredicate1","אדום",0,"color"
"927",1,8,"שולחן","furniture","rightpredicate1","חדש",1,"age"
"928",0.53,8,"כיסא","furniture","rightpredicate1","רך",0.53,"texture"
"929",0.53,8,"טלוויזיה","furniture","rightpredicate1","אדום",0.53,"color"
"930",0.52,8,"גזר","food","rightpredicate1","עגול",0.52,"shape"
"931",0,8,"כיסא","furniture","rightpredicate1","אדום",0,"color"
"932",0,8,"כיסא","furniture","rightpredicate1","חדש",0,"age"
"933",0.81,8,"ספה","furniture","rightpredicate1","קשה",0.81,"texture"
"934",0,8,"ספה","furniture","rightpredicate1","ישן",0,"age"
"935",0.5,8,"מאוורר","furniture","rightpredicate1","ענק",0.5,"size"
"936",0.05,8,"עגבניה","food","rightpredicate1","צרפתי",0.05,"nationality"
"937",0.75,9,"עגבניה","food","rightpredicate1","קצר",0.75,"size"
"938",0.78,9,"כיסא","furniture","rightpredicate1","עגול",0.78,"shape"
"939",1,9,"תפוח","food","rightpredicate1","טרי",1,"age"
"940",1,9,"כיסא","furniture","rightpredicate1","טרי",1,"age"
"941",0,9,"ספה","furniture","rightpredicate1","מרובע",0,"shape"
"942",0,9,"גבינה","food","rightpredicate1","צרפתי",0,"nationality"
"943",0,9,"עגבניה","food","rightpredicate1","סגול",0,"color"
"944",1,9,"גזר","food","rightpredicate1","עגול",1,"shape"
"945",0,9,"בננה","food","rightpredicate1","צרפתי",0,"nationality"
"946",1,9,"כיסא","furniture","rightpredicate1","סגול",1,"color"
"947",0,9,"ספה","furniture","rightpredicate1","צרפתי",0,"nationality"
"948",0,9,"גבינה","food","rightpredicate1","ספרדי",0,"nationality"
"949",0,9,"גזר","food","rightpredicate1","מרובע",0,"shape"
"950",0,9,"בננה","food","rightpredicate1","חלק",0,"texture"
"951",0,9,"תפוח","food","rightpredicate1","אמריקני",0,"nationality"
"952",0.06,9,"טלוויזיה","furniture","rightpredicate1","אמריקני",0.0600000000000001,"nationality"
"953",0,9,"גבינה","food","rightpredicate1","ספרדי",0,"nationality"
"954",0.61,9,"מאוורר","furniture","rightpredicate1","קשה",0.61,"texture"
"955",0.19,9,"כיסא","furniture","rightpredicate1","סגול",0.19,"color"
"956",0.7,9,"תפוח","food","rightpredicate1","רך",0.7,"texture"
"957",0,9,"גזר","food","rightpredicate1","ספרדי",0,"nationality"
"958",0.75,9,"עגבניה","food","rightpredicate1","גדול",0.75,"size"
"959",0.29,9,"גבינה","food","rightpredicate1","סגול",0.29,"color"
"960",0.69,9,"מאוורר","furniture","rightpredicate1","גרוע",0.69,"quality"
"961",0.23,9,"טלוויזיה","furniture","rightpredicate1","טוב",0.23,"quality"
"962",0.34,9,"שולחן","furniture","rightpredicate1","מרובע",0.34,"shape"
"963",0.85,10,"תפוח","food","rightpredicate1","טוב",0.85,"quality"
"964",0.85,10,"תפוח","food","rightpredicate1","טרי",0.85,"age"
"965",0.83,10,"גזר","food","rightpredicate1","קטן",0.83,"size"
"966",0.9,10,"טלוויזיה","furniture","rightpredicate1","מרובע",0.9,"shape"
"967",0.92,10,"כיסא","furniture","rightpredicate1","עגול",0.92,"shape"
"968",0.89,10,"גבינה","food","rightpredicate1","טוב",0.89,"quality"
"969",0.07,10,"כיסא","furniture","rightpredicate1","רך",0.0700000000000001,"texture"
"970",0.07,10,"גזר","food","rightpredicate1","מרובע",0.0700000000000001,"shape"
"971",0.88,10,"בננה","food","rightpredicate1","מרובע",0.88,"shape"
"972",0.07,10,"שולחן","furniture","rightpredicate1","פצפון",0.0700000000000001,"size"
"973",0.14,10,"בננה","food","rightpredicate1","כחול",0.14,"color"
"974",0.06,10,"שולחן","furniture","rightpredicate1","רך",0.0600000000000001,"texture"
"975",0.09,10,"תפוח","food","rightpredicate1","חדש",0.09,"age"
"976",0.91,10,"בננה","food","rightpredicate1","חום",0.91,"color"
"977",0.85,10,"טלוויזיה","furniture","rightpredicate1","רקוב",0.85,"age"
"978",0.13,10,"כיסא","furniture","rightpredicate1","רך",0.13,"texture"
"979",0.09,10,"טלוויזיה","furniture","rightpredicate1","סגול",0.09,"color"
"980",0.89,10,"בננה","food","rightpredicate1","טרי",0.89,"age"
"981",0.13,10,"גבינה","food","rightpredicate1","ישן",0.13,"age"
"982",0.17,10,"טלוויזיה","furniture","rightpredicate1","קצר",0.17,"size"
"983",0.92,10,"כיסא","furniture","rightpredicate1","חלק",0.92,"texture"
"984",0.86,10,"כיסא","furniture","rightpredicate1","גדול",0.86,"size"
"985",0.8,10,"גזר","food","rightpredicate1","ישן",0.8,"age"
"986",0.26,10,"מאוורר","furniture","rightpredicate1","חלק",0.26,"texture"
"987",0.25,10,"מאוורר","furniture","rightpredicate1","ירוק",0.25,"color"
"988",0.26,10,"עגבניה","food","rightpredicate1","עגול",0.26,"shape"
"989",0.27,11,"ספה","furniture","rightpredicate1","קצר",0.27,"size"
"990",0.31,11,"טלוויזיה","furniture","rightpredicate1","צהוב",0.31,"color"
"991",0.22,11,"טלוויזיה","furniture","rightpredicate1","ספרדי",0.22,"nationality"
"992",0.23,11,"עגבניה","food","rightpredicate1","קטן",0.23,"size"
"993",0.19,11,"תפוח","food","rightpredicate1","אדום",0.19,"color"
"994",0.22,11,"שולחן","furniture","rightpredicate1","קטן",0.22,"size"
"995",0.18,11,"שולחן","furniture","rightpredicate1","ארוך",0.18,"size"
"996",0.24,11,"מאוורר","furniture","rightpredicate1","אדום",0.24,"color"
"997",0.87,11,"ספה","furniture","rightpredicate1","פצפון",0.87,"size"
"998",0.86,11,"ספה","furniture","rightpredicate1","פצפון",0.86,"size"
"999",0.31,11,"גזר","food","rightpredicate1","עגול",0.31,"shape"
"1000",0.5,11,"בננה","food","rightpredicate1","חלק",0.5,"texture"
"1001",0,11,"טלוויזיה","furniture","rightpredicate1","אדום",0,"color"
"1002",0,11,"תפוח","food","rightpredicate1","אדום",0,"color"
"1003",0.18,11,"בננה","food","rightpredicate1","צרפתי",0.18,"nationality"
"1004",0.48,11,"טלוויזיה","furniture","rightpredicate1","חום",0.48,"color"
"1005",0.47,11,"ספה","furniture","rightpredicate1","טרי",0.47,"age"
"1006",0.24,11,"טלוויזיה","furniture","rightpredicate1","קשה",0.24,"texture"
"1007",0.82,11,"כיסא","furniture","rightpredicate1","חדש",0.82,"age"
"1008",0.8,11,"ספה","furniture","rightpredicate1","טוב",0.8,"quality"
"1009",0.08,11,"תפוח","food","rightpredicate1","מרובע",0.08,"shape"
"1010",0.78,11,"עגבניה","food","rightpredicate1","טוב",0.78,"quality"
"1011",0.22,11,"ספה","furniture","rightpredicate1","חלק",0.22,"texture"
"1012",0.85,11,"גבינה","food","rightpredicate1","קשה",0.85,"texture"
"1013",0.87,11,"תפוח","food","rightpredicate1","חלק",0.87,"texture"
"1014",0.48,11,"כיסא","furniture","rightpredicate1","טוב",0.48,"quality"
"1015",0,12,"שולחן","furniture","rightpredicate1","רקוב",0,"age"
"1016",1,12,"עגבניה","food","rightpredicate1","חלק",1,"texture"
"1017",0.02,12,"גזר","food","rightpredicate1","אדום",0.02,"color"
"1018",1,12,"טלוויזיה","furniture","rightpredicate1","סגול",1,"color"
"1019",0,12,"מאוורר","furniture","rightpredicate1","סגול",0,"color"
"1020",1,12,"גבינה","food","rightpredicate1","קצר",1,"size"
"1021",0,12,"גזר","food","rightpredicate1","צרפתי",0,"nationality"
"1022",1,12,"מאוורר","furniture","rightpredicate1","גרוע",1,"quality"
"1023",0,12,"ספה","furniture","rightpredicate1","סגול",0,"color"
"1024",1,12,"גבינה","food","rightpredicate1","גדול",1,"size"
"1025",0,12,"גזר","food","rightpredicate1","סגול",0,"color"
"1026",1,12,"בננה","food","rightpredicate1","גרוע",1,"quality"
"1027",0,12,"מאוורר","furniture","rightpredicate1","סגול",0,"color"
"1028",0,12,"טלוויזיה","furniture","rightpredicate1","חלק",0,"texture"
"1029",0,12,"מאוורר","furniture","rightpredicate1","עגול",0,"shape"
"1030",1,12,"עגבניה","food","rightpredicate1","קצר",1,"size"
"1031",1,12,"כיסא","furniture","rightpredicate1","קטן",1,"size"
"1032",1,12,"בננה","food","rightpredicate1","חדש",1,"age"
"1033",1,12,"בננה","food","rightpredicate1","כחול",1,"color"
"1034",1,12,"טלוויזיה","furniture","rightpredicate1","קצר",1,"size"
"1035",1,12,"עגבניה","food","rightpredicate1","ארוך",1,"size"
"1036",1,12,"גבינה","food","rightpredicate1","אמריקני",1,"nationality"
"1037",1,12,"גזר","food","rightpredicate1","ירוק",1,"color"
"1038",1,12,"כיסא","furniture","rightpredicate1","צרפתי",1,"nationality"
"1039",1,12,"תפוח","food","rightpredicate1","ארוך",1,"size"
"1040",1,12,"מאוורר","furniture","rightpredicate1","פצפון",1,"size"
"1041",0.09,13,"כיסא","furniture","rightpredicate1","אדום",0.09,"color"
"1042",0.03,13,"גבינה","food","rightpredicate1","מרובע",0.03,"shape"
"1043",0.96,13,"גבינה","food","rightpredicate1","ארוך",0.96,"size"
"1044",0.04,13,"ספה","furniture","rightpredicate1","גדול",0.04,"size"
"1045",0.93,13,"ספה","furniture","rightpredicate1","טוב",0.93,"quality"
"1046",0.98,13,"שולחן","furniture","rightpredicate1","ענק",0.98,"size"
"1047",0.98,13,"גזר","food","rightpredicate1","ארוך",0.98,"size"
"1048",0.98,13,"גבינה","food","rightpredicate1","כחול",0.98,"color"
"1049",0.06,13,"ספה","furniture","rightpredicate1","סגול",0.0600000000000001,"color"
"1050",0.97,13,"תפוח","food","rightpredicate1","גדול",0.97,"size"
"1051",0.94,13,"שולחן","furniture","rightpredicate1","ארוך",0.94,"size"
"1052",0.96,13,"עגבניה","food","rightpredicate1","חלק",0.96,"texture"
"1053",0.93,13,"גזר","food","rightpredicate1","קצר",0.93,"size"
"1054",0.1,13,"גזר","food","rightpredicate1","ירוק",0.1,"color"
"1055",0.98,13,"טלוויזיה","furniture","rightpredicate1","אמריקני",0.98,"nationality"
"1056",0.98,13,"בננה","food","rightpredicate1","קצר",0.98,"size"
"1057",0.08,13,"תפוח","food","rightpredicate1","כחול",0.08,"color"
"1058",0.96,13,"בננה","food","rightpredicate1","חום",0.96,"color"
"1059",0.01,13,"כיסא","furniture","rightpredicate1","ספרדי",0.01,"nationality"
"1060",0.05,13,"בננה","food","rightpredicate1","מרובע",0.05,"shape"
"1061",0.16,13,"מאוורר","furniture","rightpredicate1","ארוך",0.16,"size"
"1062",0.92,13,"תפוח","food","rightpredicate1","גרוע",0.92,"quality"
"1063",0.9,13,"טלוויזיה","furniture","rightpredicate1","פצפון",0.9,"size"
"1064",0.12,13,"שולחן","furniture","rightpredicate1","עגול",0.12,"shape"
"1065",0.94,13,"ספה","furniture","rightpredicate1","טוב",0.94,"quality"
"1066",0.89,13,"כיסא","furniture","rightpredicate1","גרוע",0.89,"quality"
"1067",0.93,15,"בננה","food","rightpredicate1","טרי",0.93,"age"
"1068",0.94,15,"מאוורר","furniture","rightpredicate1","טוב",0.94,"quality"
"1069",0.04,15,"בננה","food","rightpredicate1","ישן",0.04,"age"
"1070",0.12,15,"עגבניה","food","rightpredicate1","גדול",0.12,"size"
"1071",0.96,15,"גבינה","food","rightpredicate1","טרי",0.96,"age"
"1072",0.95,15,"שולחן","furniture","rightpredicate1","צהוב",0.95,"color"
"1073",0.91,15,"תפוח","food","rightpredicate1","חדש",0.91,"age"
"1074",0.94,15,"מאוורר","furniture","rightpredicate1","קשה",0.94,"texture"
"1075",0.91,15,"מאוורר","furniture","rightpredicate1","אדום",0.91,"color"
"1076",0.03,15,"ספה","furniture","rightpredicate1","ירוק",0.03,"color"
"1077",0.14,15,"גזר","food","rightpredicate1","חלק",0.14,"texture"
"1078",0.95,15,"עגבניה","food","rightpredicate1","אמריקני",0.95,"nationality"
"1079",0.08,15,"מאוורר","furniture","rightpredicate1","גדול",0.08,"size"
"1080",0.2,15,"גזר","food","rightpredicate1","צהוב",0.2,"color"
"1081",0.12,15,"תפוח","food","rightpredicate1","צרפתי",0.12,"nationality"
"1082",0.14,15,"מאוורר","furniture","rightpredicate1","רקוב",0.14,"age"
"1083",0.12,15,"בננה","food","rightpredicate1","ירוק",0.12,"color"
"1084",0.12,15,"כיסא","furniture","rightpredicate1","טוב",0.12,"quality"
"1085",0.93,15,"טלוויזיה","furniture","rightpredicate1","רך",0.93,"texture"
"1086",0.13,15,"שולחן","furniture","rightpredicate1","גדול",0.13,"size"
"1087",0.97,15,"כיסא","furniture","rightpredicate1","עגול",0.97,"shape"
"1088",0.96,15,"תפוח","food","rightpredicate1","ישן",0.96,"age"
"1089",0.02,15,"טלוויזיה","furniture","rightpredicate1","פצפון",0.02,"size"
"1090",0.07,15,"כיסא","furniture","rightpredicate1","עגול",0.0700000000000001,"shape"
"1091",0.95,15,"גזר","food","rightpredicate1","קצר",0.95,"size"
"1092",0.13,15,"שולחן","furniture","rightpredicate1","גדול",0.13,"size"
"1093",0.17,16,"עגבניה","food","rightpredicate1","ענק",0.17,"size"
"1094",0.23,16,"מאוורר","furniture","rightpredicate1","צהוב",0.23,"color"
"1095",0.87,16,"גבינה","food","rightpredicate1","כחול",0.87,"color"
"1096",0.18,16,"ספה","furniture","rightpredicate1","ספרדי",0.18,"nationality"
"1097",0.14,16,"גזר","food","rightpredicate1","טרי",0.14,"age"
"1098",0.16,16,"טלוויזיה","furniture","rightpredicate1","כחול",0.16,"color"
"1099",0.08,16,"גזר","food","rightpredicate1","פצפון",0.08,"size"
"1100",0.14,16,"טלוויזיה","furniture","rightpredicate1","אמריקני",0.14,"nationality"
"1101",0.9,16,"שולחן","furniture","rightpredicate1","חלק",0.9,"texture"
"1102",0.07,16,"מאוורר","furniture","rightpredicate1","ספרדי",0.0700000000000001,"nationality"
"1103",0.11,16,"גזר","food","rightpredicate1","גדול",0.11,"size"
"1104",0.13,16,"ספה","furniture","rightpredicate1","צהוב",0.13,"color"
"1105",0.94,16,"עגבניה","food","rightpredicate1","חלק",0.94,"texture"
"1106",0.08,16,"תפוח","food","rightpredicate1","צהוב",0.08,"color"
"1107",0.09,16,"תפוח","food","rightpredicate1","חום",0.09,"color"
"1108",0.1,16,"בננה","food","rightpredicate1","אדום",0.1,"color"
"1109",0.88,16,"מאוורר","furniture","rightpredicate1","ענק",0.88,"size"
"1110",0.86,16,"מאוורר","furniture","rightpredicate1","חלק",0.86,"texture"
"1111",0.07,16,"ספה","furniture","rightpredicate1","ענק",0.0700000000000001,"size"
"1112",0.97,16,"שולחן","furniture","rightpredicate1","טרי",0.97,"age"
"1113",0.11,16,"עגבניה","food","rightpredicate1","ירוק",0.11,"color"
"1114",0.1,16,"טלוויזיה","furniture","rightpredicate1","צהוב",0.1,"color"
"1115",0.03,16,"גבינה","food","rightpredicate1","כחול",0.03,"color"
"1116",0.13,16,"עגבניה","food","rightpredicate1","אמריקני",0.13,"nationality"
"1117",0.13,16,"טלוויזיה","furniture","rightpredicate1","חום",0.13,"color"
"1118",0.89,16,"בננה","food","rightpredicate1","קשה",0.89,"texture"
"1119",0.8,17,"שולחן","furniture","rightpredicate1","טוב",0.8,"quality"
"1120",0.13,17,"בננה","food","rightpredicate1","ארוך",0.13,"size"
"1121",0.16,17,"כיסא","furniture","rightpredicate1","טרי",0.16,"age"
"1122",0.79,17,"ספה","furniture","rightpredicate1","חלק",0.79,"texture"
"1123",0.16,17,"גבינה","food","rightpredicate1","עגול",0.16,"shape"
"1124",0.89,17,"מאוורר","furniture","rightpredicate1","גדול",0.89,"size"
"1125",0.18,17,"גבינה","food","rightpredicate1","חדש",0.18,"age"
"1126",0.22,17,"גבינה","food","rightpredicate1","חום",0.22,"color"
"1127",0.8,17,"מאוורר","furniture","rightpredicate1","קשה",0.8,"texture"
"1128",0.78,17,"בננה","food","rightpredicate1","גדול",0.78,"size"
"1129",0.15,17,"טלוויזיה","furniture","rightpredicate1","קטן",0.15,"size"
"1130",0.79,17,"תפוח","food","rightpredicate1","קשה",0.79,"texture"
"1131",0.9,17,"תפוח","food","rightpredicate1","ישן",0.9,"age"
"1132",0.11,17,"כיסא","furniture","rightpredicate1","טרי",0.11,"age"
"1133",0.8,17,"ספה","furniture","rightpredicate1","חדש",0.8,"age"
"1134",0.84,17,"בננה","food","rightpredicate1","קשה",0.84,"texture"
"1135",0.24,17,"ספה","furniture","rightpredicate1","טוב",0.24,"quality"
"1136",0.18,17,"עגבניה","food","rightpredicate1","אמריקני",0.18,"nationality"
"1137",0.11,17,"מאוורר","furniture","rightpredicate1","קטן",0.11,"size"
"1138",0.85,17,"בננה","food","rightpredicate1","קשה",0.85,"texture"
"1139",0.14,17,"מאוורר","furniture","rightpredicate1","מרובע",0.14,"shape"
"1140",0.16,17,"כיסא","furniture","rightpredicate1","גרוע",0.16,"quality"
"1141",0.78,17,"תפוח","food","rightpredicate1","גדול",0.78,"size"
"1142",0.87,17,"כיסא","furniture","rightpredicate1","גרוע",0.87,"quality"
"1143",0.2,17,"טלוויזיה","furniture","rightpredicate1","מרובע",0.2,"shape"
"1144",0.88,17,"גבינה","food","rightpredicate1","גרוע",0.88,"quality"
"1145",0.27,18,"עגבניה","food","rightpredicate1","רך",0.27,"texture"
"1146",0.15,18,"בננה","food","rightpredicate1","חדש",0.15,"age"
"1147",0.86,18,"טלוויזיה","furniture","rightpredicate1","צהוב",0.86,"color"
"1148",0.19,18,"תפוח","food","rightpredicate1","סגול",0.19,"color"
"1149",0.16,18,"בננה","food","rightpredicate1","טרי",0.16,"age"
"1150",0.57,18,"תפוח","food","rightpredicate1","קטן",0.57,"size"
"1151",0.68,18,"תפוח","food","rightpredicate1","טוב",0.68,"quality"
"1152",0.71,18,"כיסא","furniture","rightpredicate1","טוב",0.71,"quality"
"1153",0.84,18,"ספה","furniture","rightpredicate1","רקוב",0.84,"age"
"1154",0.86,18,"מאוורר","furniture","rightpredicate1","גרוע",0.86,"quality"
"1155",0.24,18,"טלוויזיה","furniture","rightpredicate1","קטן",0.24,"size"
"1156",0.87,18,"טלוויזיה","furniture","rightpredicate1","גרוע",0.87,"quality"
"1157",0.86,18,"גבינה","food","rightpredicate1","צהוב",0.86,"color"
"1158",0.09,18,"בננה","food","rightpredicate1","חום",0.09,"color"
"1159",0.86,18,"תפוח","food","rightpredicate1","חלק",0.86,"texture"
"1160",0.12,18,"גבינה","food","rightpredicate1","פצפון",0.12,"size"
"1161",0.15,18,"גבינה","food","rightpredicate1","קשה",0.15,"texture"
"1162",0.26,18,"מאוורר","furniture","rightpredicate1","קטן",0.26,"size"
"1163",0.16,18,"גזר","food","rightpredicate1","צרפתי",0.16,"nationality"
"1164",0.81,18,"גבינה","food","rightpredicate1","גרוע",0.81,"quality"
"1165",0.16,18,"ספה","furniture","rightpredicate1","ספרדי",0.16,"nationality"
"1166",0.1,18,"כיסא","furniture","rightpredicate1","טרי",0.1,"age"
"1167",0.17,18,"בננה","food","rightpredicate1","אמריקני",0.17,"nationality"
"1168",0.9,18,"גזר","food","rightpredicate1","גרוע",0.9,"quality"
"1169",0.86,18,"מאוורר","furniture","rightpredicate1","חדש",0.86,"age"
"1170",0.9,18,"תפוח","food","rightpredicate1","טרי",0.9,"age"
"1171",0.23,19,"שולחן","furniture","rightpredicate1","אמריקני",0.23,"nationality"
"1172",0.63,19,"עגבניה","food","rightpredicate1","קשה",0.63,"texture"
"1173",0.13,19,"בננה","food","rightpredicate1","מרובע",0.13,"shape"
"1174",0.13,19,"בננה","food","rightpredicate1","חום",0.13,"color"
"1175",0.83,19,"ספה","furniture","rightpredicate1","פצפון",0.83,"size"
"1176",0.23,19,"טלוויזיה","furniture","rightpredicate1","פצפון",0.23,"size"
"1177",0.16,19,"עגבניה","food","rightpredicate1","גדול",0.16,"size"
"1178",0.29,19,"גבינה","food","rightpredicate1","טוב",0.29,"quality"
"1179",0.29,19,"שולחן","furniture","rightpredicate1","ענק",0.29,"size"
"1180",0.61,19,"עגבניה","food","rightpredicate1","חום",0.61,"color"
"1181",0.6,19,"מאוורר","furniture","rightpredicate1","טוב",0.6,"quality"
"1182",0.72,19,"כיסא","furniture","rightpredicate1","צהוב",0.72,"color"
"1183",0.72,19,"בננה","food","rightpredicate1","גדול",0.72,"size"
"1184",0.24,19,"עגבניה","food","rightpredicate1","סגול",0.24,"color"
"1185",0.2,19,"כיסא","furniture","rightpredicate1","רקוב",0.2,"age"
"1186",0.69,19,"עגבניה","food","rightpredicate1","גדול",0.69,"size"
"1187",0.51,19,"טלוויזיה","furniture","rightpredicate1","טוב",0.51,"quality"
"1188",0.2,19,"כיסא","furniture","rightpredicate1","קצר",0.2,"size"
"1189",0.8,19,"שולחן","furniture","rightpredicate1","קשה",0.8,"texture"
"1190",0.79,19,"בננה","food","rightpredicate1","טרי",0.79,"age"
"1191",0.83,19,"גזר","food","rightpredicate1","טרי",0.83,"age"
"1192",0.64,19,"עגבניה","food","rightpredicate1","גדול",0.64,"size"
"1193",0.8,19,"תפוח","food","rightpredicate1","גדול",0.8,"size"
"1194",0.29,19,"מאוורר","furniture","rightpredicate1","מרובע",0.29,"shape"
"1195",0.23,19,"שולחן","furniture","rightpredicate1","סגול",0.23,"color"
"1196",0.22,19,"מאוורר","furniture","rightpredicate1","צרפתי",0.22,"nationality"
"1197",0.62,20,"תפוח","food","rightpredicate1","עגול",0.62,"shape"
"1198",0.21,20,"מאוורר","furniture","rightpredicate1","מרובע",0.21,"shape"
"1199",0.71,20,"בננה","food","rightpredicate1","רקוב",0.71,"age"
"1200",0.17,20,"בננה","food","rightpredicate1","ספרדי",0.17,"nationality"
"1201",0.16,20,"גזר","food","rightpredicate1","ספרדי",0.16,"nationality"
"1202",0.2,20,"שולחן","furniture","rightpredicate1","חלק",0.2,"texture"
"1203",0.58,20,"בננה","food","rightpredicate1","רקוב",0.58,"age"
"1204",0.31,20,"גבינה","food","rightpredicate1","מרובע",0.31,"shape"
"1205",0.85,20,"גזר","food","rightpredicate1","קשה",0.85,"texture"
"1206",0.69,20,"שולחן","furniture","rightpredicate1","חום",0.69,"color"
"1207",0.73,20,"ספה","furniture","rightpredicate1","טוב",0.73,"quality"
"1208",0.81,20,"מאוורר","furniture","rightpredicate1","טוב",0.81,"quality"
"1209",0.63,20,"שולחן","furniture","rightpredicate1","גרוע",0.63,"quality"
"1210",0.77,20,"טלוויזיה","furniture","rightpredicate1","ישן",0.77,"age"
"1211",0.19,20,"כיסא","furniture","rightpredicate1","אדום",0.19,"color"
"1212",0.81,20,"שולחן","furniture","rightpredicate1","ישן",0.81,"age"
"1213",0.28,20,"גבינה","food","rightpredicate1","קטן",0.28,"size"
"1214",0.72,20,"בננה","food","rightpredicate1","מרובע",0.72,"shape"
"1215",0.22,20,"עגבניה","food","rightpredicate1","צרפתי",0.22,"nationality"
"1216",0.23,20,"טלוויזיה","furniture","rightpredicate1","כחול",0.23,"color"
"1217",0.26,20,"טלוויזיה","furniture","rightpredicate1","צרפתי",0.26,"nationality"
"1218",0.72,20,"ספה","furniture","rightpredicate1","רך",0.72,"texture"
"1219",0.44,20,"גבינה","food","rightpredicate1","אדום",0.44,"color"
"1220",0.33,20,"כיסא","furniture","rightpredicate1","ספרדי",0.33,"nationality"
"1221",0.84,20,"בננה","food","rightpredicate1","טרי",0.84,"age"
"1222",0.35,20,"גזר","food","rightpredicate1","עגול",0.35,"shape"
"1223",0.85,21,"בננה","food","rightpredicate1","חדש",0.85,"age"
"1224",0.08,21,"מאוורר","furniture","rightpredicate1","צרפתי",0.08,"nationality"
"1225",0.14,21,"טלוויזיה","furniture","rightpredicate1","ספרדי",0.14,"nationality"
"1226",0.1,21,"עגבניה","food","rightpredicate1","אדום",0.1,"color"
"1227",0.15,21,"תפוח","food","rightpredicate1","טרי",0.15,"age"
"1228",0.11,21,"גבינה","food","rightpredicate1","חלק",0.11,"texture"
"1229",0.9,21,"שולחן","furniture","rightpredicate1","רקוב",0.9,"age"
"1230",0.15,21,"עגבניה","food","rightpredicate1","אדום",0.15,"color"
"1231",0.91,21,"כיסא","furniture","rightpredicate1","רקוב",0.91,"age"
"1232",0.79,21,"טלוויזיה","furniture","rightpredicate1","סגול",0.79,"color"
"1233",0.9,21,"ספה","furniture","rightpredicate1","קשה",0.9,"texture"
"1234",0.11,21,"ספה","furniture","rightpredicate1","כחול",0.11,"color"
"1235",0.03,21,"גזר","food","rightpredicate1","צרפתי",0.03,"nationality"
"1236",0.08,21,"שולחן","furniture","rightpredicate1","כחול",0.08,"color"
"1237",0.92,21,"גבינה","food","rightpredicate1","רקוב",0.92,"age"
"1238",0.03,21,"גזר","food","rightpredicate1","קצר",0.03,"size"
"1239",0.94,21,"עגבניה","food","rightpredicate1","גרוע",0.94,"quality"
"1240",0.04,21,"גבינה","food","rightpredicate1","ענק",0.04,"size"
"1241",0.07,21,"עגבניה","food","rightpredicate1","עגול",0.0700000000000001,"shape"
"1242",1,21,"מאוורר","furniture","rightpredicate1","רך",1,"texture"
"1243",0.93,21,"טלוויזיה","furniture","rightpredicate1","אדום",0.93,"color"
"1244",0.96,21,"תפוח","food","rightpredicate1","חדש",0.96,"age"
"1245",0.97,21,"שולחן","furniture","rightpredicate1","קשה",0.97,"texture"
"1246",0.97,21,"כיסא","furniture","rightpredicate1","רך",0.97,"texture"
"1247",0.95,21,"בננה","food","rightpredicate1","חדש",0.95,"age"
"1248",0.1,21,"טלוויזיה","furniture","rightpredicate1","קטן",0.1,"size"
"1249",0.17,22,"תפוח","food","rightpredicate1","צהוב",0.17,"color"
"1250",0.72,22,"תפוח","food","rightpredicate1","טרי",0.72,"age"
"1251",0.85,22,"תפוח","food","rightpredicate1","קטן",0.85,"size"
"1252",0.93,22,"מאוורר","furniture","rightpredicate1","גרוע",0.93,"quality"
"1253",0.65,22,"כיסא","furniture","rightpredicate1","גדול",0.65,"size"
"1254",0.96,22,"ספה","furniture","rightpredicate1","קצר",0.96,"size"
"1255",0.02,22,"שולחן","furniture","rightpredicate1","צרפתי",0.02,"nationality"
"1256",0.76,22,"תפוח","food","rightpredicate1","חלק",0.76,"texture"
"1257",0.74,22,"שולחן","furniture","rightpredicate1","חלק",0.74,"texture"
"1258",0.78,22,"ספה","furniture","rightpredicate1","חלק",0.78,"texture"
"1259",0.98,22,"גבינה","food","rightpredicate1","גרוע",0.98,"quality"
"1260",0.27,22,"שולחן","furniture","rightpredicate1","מרובע",0.27,"shape"
"1261",0.32,22,"בננה","food","rightpredicate1","חום",0.32,"color"
"1262",0.9,22,"כיסא","furniture","rightpredicate1","ענק",0.9,"size"
"1263",0.07,22,"ספה","furniture","rightpredicate1","חדש",0.0700000000000001,"age"
"1264",0.81,22,"עגבניה","food","rightpredicate1","חדש",0.81,"age"
"1265",0.97,22,"ספה","furniture","rightpredicate1","טוב",0.97,"quality"
"1266",0.1,22,"טלוויזיה","furniture","rightpredicate1","חום",0.1,"color"
"1267",0.96,22,"ספה","furniture","rightpredicate1","חדש",0.96,"age"
"1268",0.29,22,"שולחן","furniture","rightpredicate1","צרפתי",0.29,"nationality"
"1269",0.78,22,"עגבניה","food","rightpredicate1","קשה",0.78,"texture"
"1270",0.72,22,"בננה","food","rightpredicate1","גדול",0.72,"size"
"1271",0.96,22,"כיסא","furniture","rightpredicate1","צהוב",0.96,"color"
"1272",0.06,22,"גבינה","food","rightpredicate1","כחול",0.0600000000000001,"color"
"1273",0.06,22,"מאוורר","furniture","rightpredicate1","ישן",0.0600000000000001,"age"
"1274",0.17,22,"מאוורר","furniture","rightpredicate1","אמריקני",0.17,"nationality"
"1275",0.11,23,"טלוויזיה","furniture","rightpredicate1","צרפתי",0.11,"nationality"
"1276",0.52,23,"גבינה","food","rightpredicate1","אדום",0.52,"color"
"1277",0.23,23,"כיסא","furniture","rightpredicate1","אמריקני",0.23,"nationality"
"1278",0.66,23,"גזר","food","rightpredicate1","פצפון",0.66,"size"
"1279",0.37,23,"טלוויזיה","furniture","rightpredicate1","מרובע",0.37,"shape"
"1280",0.24,23,"שולחן","furniture","rightpredicate1","אמריקני",0.24,"nationality"
"1281",0.72,23,"גבינה","food","rightpredicate1","גרוע",0.72,"quality"
"1282",0.22,23,"כיסא","furniture","rightpredicate1","חלק",0.22,"texture"
"1283",0.82,23,"מאוורר","furniture","rightpredicate1","מרובע",0.82,"shape"
"1284",0.18,23,"כיסא","furniture","rightpredicate1","סגול",0.18,"color"
"1285",0.1,23,"תפוח","food","rightpredicate1","עגול",0.1,"shape"
"1286",0,23,"בננה","food","rightpredicate1","ספרדי",0,"nationality"
"1287",0.23,23,"כיסא","furniture","rightpredicate1","גדול",0.23,"size"
"1288",0.18,23,"ספה","furniture","rightpredicate1","פצפון",0.18,"size"
"1289",0.51,23,"גבינה","food","rightpredicate1","חום",0.51,"color"
"1290",0.88,23,"עגבניה","food","rightpredicate1","רך",0.88,"texture"
"1291",0.13,23,"טלוויזיה","furniture","rightpredicate1","ספרדי",0.13,"nationality"
"1292",0.88,23,"מאוורר","furniture","rightpredicate1","גרוע",0.88,"quality"
"1293",0.17,23,"כיסא","furniture","rightpredicate1","מרובע",0.17,"shape"
"1294",0.12,23,"טלוויזיה","furniture","rightpredicate1","ספרדי",0.12,"nationality"
"1295",0.59,23,"כיסא","furniture","rightpredicate1","רקוב",0.59,"age"
"1296",0.25,23,"טלוויזיה","furniture","rightpredicate1","חום",0.25,"color"
"1297",0.42,23,"תפוח","food","rightpredicate1","ארוך",0.42,"size"
"1298",0.62,23,"בננה","food","rightpredicate1","טוב",0.62,"quality"
"1299",0.22,23,"בננה","food","rightpredicate1","אדום",0.22,"color"
"1300",0.78,23,"תפוח","food","rightpredicate1","רך",0.78,"texture"
"1301",0,24,"כיסא","furniture","rightpredicate1","חום",0,"color"
"1302",1,24,"גבינה","food","rightpredicate1","חדש",1,"age"
"1303",0.81,24,"תפוח","food","rightpredicate1","ישן",0.81,"age"
"1304",0,24,"גבינה","food","rightpredicate1","כחול",0,"color"
"1305",0.16,24,"ספה","furniture","rightpredicate1","צהוב",0.16,"color"
"1306",1,24,"תפוח","food","rightpredicate1","ארוך",1,"size"
"1307",0.52,24,"תפוח","food","rightpredicate1","צהוב",0.52,"color"
"1308",0.51,24,"תפוח","food","rightpredicate1","קטן",0.51,"size"
"1309",1,24,"טלוויזיה","furniture","rightpredicate1","כחול",1,"color"
"1310",1,24,"עגבניה","food","rightpredicate1","רקוב",1,"age"
"1311",0.86,24,"גזר","food","rightpredicate1","טוב",0.86,"quality"
"1312",0,24,"טלוויזיה","furniture","rightpredicate1","ספרדי",0,"nationality"
"1313",0.15,24,"גזר","food","rightpredicate1","כחול",0.15,"color"
"1314",0.12,24,"בננה","food","rightpredicate1","גדול",0.12,"size"
"1315",0,24,"ספה","furniture","rightpredicate1","ירוק",0,"color"
"1316",0.59,24,"בננה","food","rightpredicate1","טוב",0.59,"quality"
"1317",0,24,"גזר","food","rightpredicate1","ירוק",0,"color"
"1318",0,24,"מאוורר","furniture","rightpredicate1","חדש",0,"age"
"1319",0,24,"כיסא","furniture","rightpredicate1","אדום",0,"color"
"1320",0.19,24,"גבינה","food","rightpredicate1","גדול",0.19,"size"
"1321",0,24,"גבינה","food","rightpredicate1","ספרדי",0,"nationality"
"1322",0,24,"גבינה","food","rightpredicate1","ארוך",0,"size"
"1323",0.73,24,"ספה","furniture","rightpredicate1","טוב",0.73,"quality"
"1324",0,24,"ספה","furniture","rightpredicate1","עגול",0,"shape"
"1325",0,24,"גבינה","food","rightpredicate1","עגול",0,"shape"
"1326",1,24,"עגבניה","food","rightpredicate1","כחול",1,"color"
"1327",1,26,"טלוויזיה","furniture","rightpredicate1","ענק",1,"size"
"1328",1,26,"גבינה","food","rightpredicate1","פצפון",1,"size"
"1329",0,26,"עגבניה","food","rightpredicate1","אדום",0,"color"
"1330",0.03,26,"גזר","food","rightpredicate1","טרי",0.03,"age"
"1331",1,26,"כיסא","furniture","rightpredicate1","חדש",1,"age"
"1332",1,26,"עגבניה","food","rightpredicate1","טרי",1,"age"
"1333",0,26,"ספה","furniture","rightpredicate1","צרפתי",0,"nationality"
"1334",0,26,"שולחן","furniture","rightpredicate1","כחול",0,"color"
"1335",0,26,"עגבניה","food","rightpredicate1","אמריקני",0,"nationality"
"1336",0,26,"גזר","food","rightpredicate1","ספרדי",0,"nationality"
"1337",1,26,"גזר","food","rightpredicate1","פצפון",1,"size"
"1338",1,26,"בננה","food","rightpredicate1","חלק",1,"texture"
"1339",0,26,"בננה","food","rightpredicate1","גדול",0,"size"
"1340",1,26,"שולחן","furniture","rightpredicate1","טוב",1,"quality"
"1341",1,26,"מאוורר","furniture","rightpredicate1","גרוע",1,"quality"
"1342",1,26,"גבינה","food","rightpredicate1","חלק",1,"texture"
"1343",1,26,"כיסא","furniture","rightpredicate1","חדש",1,"age"
"1344",0,26,"בננה","food","rightpredicate1","טרי",0,"age"
"1345",0,26,"מאוורר","furniture","rightpredicate1","חלק",0,"texture"
"1346",0.43,26,"מאוורר","furniture","rightpredicate1","קשה",0.43,"texture"
"1347",1,26,"תפוח","food","rightpredicate1","רקוב",1,"age"
"1348",0.63,26,"ספה","furniture","rightpredicate1","ירוק",0.63,"color"
"1349",0.77,26,"בננה","food","rightpredicate1","גרוע",0.77,"quality"
"1350",0.75,26,"שולחן","furniture","rightpredicate1","קצר",0.75,"size"
"1351",0.05,26,"תפוח","food","rightpredicate1","ספרדי",0.05,"nationality"
"1352",0.01,26,"גזר","food","rightpredicate1","עגול",0.01,"shape"
"1353",0.31,27,"גבינה","food","rightpredicate1","אמריקני",0.31,"nationality"
"1354",0.08,27,"עגבניה","food","rightpredicate1","כחול",0.08,"color"
"1355",0.31,27,"כיסא","furniture","rightpredicate1","עגול",0.31,"shape"
"1356",0.17,27,"גזר","food","rightpredicate1","צרפתי",0.17,"nationality"
"1357",0.07,27,"מאוורר","furniture","rightpredicate1","אמריקני",0.0700000000000001,"nationality"
"1358",0.08,27,"תפוח","food","rightpredicate1","ירוק",0.08,"color"
"1359",0.9,27,"עגבניה","food","rightpredicate1","טרי",0.9,"age"
"1360",0.87,27,"בננה","food","rightpredicate1","חדש",0.87,"age"
"1361",0.3,27,"ספה","furniture","rightpredicate1","אמריקני",0.3,"nationality"
"1362",0.12,27,"גזר","food","rightpredicate1","צרפתי",0.12,"nationality"
"1363",0.9,27,"מאוורר","furniture","rightpredicate1","גדול",0.9,"size"
"1364",0.06,27,"כיסא","furniture","rightpredicate1","חום",0.0600000000000001,"color"
"1365",0.07,27,"שולחן","furniture","rightpredicate1","סגול",0.0700000000000001,"color"
"1366",0.06,27,"מאוורר","furniture","rightpredicate1","חום",0.0600000000000001,"color"
"1367",0.89,27,"כיסא","furniture","rightpredicate1","רקוב",0.89,"age"
"1368",0.13,27,"מאוורר","furniture","rightpredicate1","קצר",0.13,"size"
"1369",0.49,27,"גזר","food","rightpredicate1","קצר",0.49,"size"
"1370",0.25,27,"תפוח","food","rightpredicate1","ארוך",0.25,"size"
"1371",0.72,27,"טלוויזיה","furniture","rightpredicate1","ענק",0.72,"size"
"1372",0.89,27,"עגבניה","food","rightpredicate1","רקוב",0.89,"age"
"1373",0.13,27,"ספה","furniture","rightpredicate1","חום",0.13,"color"
"1374",0.1,27,"תפוח","food","rightpredicate1","קשה",0.1,"texture"
"1375",0.93,27,"גבינה","food","rightpredicate1","גרוע",0.93,"quality"
"1376",0.24,27,"מאוורר","furniture","rightpredicate1","רך",0.24,"texture"
"1377",0.47,27,"ספה","furniture","rightpredicate1","עגול",0.47,"shape"
"1378",0.81,27,"שולחן","furniture","rightpredicate1","טוב",0.81,"quality"
"1379",0,28,"כיסא","furniture","rightpredicate1","רקוב",0,"age"
"1380",0,28,"תפוח","food","rightpredicate1","ספרדי",0,"nationality"
"1381",0,28,"תפוח","food","rightpredicate1","אדום",0,"color"
"1382",0.49,28,"תפוח","food","rightpredicate1","חדש",0.49,"age"
"1383",0,28,"כיסא","furniture","rightpredicate1","ספרדי",0,"nationality"
"1384",0,28,"תפוח","food","rightpredicate1","צרפתי",0,"nationality"
"1385",0.42,28,"טלוויזיה","furniture","rightpredicate1","ענק",0.42,"size"
"1386",0,28,"בננה","food","rightpredicate1","ירוק",0,"color"
"1387",0,28,"גזר","food","rightpredicate1","אדום",0,"color"
"1388",0.04,28,"בננה","food","rightpredicate1","אדום",0.04,"color"
"1389",0.05,28,"עגבניה","food","rightpredicate1","קצר",0.05,"size"
"1390",0.03,28,"תפוח","food","rightpredicate1","ספרדי",0.03,"nationality"
"1391",0.96,28,"עגבניה","food","rightpredicate1","מרובע",0.96,"shape"
"1392",0.04,28,"שולחן","furniture","rightpredicate1","אדום",0.04,"color"
"1393",0.96,28,"שולחן","furniture","rightpredicate1","ירוק",0.96,"color"
"1394",0.05,28,"גזר","food","rightpredicate1","אדום",0.05,"color"
"1395",0.07,28,"טלוויזיה","furniture","rightpredicate1","גרוע",0.0700000000000001,"quality"
"1396",0.98,28,"תפוח","food","rightpredicate1","ענק",0.98,"size"
"1397",0,28,"מאוורר","furniture","rightpredicate1","צרפתי",0,"nationality"
"1398",0.92,28,"טלוויזיה","furniture","rightpredicate1","סגול",0.92,"color"
"1399",0,28,"עגבניה","food","rightpredicate1","צרפתי",0,"nationality"
"1400",0.01,28,"מאוורר","furniture","rightpredicate1","גדול",0.01,"size"
"1401",0.95,28,"טלוויזיה","furniture","rightpredicate1","קצר",0.95,"size"
"1402",0,28,"שולחן","furniture","rightpredicate1","אדום",0,"color"
"1403",0.02,28,"שולחן","furniture","rightpredicate1","אדום",0.02,"color"
"1404",0.9,28,"טלוויזיה","furniture","rightpredicate1","מרובע",0.9,"shape"
"1405",0.76,29,"כיסא","furniture","rightpredicate1","ישן",0.76,"age"
"1406",0.14,29,"ספה","furniture","rightpredicate1","צרפתי",0.14,"nationality"
"1407",0.17,29,"עגבניה","food","rightpredicate1","עגול",0.17,"shape"
"1408",0.16,29,"טלוויזיה","furniture","rightpredicate1","צהוב",0.16,"color"
"1409",0.84,29,"מאוורר","furniture","rightpredicate1","קטן",0.84,"size"
"1410",0.9,29,"בננה","food","rightpredicate1","טוב",0.9,"quality"
"1411",0.08,29,"טלוויזיה","furniture","rightpredicate1","ספרדי",0.08,"nationality"
"1412",0.91,29,"עגבניה","food","rightpredicate1","קשה",0.91,"texture"
"1413",0.06,29,"שולחן","furniture","rightpredicate1","צרפתי",0.0600000000000001,"nationality"
"1414",0.94,29,"גבינה","food","rightpredicate1","גרוע",0.94,"quality"
"1415",0.05,29,"תפוח","food","rightpredicate1","ענק",0.05,"size"
"1416",0.97,29,"תפוח","food","rightpredicate1","קטן",0.97,"size"
"1417",0.05,29,"גבינה","food","rightpredicate1","אמריקני",0.05,"nationality"
"1418",0.96,29,"בננה","food","rightpredicate1","רך",0.96,"texture"
"1419",0.93,29,"גבינה","food","rightpredicate1","קטן",0.93,"size"
"1420",0.95,29,"כיסא","furniture","rightpredicate1","רקוב",0.95,"age"
"1421",0.97,29,"ספה","furniture","rightpredicate1","ארוך",0.97,"size"
"1422",0.95,29,"בננה","food","rightpredicate1","גדול",0.95,"size"
"1423",0.96,29,"שולחן","furniture","rightpredicate1","פצפון",0.96,"size"
"1424",0.94,29,"גבינה","food","rightpredicate1","חלק",0.94,"texture"
"1425",0.04,29,"תפוח","food","rightpredicate1","אמריקני",0.04,"nationality"
"1426",0.94,29,"תפוח","food","rightpredicate1","קשה",0.94,"texture"
"1427",0.93,29,"גזר","food","rightpredicate1","חום",0.93,"color"
"1428",0.96,29,"גזר","food","rightpredicate1","קטן",0.96,"size"
"1429",0.05,29,"ספה","furniture","rightpredicate1","קשה",0.05,"texture"
"1430",0.95,29,"עגבניה","food","rightpredicate1","חלק",0.95,"texture"
"1431",0.83,30,"תפוח","food","rightpredicate1","רקוב",0.83,"age"
"1432",0.18,30,"ספה","furniture","rightpredicate1","גרוע",0.18,"quality"
"1433",0.93,30,"שולחן","furniture","rightpredicate1","חלק",0.93,"texture"
"1434",0.73,30,"כיסא","furniture","rightpredicate1","פצפון",0.73,"size"
"1435",0.17,30,"מאוורר","furniture","rightpredicate1","ספרדי",0.17,"nationality"
"1436",0.8,30,"בננה","food","rightpredicate1","עגול",0.8,"shape"
"1437",0.8,30,"בננה","food","rightpredicate1","קצר",0.8,"size"
"1438",0.13,30,"בננה","food","rightpredicate1","אמריקני",0.13,"nationality"
"1439",0.86,30,"כיסא","furniture","rightpredicate1","גרוע",0.86,"quality"
"1440",0.13,30,"תפוח","food","rightpredicate1","אמריקני",0.13,"nationality"
"1441",0.62,30,"שולחן","furniture","rightpredicate1","אמריקני",0.62,"nationality"
"1442",0.84,30,"עגבניה","food","rightpredicate1","חלק",0.84,"texture"
"1443",0.17,30,"מאוורר","furniture","rightpredicate1","צרפתי",0.17,"nationality"
"1444",0.68,30,"גזר","food","rightpredicate1","חלק",0.68,"texture"
"1445",0.21,30,"גזר","food","rightpredicate1","פצפון",0.21,"size"
"1446",0.51,30,"גבינה","food","rightpredicate1","טרי",0.51,"age"
"1447",0.34,30,"גבינה","food","rightpredicate1","חדש",0.34,"age"
"1448",0.32,30,"מאוורר","furniture","rightpredicate1","ירוק",0.32,"color"
"1449",0.32,30,"גבינה","food","rightpredicate1","ספרדי",0.32,"nationality"
"1450",0.35,30,"מאוורר","furniture","rightpredicate1","כחול",0.35,"color"
"1451",0.76,30,"שולחן","furniture","rightpredicate1","טרי",0.76,"age"
"1452",0.55,30,"עגבניה","food","rightpredicate1","ספרדי",0.55,"nationality"
"1453",0.77,30,"ספה","furniture","rightpredicate1","רקוב",0.77,"age"
"1454",0.78,30,"גזר","food","rightpredicate1","טרי",0.78,"age"
"1455",0.86,30,"שולחן","furniture","rightpredicate1","קשה",0.86,"texture"
"1456",0.85,30,"גבינה","food","rightpredicate1","חדש",0.85,"age"
