,class1,class2,noun,nounclass,predicate1,predicate2,response,slide_number,language,assess,age,gender,Browser,OS,screenH,screenW,time_in_minutes,participant_id
0,nationality,quality,שולחן,furniture,ספרדי,גרוע,0.96,3,עברית,Yes,45,Female,Chrome,Linux,732,412,1.78075,1
1,nationality,texture,גבינה,food,אמריקני,רך,0.95,4,עברית,Yes,45,Female,Chrome,Linux,732,412,1.78075,1
2,shape,nationality,טלוויזיה,furniture,מרובע,ספרדי,0.95,5,עברית,Yes,45,Female,Chrome,Linux,732,412,1.78075,1
3,shape,age,תפוח,food,עגול,רקוב,0.01,6,עברית,Yes,45,Female,Chrome,Linux,732,412,1.78075,1
4,age,shape,מאוורר,furniture,חדש,עגול,0.02,7,עברית,Yes,45,Female,Chrome,Linux,732,412,1.78075,1
5,shape,quality,טלוויזיה,furniture,מרובע,טוב,0.0,8,עברית,Yes,45,Female,Chrome,Linux,732,412,1.78075,1
6,size,color,גזר,food,קטן,צהוב,0.0,9,עברית,Yes,45,Female,Chrome,Linux,732,412,1.78075,1
7,texture,size,גזר,food,קשה,קטן,0.98,10,עברית,Yes,45,Female,Chrome,Linux,732,412,1.78075,1
8,size,quality,עגבניה,food,ענק,גרוע,0.99,11,עברית,Yes,45,Female,Chrome,Linux,732,412,1.78075,1
9,color,quality,בננה,food,ירוק,טוב,0.95,12,עברית,Yes,45,Female,Chrome,Linux,732,412,1.78075,1
10,color,texture,תפוח,food,חום,רך,0.96,13,עברית,Yes,45,Female,Chrome,Linux,732,412,1.78075,1
11,age,shape,תפוח,food,רקוב,מרובע,0.05,14,עברית,Yes,45,Female,Chrome,Linux,732,412,1.78075,1
12,age,size,שולחן,furniture,רקוב,קטן,0.02,15,עברית,Yes,45,Female,Chrome,Linux,732,412,1.78075,1
13,quality,size,עגבניה,food,גרוע,קצר,0.96,16,עברית,Yes,45,Female,Chrome,Linux,732,412,1.78075,1
14,size,color,טלוויזיה,furniture,קצר,ירוק,0.06,17,עברית,Yes,45,Female,Chrome,Linux,732,412,1.78075,1
15,size,texture,טלוויזיה,furniture,קטן,רך,0.98,18,עברית,Yes,45,Female,Chrome,Linux,732,412,1.78075,1
16,quality,size,עגבניה,food,גרוע,ענק,0.92,19,עברית,Yes,45,Female,Chrome,Linux,732,412,1.78075,1
17,nationality,size,עגבניה,food,צרפתי,פצפון,0.94,20,עברית,Yes,45,Female,Chrome,Linux,732,412,1.78075,1
18,shape,size,תפוח,food,עגול,גדול,0.85,21,עברית,Yes,45,Female,Chrome,Linux,732,412,1.78075,1
19,color,shape,שולחן,furniture,כחול,מרובע,0.94,22,עברית,Yes,45,Female,Chrome,Linux,732,412,1.78075,1
20,nationality,color,שולחן,furniture,צרפתי,חום,0.9,23,עברית,Yes,45,Female,Chrome,Linux,732,412,1.78075,1
21,texture,age,גזר,food,חלק,חדש,0.92,24,עברית,Yes,45,Female,Chrome,Linux,732,412,1.78075,1
22,color,shape,גזר,food,כחול,מרובע,0.0,25,עברית,Yes,45,Female,Chrome,Linux,732,412,1.78075,1
23,nationality,age,כיסא,furniture,צרפתי,רקוב,0.94,26,עברית,Yes,45,Female,Chrome,Linux,732,412,1.78075,1
24,nationality,size,טלוויזיה,furniture,ספרדי,קצר,0.97,27,עברית,Yes,45,Female,Chrome,Linux,732,412,1.78075,1
25,color,nationality,בננה,food,אדום,אמריקני,0.07,28,עברית,Yes,45,Female,Chrome,Linux,732,412,1.78075,1
0,age,color,תפוח,food,טרי,צהוב,0.09,3,עברית ,Yes,37,Female,Chrome,Linux,740,360,2.1105666666666667,2
1,age,color,בננה,food,טרי,סגול,0.11,4,עברית ,Yes,37,Female,Chrome,Linux,740,360,2.1105666666666667,2
2,texture,age,מאוורר,furniture,חלק,רקוב,0.55,5,עברית ,Yes,37,Female,Chrome,Linux,740,360,2.1105666666666667,2
3,age,shape,שולחן,furniture,רקוב,מרובע,0.18,6,עברית ,Yes,37,Female,Chrome,Linux,740,360,2.1105666666666667,2
4,size,texture,שולחן,furniture,פצפון,קשה,0.79,7,עברית ,Yes,37,Female,Chrome,Linux,740,360,2.1105666666666667,2
5,size,shape,מאוורר,furniture,ארוך,מרובע,0.85,8,עברית ,Yes,37,Female,Chrome,Linux,740,360,2.1105666666666667,2
6,color,texture,בננה,food,צהוב,רך,0.15,9,עברית ,Yes,37,Female,Chrome,Linux,740,360,2.1105666666666667,2
7,size,quality,טלוויזיה,furniture,קצר,טוב,0.26,10,עברית ,Yes,37,Female,Chrome,Linux,740,360,2.1105666666666667,2
8,size,shape,ספה,furniture,פצפון,מרובע,0.74,11,עברית ,Yes,37,Female,Chrome,Linux,740,360,2.1105666666666667,2
9,size,color,עגבניה,food,פצפון,כחול,0.19,12,עברית ,Yes,37,Female,Chrome,Linux,740,360,2.1105666666666667,2
10,quality,color,בננה,food,טוב,ירוק,0.69,13,עברית ,Yes,37,Female,Chrome,Linux,740,360,2.1105666666666667,2
11,quality,nationality,שולחן,furniture,גרוע,ספרדי,0.22,14,עברית ,Yes,37,Female,Chrome,Linux,740,360,2.1105666666666667,2
12,texture,nationality,גזר,food,רך,ספרדי,0.13,15,עברית ,Yes,37,Female,Chrome,Linux,740,360,2.1105666666666667,2
13,age,color,ספה,furniture,ישן,אדום,0.86,16,עברית ,Yes,37,Female,Chrome,Linux,740,360,2.1105666666666667,2
14,age,size,גזר,food,ישן,קטן,0.14,17,עברית ,Yes,37,Female,Chrome,Linux,740,360,2.1105666666666667,2
15,nationality,age,בננה,food,ספרדי,רקוב,0.8,18,עברית ,Yes,37,Female,Chrome,Linux,740,360,2.1105666666666667,2
16,texture,nationality,גזר,food,קשה,צרפתי,0.13,19,עברית ,Yes,37,Female,Chrome,Linux,740,360,2.1105666666666667,2
17,color,shape,גזר,food,חום,מרובע,0.64,20,עברית ,Yes,37,Female,Chrome,Linux,740,360,2.1105666666666667,2
18,color,shape,בננה,food,כחול,עגול,0.25,21,עברית ,Yes,37,Female,Chrome,Linux,740,360,2.1105666666666667,2
19,nationality,texture,כיסא,furniture,צרפתי,רך,0.23,22,עברית ,Yes,37,Female,Chrome,Linux,740,360,2.1105666666666667,2
20,texture,size,בננה,food,חלק,קטן,0.17,23,עברית ,Yes,37,Female,Chrome,Linux,740,360,2.1105666666666667,2
21,shape,nationality,ספה,furniture,מרובע,ספרדי,0.25,24,עברית ,Yes,37,Female,Chrome,Linux,740,360,2.1105666666666667,2
22,texture,shape,תפוח,food,רך,מרובע,0.23,25,עברית ,Yes,37,Female,Chrome,Linux,740,360,2.1105666666666667,2
23,size,color,עגבניה,food,פצפון,צהוב,0.77,26,עברית ,Yes,37,Female,Chrome,Linux,740,360,2.1105666666666667,2
24,color,age,בננה,food,חום,רקוב,0.29,27,עברית ,Yes,37,Female,Chrome,Linux,740,360,2.1105666666666667,2
25,color,size,כיסא,furniture,סגול,גדול,0.72,28,עברית ,Yes,37,Female,Chrome,Linux,740,360,2.1105666666666667,2
0,quality,color,טלוויזיה,furniture,טוב,צהוב,0.0,3,עברית,Yes,22,Female,Chrome,Windows,720,1280,2.0828333333333333,3
1,quality,size,גזר,food,גרוע,ארוך,0.03,4,עברית,Yes,22,Female,Chrome,Windows,720,1280,2.0828333333333333,3
2,size,nationality,שולחן,furniture,קטן,אמריקני,0.01,5,עברית,Yes,22,Female,Chrome,Windows,720,1280,2.0828333333333333,3
3,shape,color,טלוויזיה,furniture,מרובע,ירוק,0.95,6,עברית,Yes,22,Female,Chrome,Windows,720,1280,2.0828333333333333,3
4,texture,quality,מאוורר,furniture,קשה,גרוע,0.98,7,עברית,Yes,22,Female,Chrome,Windows,720,1280,2.0828333333333333,3
5,nationality,color,שולחן,furniture,אמריקני,חום,0.92,8,עברית,Yes,22,Female,Chrome,Windows,720,1280,2.0828333333333333,3
6,nationality,color,גזר,food,אמריקני,כחול,0.97,9,עברית,Yes,22,Female,Chrome,Windows,720,1280,2.0828333333333333,3
7,size,age,עגבניה,food,גדול,טרי,0.03,10,עברית,Yes,22,Female,Chrome,Windows,720,1280,2.0828333333333333,3
8,age,color,מאוורר,furniture,טרי,חום,0.0,11,עברית,Yes,22,Female,Chrome,Windows,720,1280,2.0828333333333333,3
9,quality,size,גבינה,food,טוב,קטן,0.02,12,עברית,Yes,22,Female,Chrome,Windows,720,1280,2.0828333333333333,3
10,shape,color,כיסא,furniture,עגול,סגול,0.03,13,עברית,Yes,22,Female,Chrome,Windows,720,1280,2.0828333333333333,3
11,color,nationality,תפוח,food,כחול,צרפתי,0.96,14,עברית,Yes,22,Female,Chrome,Windows,720,1280,2.0828333333333333,3
12,shape,age,גזר,food,מרובע,רקוב,0.98,15,עברית,Yes,22,Female,Chrome,Windows,720,1280,2.0828333333333333,3
13,nationality,color,עגבניה,food,אמריקני,חום,0.95,16,עברית,Yes,22,Female,Chrome,Windows,720,1280,2.0828333333333333,3
14,texture,age,שולחן,furniture,רך,חדש,0.97,17,עברית,Yes,22,Female,Chrome,Windows,720,1280,2.0828333333333333,3
15,color,age,טלוויזיה,furniture,אדום,ישן,0.98,18,עברית,Yes,22,Female,Chrome,Windows,720,1280,2.0828333333333333,3
16,texture,color,גבינה,food,חלק,ירוק,0.03,19,עברית,Yes,22,Female,Chrome,Windows,720,1280,2.0828333333333333,3
17,shape,color,כיסא,furniture,מרובע,אדום,0.95,20,עברית,Yes,22,Female,Chrome,Windows,720,1280,2.0828333333333333,3
18,size,color,מאוורר,furniture,קצר,ירוק,0.98,21,עברית,Yes,22,Female,Chrome,Windows,720,1280,2.0828333333333333,3
19,shape,texture,גבינה,food,עגול,קשה,0.98,22,עברית,Yes,22,Female,Chrome,Windows,720,1280,2.0828333333333333,3
20,size,color,תפוח,food,קצר,כחול,0.0,23,עברית,Yes,22,Female,Chrome,Windows,720,1280,2.0828333333333333,3
21,shape,color,שולחן,furniture,עגול,צהוב,0.95,24,עברית,Yes,22,Female,Chrome,Windows,720,1280,2.0828333333333333,3
22,color,age,מאוורר,furniture,ירוק,רקוב,0.94,25,עברית,Yes,22,Female,Chrome,Windows,720,1280,2.0828333333333333,3
23,age,color,שולחן,furniture,רקוב,ירוק,0.01,26,עברית,Yes,22,Female,Chrome,Windows,720,1280,2.0828333333333333,3
24,quality,color,טלוויזיה,furniture,גרוע,צהוב,0.02,27,עברית,Yes,22,Female,Chrome,Windows,720,1280,2.0828333333333333,3
25,shape,color,מאוורר,furniture,מרובע,כחול,0.97,28,עברית,Yes,22,Female,Chrome,Windows,720,1280,2.0828333333333333,3
0,nationality,color,טלוויזיה,furniture,ספרדי,אדום,0.07,3,עברית,Yes,29,Male,Chrome,Windows,1080,1920,4.140883333333333,4
1,size,nationality,שולחן,furniture,קטן,אמריקני,0.16,4,עברית,Yes,29,Male,Chrome,Windows,1080,1920,4.140883333333333,4
2,nationality,color,כיסא,furniture,ספרדי,חום,0.84,5,עברית,Yes,29,Male,Chrome,Windows,1080,1920,4.140883333333333,4
3,size,quality,כיסא,furniture,קצר,טוב,0.14,6,עברית,Yes,29,Male,Chrome,Windows,1080,1920,4.140883333333333,4
4,nationality,size,שולחן,furniture,ספרדי,ארוך,0.16,7,עברית,Yes,29,Male,Chrome,Windows,1080,1920,4.140883333333333,4
5,nationality,texture,גזר,food,צרפתי,חלק,0.14,8,עברית,Yes,29,Male,Chrome,Windows,1080,1920,4.140883333333333,4
6,quality,size,גזר,food,טוב,ענק,0.34,9,עברית,Yes,29,Male,Chrome,Windows,1080,1920,4.140883333333333,4
7,texture,color,שולחן,furniture,חלק,אדום,0.0,10,עברית,Yes,29,Male,Chrome,Windows,1080,1920,4.140883333333333,4
8,texture,age,ספה,furniture,קשה,חדש,0.13,11,עברית,Yes,29,Male,Chrome,Windows,1080,1920,4.140883333333333,4
9,color,shape,מאוורר,furniture,ירוק,מרובע,0.15,12,עברית,Yes,29,Male,Chrome,Windows,1080,1920,4.140883333333333,4
10,texture,shape,בננה,food,קשה,מרובע,0.32,13,עברית,Yes,29,Male,Chrome,Windows,1080,1920,4.140883333333333,4
11,size,quality,מאוורר,furniture,ענק,גרוע,0.81,14,עברית,Yes,29,Male,Chrome,Windows,1080,1920,4.140883333333333,4
12,size,color,גבינה,food,גדול,צהוב,0.0,15,עברית,Yes,29,Male,Chrome,Windows,1080,1920,4.140883333333333,4
13,size,texture,עגבניה,food,קצר,קשה,0.32,16,עברית,Yes,29,Male,Chrome,Windows,1080,1920,4.140883333333333,4
14,nationality,shape,טלוויזיה,furniture,ספרדי,מרובע,0.83,17,עברית,Yes,29,Male,Chrome,Windows,1080,1920,4.140883333333333,4
15,color,texture,בננה,food,סגול,קשה,0.17,18,עברית,Yes,29,Male,Chrome,Windows,1080,1920,4.140883333333333,4
16,size,color,עגבניה,food,ארוך,אדום,0.13,19,עברית,Yes,29,Male,Chrome,Windows,1080,1920,4.140883333333333,4
17,age,color,תפוח,food,רקוב,צהוב,0.0,20,עברית,Yes,29,Male,Chrome,Windows,1080,1920,4.140883333333333,4
18,color,quality,עגבניה,food,ירוק,טוב,0.81,21,עברית,Yes,29,Male,Chrome,Windows,1080,1920,4.140883333333333,4
19,texture,size,עגבניה,food,רך,ארוך,0.73,22,עברית,Yes,29,Male,Chrome,Windows,1080,1920,4.140883333333333,4
20,texture,color,מאוורר,furniture,חלק,ירוק,0.77,23,עברית,Yes,29,Male,Chrome,Windows,1080,1920,4.140883333333333,4
21,shape,nationality,שולחן,furniture,מרובע,אמריקני,0.09,24,עברית,Yes,29,Male,Chrome,Windows,1080,1920,4.140883333333333,4
22,size,nationality,טלוויזיה,furniture,ארוך,אמריקני,0.14,25,עברית,Yes,29,Male,Chrome,Windows,1080,1920,4.140883333333333,4
23,color,shape,כיסא,furniture,אדום,מרובע,0.12,26,עברית,Yes,29,Male,Chrome,Windows,1080,1920,4.140883333333333,4
24,age,nationality,ספה,furniture,ישן,אמריקני,0.04,27,עברית,Yes,29,Male,Chrome,Windows,1080,1920,4.140883333333333,4
25,size,color,טלוויזיה,furniture,גדול,חום,0.12,28,עברית,Yes,29,Male,Chrome,Windows,1080,1920,4.140883333333333,4
0,size,color,גזר,food,פצפון,חום,0.06,3,עברית,Yes,22,Female,Chrome,Windows,1080,1920,1.6955333333333333,5
1,size,nationality,גבינה,food,ארוך,ספרדי,0.13,4,עברית,Yes,22,Female,Chrome,Windows,1080,1920,1.6955333333333333,5
2,age,size,כיסא,furniture,ישן,קטן,0.82,5,עברית,Yes,22,Female,Chrome,Windows,1080,1920,1.6955333333333333,5
3,size,texture,כיסא,furniture,ארוך,רך,0.92,6,עברית,Yes,22,Female,Chrome,Windows,1080,1920,1.6955333333333333,5
4,quality,color,בננה,food,טוב,סגול,0.06,7,עברית,Yes,22,Female,Chrome,Windows,1080,1920,1.6955333333333333,5
5,color,age,עגבניה,food,חום,רקוב,0.95,8,עברית,Yes,22,Female,Chrome,Windows,1080,1920,1.6955333333333333,5
6,age,color,טלוויזיה,furniture,טרי,חום,0.05,9,עברית,Yes,22,Female,Chrome,Windows,1080,1920,1.6955333333333333,5
7,shape,size,בננה,food,מרובע,קטן,0.09,10,עברית,Yes,22,Female,Chrome,Windows,1080,1920,1.6955333333333333,5
8,texture,color,תפוח,food,חלק,אדום,0.08,11,עברית,Yes,22,Female,Chrome,Windows,1080,1920,1.6955333333333333,5
9,age,color,תפוח,food,רקוב,סגול,0.04,12,עברית,Yes,22,Female,Chrome,Windows,1080,1920,1.6955333333333333,5
10,nationality,color,בננה,food,ספרדי,חום,0.87,13,עברית,Yes,22,Female,Chrome,Windows,1080,1920,1.6955333333333333,5
11,texture,size,כיסא,furniture,חלק,ענק,0.94,14,עברית,Yes,22,Female,Chrome,Windows,1080,1920,1.6955333333333333,5
12,age,shape,טלוויזיה,furniture,חדש,מרובע,0.1,15,עברית,Yes,22,Female,Chrome,Windows,1080,1920,1.6955333333333333,5
13,size,shape,גבינה,food,גדול,עגול,0.13,16,עברית,Yes,22,Female,Chrome,Windows,1080,1920,1.6955333333333333,5
14,texture,size,גבינה,food,רך,ארוך,0.49,17,עברית,Yes,22,Female,Chrome,Windows,1080,1920,1.6955333333333333,5
15,age,quality,מאוורר,furniture,חדש,טוב,0.1,18,עברית,Yes,22,Female,Chrome,Windows,1080,1920,1.6955333333333333,5
16,age,size,ספה,furniture,ישן,קצר,0.04,19,עברית,Yes,22,Female,Chrome,Windows,1080,1920,1.6955333333333333,5
17,texture,size,טלוויזיה,furniture,חלק,קצר,0.61,20,עברית,Yes,22,Female,Chrome,Windows,1080,1920,1.6955333333333333,5
18,age,quality,עגבניה,food,ישן,גרוע,0.86,21,עברית,Yes,22,Female,Chrome,Windows,1080,1920,1.6955333333333333,5
19,age,color,כיסא,furniture,טרי,צהוב,0.13,22,עברית,Yes,22,Female,Chrome,Windows,1080,1920,1.6955333333333333,5
20,age,color,גזר,food,חדש,חום,0.03,23,עברית,Yes,22,Female,Chrome,Windows,1080,1920,1.6955333333333333,5
21,nationality,color,בננה,food,ספרדי,כחול,0.02,24,עברית,Yes,22,Female,Chrome,Windows,1080,1920,1.6955333333333333,5
22,age,quality,תפוח,food,טרי,טוב,0.82,25,עברית,Yes,22,Female,Chrome,Windows,1080,1920,1.6955333333333333,5
23,color,size,גבינה,food,חום,קטן,0.88,26,עברית,Yes,22,Female,Chrome,Windows,1080,1920,1.6955333333333333,5
24,size,age,טלוויזיה,furniture,ענק,ישן,0.92,27,עברית,Yes,22,Female,Chrome,Windows,1080,1920,1.6955333333333333,5
25,size,age,כיסא,furniture,ענק,ישן,0.89,28,עברית,Yes,22,Female,Chrome,Windows,1080,1920,1.6955333333333333,5
0,texture,nationality,תפוח,food,חלק,ספרדי,0.29,3,עברית,Yes,23,Female,Chrome,Linux,640,360,3.518,6
1,nationality,size,גזר,food,צרפתי,קטן,0.72,4,עברית,Yes,23,Female,Chrome,Linux,640,360,3.518,6
2,nationality,size,תפוח,food,צרפתי,גדול,0.73,5,עברית,Yes,23,Female,Chrome,Linux,640,360,3.518,6
3,quality,nationality,כיסא,furniture,גרוע,צרפתי,0.15,6,עברית,Yes,23,Female,Chrome,Linux,640,360,3.518,6
4,size,color,גבינה,food,קצר,צהוב,0.09,7,עברית,Yes,23,Female,Chrome,Linux,640,360,3.518,6
5,size,color,תפוח,food,קטן,כחול,0.15,8,עברית,Yes,23,Female,Chrome,Linux,640,360,3.518,6
6,nationality,color,תפוח,food,צרפתי,חום,0.61,9,עברית,Yes,23,Female,Chrome,Linux,640,360,3.518,6
7,size,shape,גזר,food,קצר,מרובע,0.1,10,עברית,Yes,23,Female,Chrome,Linux,640,360,3.518,6
8,size,texture,גבינה,food,ארוך,רך,0.15,11,עברית,Yes,23,Female,Chrome,Linux,640,360,3.518,6
9,color,size,תפוח,food,חום,גדול,0.48,12,עברית,Yes,23,Female,Chrome,Linux,640,360,3.518,6
10,size,nationality,תפוח,food,קטן,אמריקני,0.48,13,עברית,Yes,23,Female,Chrome,Linux,640,360,3.518,6
11,age,texture,עגבניה,food,טרי,רך,0.76,14,עברית,Yes,23,Female,Chrome,Linux,640,360,3.518,6
12,age,color,עגבניה,food,ישן,אדום,0.11,15,עברית,Yes,23,Female,Chrome,Linux,640,360,3.518,6
13,size,texture,בננה,food,ארוך,קשה,0.95,16,עברית,Yes,23,Female,Chrome,Linux,640,360,3.518,6
14,age,texture,גבינה,food,רקוב,חלק,0.14,17,עברית,Yes,23,Female,Chrome,Linux,640,360,3.518,6
15,size,shape,כיסא,furniture,פצפון,עגול,0.1,18,עברית,Yes,23,Female,Chrome,Linux,640,360,3.518,6
16,color,size,גזר,food,אדום,ענק,0.9,19,עברית,Yes,23,Female,Chrome,Linux,640,360,3.518,6
17,nationality,texture,בננה,food,אמריקני,רך,0.89,20,עברית,Yes,23,Female,Chrome,Linux,640,360,3.518,6
18,size,shape,מאוורר,furniture,פצפון,עגול,0.08,21,עברית,Yes,23,Female,Chrome,Linux,640,360,3.518,6
19,texture,color,בננה,food,רך,אדום,0.03,22,עברית,Yes,23,Female,Chrome,Linux,640,360,3.518,6
20,color,shape,טלוויזיה,furniture,חום,עגול,0.44,23,עברית,Yes,23,Female,Chrome,Linux,640,360,3.518,6
21,size,texture,טלוויזיה,furniture,ענק,קשה,0.16,24,עברית,Yes,23,Female,Chrome,Linux,640,360,3.518,6
22,age,shape,תפוח,food,ישן,עגול,0.14,25,עברית,Yes,23,Female,Chrome,Linux,640,360,3.518,6
23,texture,color,גזר,food,רך,צהוב,0.0,26,עברית,Yes,23,Female,Chrome,Linux,640,360,3.518,6
24,size,nationality,טלוויזיה,furniture,פצפון,צרפתי,0.1,27,עברית,Yes,23,Female,Chrome,Linux,640,360,3.518,6
25,nationality,color,טלוויזיה,furniture,צרפתי,סגול,0.8,28,עברית,Yes,23,Female,Chrome,Linux,640,360,3.518,6
0,texture,color,בננה,food,רך,סגול,0.0,3,עברית,Yes,21,Male,Chrome,Windows,720,1280,2.2106333333333335,7
1,quality,size,תפוח,food,גרוע,פצפון,1.0,4,עברית,Yes,21,Male,Chrome,Windows,720,1280,2.2106333333333335,7
2,age,size,בננה,food,ישן,ארוך,0.75,5,עברית,Yes,21,Male,Chrome,Windows,720,1280,2.2106333333333335,7
3,texture,nationality,טלוויזיה,furniture,חלק,אמריקני,0.22,6,עברית,Yes,21,Male,Chrome,Windows,720,1280,2.2106333333333335,7
4,size,quality,תפוח,food,ענק,גרוע,0.79,7,עברית,Yes,21,Male,Chrome,Windows,720,1280,2.2106333333333335,7
5,size,age,כיסא,furniture,גדול,רקוב,0.79,8,עברית,Yes,21,Male,Chrome,Windows,720,1280,2.2106333333333335,7
6,texture,age,גבינה,food,קשה,רקוב,1.0,9,עברית,Yes,21,Male,Chrome,Windows,720,1280,2.2106333333333335,7
7,quality,size,טלוויזיה,furniture,גרוע,גדול,1.0,10,עברית,Yes,21,Male,Chrome,Windows,720,1280,2.2106333333333335,7
8,size,color,עגבניה,food,קטן,צהוב,0.09,11,עברית,Yes,21,Male,Chrome,Windows,720,1280,2.2106333333333335,7
9,shape,color,עגבניה,food,עגול,צהוב,0.01,12,עברית,Yes,21,Male,Chrome,Windows,720,1280,2.2106333333333335,7
10,size,age,תפוח,food,פצפון,טרי,0.88,13,עברית,Yes,21,Male,Chrome,Windows,720,1280,2.2106333333333335,7
11,shape,color,עגבניה,food,מרובע,אדום,0.14,14,עברית,Yes,21,Male,Chrome,Windows,720,1280,2.2106333333333335,7
12,color,size,טלוויזיה,furniture,חום,ענק,0.12,15,עברית,Yes,21,Male,Chrome,Windows,720,1280,2.2106333333333335,7
13,size,age,ספה,furniture,קטן,ישן,0.13,16,עברית,Yes,21,Male,Chrome,Windows,720,1280,2.2106333333333335,7
14,age,quality,תפוח,food,רקוב,גרוע,0.0,17,עברית,Yes,21,Male,Chrome,Windows,720,1280,2.2106333333333335,7
15,size,nationality,טלוויזיה,furniture,ארוך,ספרדי,0.0,18,עברית,Yes,21,Male,Chrome,Windows,720,1280,2.2106333333333335,7
16,quality,age,גבינה,food,טוב,רקוב,0.0,19,עברית,Yes,21,Male,Chrome,Windows,720,1280,2.2106333333333335,7
17,color,age,טלוויזיה,furniture,צהוב,ישן,0.0,20,עברית,Yes,21,Male,Chrome,Windows,720,1280,2.2106333333333335,7
18,nationality,color,שולחן,furniture,צרפתי,אדום,0.07,21,עברית,Yes,21,Male,Chrome,Windows,720,1280,2.2106333333333335,7
19,nationality,age,בננה,food,צרפתי,טרי,0.93,22,עברית,Yes,21,Male,Chrome,Windows,720,1280,2.2106333333333335,7
20,quality,age,מאוורר,furniture,גרוע,ישן,0.1,23,עברית,Yes,21,Male,Chrome,Windows,720,1280,2.2106333333333335,7
21,quality,nationality,כיסא,furniture,טוב,אמריקני,0.0,24,עברית,Yes,21,Male,Chrome,Windows,720,1280,2.2106333333333335,7
22,nationality,age,עגבניה,food,אמריקני,ישן,0.97,25,עברית,Yes,21,Male,Chrome,Windows,720,1280,2.2106333333333335,7
23,color,nationality,גבינה,food,ירוק,ספרדי,0.0,26,עברית,Yes,21,Male,Chrome,Windows,720,1280,2.2106333333333335,7
24,shape,size,ספה,furniture,מרובע,קטן,0.9,27,עברית,Yes,21,Male,Chrome,Windows,720,1280,2.2106333333333335,7
25,color,texture,בננה,food,סגול,חלק,0.99,28,עברית,Yes,21,Male,Chrome,Windows,720,1280,2.2106333333333335,7
0,texture,color,מאוורר,furniture,רך,אדום,0.0,3,עברית,Yes,30,Female,Chrome,Windows,768,1366,2.9712666666666667,8
1,nationality,size,מאוורר,furniture,אמריקני,ענק,0.99,4,עברית,Yes,30,Female,Chrome,Windows,768,1366,2.9712666666666667,8
2,color,texture,בננה,food,סגול,קשה,0.98,5,עברית,Yes,30,Female,Chrome,Windows,768,1366,2.9712666666666667,8
3,color,size,מאוורר,furniture,צהוב,ענק,0.97,6,עברית,Yes,30,Female,Chrome,Windows,768,1366,2.9712666666666667,8
4,size,nationality,מאוורר,furniture,ענק,ספרדי,0.02,7,עברית,Yes,30,Female,Chrome,Windows,768,1366,2.9712666666666667,8
5,size,age,טלוויזיה,furniture,גדול,ישן,0.95,8,עברית,Yes,30,Female,Chrome,Windows,768,1366,2.9712666666666667,8
6,age,color,עגבניה,food,טרי,כחול,0.02,9,עברית,Yes,30,Female,Chrome,Windows,768,1366,2.9712666666666667,8
7,age,color,מאוורר,furniture,טרי,ירוק,0.04,10,עברית,Yes,30,Female,Chrome,Windows,768,1366,2.9712666666666667,8
8,shape,size,ספה,furniture,עגול,קצר,0.98,11,עברית,Yes,30,Female,Chrome,Windows,768,1366,2.9712666666666667,8
9,size,color,ספה,furniture,ארוך,חום,0.02,12,עברית,Yes,30,Female,Chrome,Windows,768,1366,2.9712666666666667,8
10,age,size,תפוח,food,טרי,ארוך,0.01,13,עברית,Yes,30,Female,Chrome,Windows,768,1366,2.9712666666666667,8
11,age,size,ספה,furniture,טרי,גדול,0.98,14,עברית,Yes,30,Female,Chrome,Windows,768,1366,2.9712666666666667,8
12,nationality,quality,גבינה,food,ספרדי,טוב,1.0,15,עברית,Yes,30,Female,Chrome,Windows,768,1366,2.9712666666666667,8
13,texture,size,בננה,food,קשה,קטן,0.96,16,עברית,Yes,30,Female,Chrome,Windows,768,1366,2.9712666666666667,8
14,size,color,טלוויזיה,furniture,קטן,חום,0.03,17,עברית,Yes,30,Female,Chrome,Windows,768,1366,2.9712666666666667,8
15,size,color,כיסא,furniture,גדול,אדום,0.0,18,עברית,Yes,30,Female,Chrome,Windows,768,1366,2.9712666666666667,8
16,quality,age,שולחן,furniture,טוב,חדש,1.0,19,עברית,Yes,30,Female,Chrome,Windows,768,1366,2.9712666666666667,8
17,quality,texture,כיסא,furniture,גרוע,רך,0.53,20,עברית,Yes,30,Female,Chrome,Windows,768,1366,2.9712666666666667,8
18,size,color,טלוויזיה,furniture,קצר,אדום,0.53,21,עברית,Yes,30,Female,Chrome,Windows,768,1366,2.9712666666666667,8
19,color,shape,גזר,food,צהוב,עגול,0.52,22,עברית,Yes,30,Female,Chrome,Windows,768,1366,2.9712666666666667,8
20,size,color,כיסא,furniture,ענק,אדום,0.0,23,עברית,Yes,30,Female,Chrome,Windows,768,1366,2.9712666666666667,8
21,size,age,כיסא,furniture,קטן,חדש,0.0,24,עברית,Yes,30,Female,Chrome,Windows,768,1366,2.9712666666666667,8
22,size,texture,ספה,furniture,גדול,קשה,0.81,25,עברית,Yes,30,Female,Chrome,Windows,768,1366,2.9712666666666667,8
23,quality,age,ספה,furniture,גרוע,ישן,0.0,26,עברית,Yes,30,Female,Chrome,Windows,768,1366,2.9712666666666667,8
24,age,size,מאוורר,furniture,טרי,ענק,0.5,27,עברית,Yes,30,Female,Chrome,Windows,768,1366,2.9712666666666667,8
25,color,nationality,עגבניה,food,אדום,צרפתי,0.05,28,עברית,Yes,30,Female,Chrome,Windows,768,1366,2.9712666666666667,8
0,texture,size,עגבניה,food,קשה,קצר,0.75,3,עברית,Yes,24,Female,Chrome,Windows,1080,1920,4.4405,9
1,texture,shape,כיסא,furniture,קשה,עגול,0.78,4,עברית,Yes,24,Female,Chrome,Windows,1080,1920,4.4405,9
2,color,age,תפוח,food,חום,טרי,1.0,5,עברית,Yes,24,Female,Chrome,Windows,1080,1920,4.4405,9
3,shape,age,כיסא,furniture,מרובע,טרי,1.0,6,עברית,Yes,24,Female,Chrome,Windows,1080,1920,4.4405,9
4,size,shape,ספה,furniture,ענק,מרובע,0.0,7,עברית,Yes,24,Female,Chrome,Windows,1080,1920,4.4405,9
5,texture,nationality,גבינה,food,קשה,צרפתי,0.0,8,עברית,Yes,24,Female,Chrome,Windows,1080,1920,4.4405,9
6,quality,color,עגבניה,food,טוב,סגול,0.0,9,עברית,Yes,24,Female,Chrome,Windows,1080,1920,4.4405,9
7,nationality,shape,גזר,food,ספרדי,עגול,1.0,10,עברית,Yes,24,Female,Chrome,Windows,1080,1920,4.4405,9
8,size,nationality,בננה,food,גדול,צרפתי,0.0,11,עברית,Yes,24,Female,Chrome,Windows,1080,1920,4.4405,9
9,texture,color,כיסא,furniture,קשה,סגול,1.0,12,עברית,Yes,24,Female,Chrome,Windows,1080,1920,4.4405,9
10,color,nationality,ספה,furniture,אדום,צרפתי,0.0,13,עברית,Yes,24,Female,Chrome,Windows,1080,1920,4.4405,9
11,quality,nationality,גבינה,food,טוב,ספרדי,0.0,14,עברית,Yes,24,Female,Chrome,Windows,1080,1920,4.4405,9
12,color,shape,גזר,food,אדום,מרובע,0.0,15,עברית,Yes,24,Female,Chrome,Windows,1080,1920,4.4405,9
13,size,texture,בננה,food,קצר,חלק,0.0,16,עברית,Yes,24,Female,Chrome,Windows,1080,1920,4.4405,9
14,size,nationality,תפוח,food,גדול,אמריקני,0.0,17,עברית,Yes,24,Female,Chrome,Windows,1080,1920,4.4405,9
15,age,nationality,טלוויזיה,furniture,רקוב,אמריקני,0.06,18,עברית,Yes,24,Female,Chrome,Windows,1080,1920,4.4405,9
16,texture,nationality,גבינה,food,קשה,ספרדי,0.0,19,עברית,Yes,24,Female,Chrome,Windows,1080,1920,4.4405,9
17,quality,texture,מאוורר,furniture,גרוע,קשה,0.61,20,עברית,Yes,24,Female,Chrome,Windows,1080,1920,4.4405,9
18,quality,color,כיסא,furniture,גרוע,סגול,0.19,21,עברית,Yes,24,Female,Chrome,Windows,1080,1920,4.4405,9
19,quality,texture,תפוח,food,גרוע,רך,0.7,22,עברית,Yes,24,Female,Chrome,Windows,1080,1920,4.4405,9
20,size,nationality,גזר,food,גדול,ספרדי,0.0,23,עברית,Yes,24,Female,Chrome,Windows,1080,1920,4.4405,9
21,age,size,עגבניה,food,רקוב,גדול,0.75,24,עברית,Yes,24,Female,Chrome,Windows,1080,1920,4.4405,9
22,texture,color,גבינה,food,רך,סגול,0.29,25,עברית,Yes,24,Female,Chrome,Windows,1080,1920,4.4405,9
23,color,quality,מאוורר,furniture,אדום,גרוע,0.69,26,עברית,Yes,24,Female,Chrome,Windows,1080,1920,4.4405,9
24,size,quality,טלוויזיה,furniture,פצפון,טוב,0.23,27,עברית,Yes,24,Female,Chrome,Windows,1080,1920,4.4405,9
25,age,shape,שולחן,furniture,רקוב,מרובע,0.34,28,עברית,Yes,24,Female,Chrome,Windows,1080,1920,4.4405,9
0,nationality,quality,תפוח,food,ספרדי,טוב,0.85,3,עברית,Yes,24,Female,Firefox,Windows,900,1440,2.4495,10
1,color,age,תפוח,food,כחול,טרי,0.85,4,עברית,Yes,24,Female,Firefox,Windows,900,1440,2.4495,10
2,color,size,גזר,food,סגול,קטן,0.83,5,עברית,Yes,24,Female,Firefox,Windows,900,1440,2.4495,10
3,nationality,shape,טלוויזיה,furniture,אמריקני,מרובע,0.9,6,עברית,Yes,24,Female,Firefox,Windows,900,1440,2.4495,10
4,nationality,shape,כיסא,furniture,אמריקני,עגול,0.92,7,עברית,Yes,24,Female,Firefox,Windows,900,1440,2.4495,10
5,size,quality,גבינה,food,קצר,טוב,0.89,8,עברית,Yes,24,Female,Firefox,Windows,900,1440,2.4495,10
6,age,texture,כיסא,furniture,רקוב,רך,0.07,9,עברית,Yes,24,Female,Firefox,Windows,900,1440,2.4495,10
7,age,shape,גזר,food,חדש,מרובע,0.07,10,עברית,Yes,24,Female,Firefox,Windows,900,1440,2.4495,10
8,color,shape,בננה,food,חום,מרובע,0.88,11,עברית,Yes,24,Female,Firefox,Windows,900,1440,2.4495,10
9,texture,size,שולחן,furniture,קשה,פצפון,0.07,12,עברית,Yes,24,Female,Firefox,Windows,900,1440,2.4495,10
10,texture,color,בננה,food,קשה,כחול,0.14,13,עברית,Yes,24,Female,Firefox,Windows,900,1440,2.4495,10
11,shape,texture,שולחן,furniture,עגול,רך,0.06,14,עברית,Yes,24,Female,Firefox,Windows,900,1440,2.4495,10
12,shape,age,תפוח,food,מרובע,חדש,0.09,15,עברית,Yes,24,Female,Firefox,Windows,900,1440,2.4495,10
13,texture,color,בננה,food,רך,חום,0.91,16,עברית,Yes,24,Female,Firefox,Windows,900,1440,2.4495,10
14,shape,age,טלוויזיה,furniture,מרובע,רקוב,0.85,17,עברית,Yes,24,Female,Firefox,Windows,900,1440,2.4495,10
15,quality,texture,כיסא,furniture,גרוע,רך,0.13,18,עברית,Yes,24,Female,Firefox,Windows,900,1440,2.4495,10
16,age,color,טלוויזיה,furniture,חדש,סגול,0.09,19,עברית,Yes,24,Female,Firefox,Windows,900,1440,2.4495,10
17,color,age,בננה,food,כחול,טרי,0.89,20,עברית,Yes,24,Female,Firefox,Windows,900,1440,2.4495,10
18,quality,age,גבינה,food,גרוע,ישן,0.13,21,עברית,Yes,24,Female,Firefox,Windows,900,1440,2.4495,10
19,age,size,טלוויזיה,furniture,טרי,קצר,0.17,22,עברית,Yes,24,Female,Firefox,Windows,900,1440,2.4495,10
20,color,texture,כיסא,furniture,צהוב,חלק,0.92,23,עברית,Yes,24,Female,Firefox,Windows,900,1440,2.4495,10
21,color,size,כיסא,furniture,אדום,גדול,0.86,24,עברית,Yes,24,Female,Firefox,Windows,900,1440,2.4495,10
22,shape,age,גזר,food,עגול,ישן,0.8,25,עברית,Yes,24,Female,Firefox,Windows,900,1440,2.4495,10
23,size,texture,מאוורר,furniture,קצר,חלק,0.26,26,עברית,Yes,24,Female,Firefox,Windows,900,1440,2.4495,10
24,size,color,מאוורר,furniture,ענק,ירוק,0.25,27,עברית,Yes,24,Female,Firefox,Windows,900,1440,2.4495,10
25,age,shape,עגבניה,food,רקוב,עגול,0.26,28,עברית,Yes,24,Female,Firefox,Windows,900,1440,2.4495,10
0,color,size,ספה,furniture,סגול,קצר,0.27,3,עברית,Yes,25,Male,Chrome,Windows,864,1536,4.439883333333333,11
1,texture,color,טלוויזיה,furniture,קשה,צהוב,0.31,4,עברית,Yes,25,Male,Chrome,Windows,864,1536,4.439883333333333,11
2,age,nationality,טלוויזיה,furniture,טרי,ספרדי,0.22,5,עברית,Yes,25,Male,Chrome,Windows,864,1536,4.439883333333333,11
3,age,size,עגבניה,food,חדש,קטן,0.23,6,עברית,Yes,25,Male,Chrome,Windows,864,1536,4.439883333333333,11
4,quality,color,תפוח,food,גרוע,אדום,0.19,7,עברית,Yes,25,Male,Chrome,Windows,864,1536,4.439883333333333,11
5,age,size,שולחן,furniture,ישן,קטן,0.22,8,עברית,Yes,25,Male,Chrome,Windows,864,1536,4.439883333333333,11
6,age,size,שולחן,furniture,ישן,ארוך,0.18,9,עברית,Yes,25,Male,Chrome,Windows,864,1536,4.439883333333333,11
7,quality,color,מאוורר,furniture,טוב,אדום,0.24,10,עברית,Yes,25,Male,Chrome,Windows,864,1536,4.439883333333333,11
8,color,size,ספה,furniture,חום,פצפון,0.87,11,עברית,Yes,25,Male,Chrome,Windows,864,1536,4.439883333333333,11
9,nationality,size,ספה,furniture,צרפתי,פצפון,0.86,12,עברית,Yes,25,Male,Chrome,Windows,864,1536,4.439883333333333,11
10,age,shape,גזר,food,חדש,עגול,0.31,13,עברית,Yes,25,Male,Chrome,Windows,864,1536,4.439883333333333,11
11,size,texture,בננה,food,ענק,חלק,0.5,14,עברית,Yes,25,Male,Chrome,Windows,864,1536,4.439883333333333,11
12,size,color,טלוויזיה,furniture,קטן,אדום,0.0,15,עברית,Yes,25,Male,Chrome,Windows,864,1536,4.439883333333333,11
13,age,color,תפוח,food,טרי,אדום,0.0,16,עברית,Yes,25,Male,Chrome,Windows,864,1536,4.439883333333333,11
14,shape,nationality,בננה,food,מרובע,צרפתי,0.18,17,עברית,Yes,25,Male,Chrome,Windows,864,1536,4.439883333333333,11
15,size,color,טלוויזיה,furniture,קצר,חום,0.48,18,עברית,Yes,25,Male,Chrome,Windows,864,1536,4.439883333333333,11
16,quality,age,ספה,furniture,טוב,טרי,0.47,19,עברית,Yes,25,Male,Chrome,Windows,864,1536,4.439883333333333,11
17,color,texture,טלוויזיה,furniture,צהוב,קשה,0.24,20,עברית,Yes,25,Male,Chrome,Windows,864,1536,4.439883333333333,11
18,nationality,age,כיסא,furniture,צרפתי,חדש,0.82,21,עברית,Yes,25,Male,Chrome,Windows,864,1536,4.439883333333333,11
19,texture,quality,ספה,furniture,חלק,טוב,0.8,22,עברית,Yes,25,Male,Chrome,Windows,864,1536,4.439883333333333,11
20,age,shape,תפוח,food,חדש,מרובע,0.08,23,עברית,Yes,25,Male,Chrome,Windows,864,1536,4.439883333333333,11
21,nationality,quality,עגבניה,food,אמריקני,טוב,0.78,24,עברית,Yes,25,Male,Chrome,Windows,864,1536,4.439883333333333,11
22,size,texture,ספה,furniture,קטן,חלק,0.22,25,עברית,Yes,25,Male,Chrome,Windows,864,1536,4.439883333333333,11
23,color,texture,גבינה,food,סגול,קשה,0.85,26,עברית,Yes,25,Male,Chrome,Windows,864,1536,4.439883333333333,11
24,color,texture,תפוח,food,צהוב,חלק,0.87,27,עברית,Yes,25,Male,Chrome,Windows,864,1536,4.439883333333333,11
25,texture,quality,כיסא,furniture,חלק,טוב,0.48,28,עברית,Yes,25,Male,Chrome,Windows,864,1536,4.439883333333333,11
0,size,age,שולחן,furniture,גדול,רקוב,0.0,3,עברית,Yes,24,Female,Chrome,Windows,720,1280,467.50876666666665,12
1,nationality,texture,עגבניה,food,אמריקני,חלק,1.0,4,עברית,Yes,24,Female,Chrome,Windows,720,1280,467.50876666666665,12
2,texture,color,גזר,food,רך,אדום,0.02,5,עברית,Yes,24,Female,Chrome,Windows,720,1280,467.50876666666665,12
3,nationality,color,טלוויזיה,furniture,צרפתי,סגול,1.0,6,עברית,Yes,24,Female,Chrome,Windows,720,1280,467.50876666666665,12
4,size,color,מאוורר,furniture,קטן,סגול,0.0,7,עברית,Yes,24,Female,Chrome,Windows,720,1280,467.50876666666665,12
5,quality,size,גבינה,food,טוב,קצר,1.0,8,עברית,Yes,24,Female,Chrome,Windows,720,1280,467.50876666666665,12
6,texture,nationality,גזר,food,קשה,צרפתי,0.0,9,עברית,Yes,24,Female,Chrome,Windows,720,1280,467.50876666666665,12
7,size,quality,מאוורר,furniture,פצפון,גרוע,1.0,10,עברית,Yes,24,Female,Chrome,Windows,720,1280,467.50876666666665,12
8,texture,color,ספה,furniture,חלק,סגול,0.0,11,עברית,Yes,24,Female,Chrome,Windows,720,1280,467.50876666666665,12
9,shape,size,גבינה,food,עגול,גדול,1.0,12,עברית,Yes,24,Female,Chrome,Windows,720,1280,467.50876666666665,12
10,texture,color,גזר,food,קשה,סגול,0.0,13,עברית,Yes,24,Female,Chrome,Windows,720,1280,467.50876666666665,12
11,shape,quality,בננה,food,מרובע,גרוע,1.0,14,עברית,Yes,24,Female,Chrome,Windows,720,1280,467.50876666666665,12
12,texture,color,מאוורר,furniture,רך,סגול,0.0,15,עברית,Yes,24,Female,Chrome,Windows,720,1280,467.50876666666665,12
13,quality,texture,טלוויזיה,furniture,גרוע,חלק,0.0,16,עברית,Yes,24,Female,Chrome,Windows,720,1280,467.50876666666665,12
14,quality,shape,מאוורר,furniture,גרוע,עגול,0.0,17,עברית,Yes,24,Female,Chrome,Windows,720,1280,467.50876666666665,12
15,color,size,עגבניה,food,כחול,קצר,1.0,18,עברית,Yes,24,Female,Chrome,Windows,720,1280,467.50876666666665,12
16,texture,size,כיסא,furniture,קשה,קטן,1.0,19,עברית,Yes,24,Female,Chrome,Windows,720,1280,467.50876666666665,12
17,color,age,בננה,food,ירוק,חדש,1.0,20,עברית,Yes,24,Female,Chrome,Windows,720,1280,467.50876666666665,12
18,size,color,בננה,food,ארוך,כחול,1.0,21,עברית,Yes,24,Female,Chrome,Windows,720,1280,467.50876666666665,12
19,color,size,טלוויזיה,furniture,צהוב,קצר,1.0,22,עברית,Yes,24,Female,Chrome,Windows,720,1280,467.50876666666665,12
20,shape,size,עגבניה,food,מרובע,ארוך,1.0,23,עברית,Yes,24,Female,Chrome,Windows,720,1280,467.50876666666665,12
21,age,nationality,גבינה,food,רקוב,אמריקני,1.0,24,עברית,Yes,24,Female,Chrome,Windows,720,1280,467.50876666666665,12
22,size,color,גזר,food,ארוך,ירוק,1.0,25,עברית,Yes,24,Female,Chrome,Windows,720,1280,467.50876666666665,12
23,age,nationality,כיסא,furniture,טרי,צרפתי,1.0,26,עברית,Yes,24,Female,Chrome,Windows,720,1280,467.50876666666665,12
24,texture,size,תפוח,food,קשה,ארוך,1.0,27,עברית,Yes,24,Female,Chrome,Windows,720,1280,467.50876666666665,12
25,age,size,מאוורר,furniture,טרי,פצפון,1.0,28,עברית,Yes,24,Female,Chrome,Windows,720,1280,467.50876666666665,12
0,age,color,כיסא,furniture,ישן,אדום,0.09,3,עברית,Yes,25,Female,Chrome,Linux,640,360,5.625283333333333,13
1,size,shape,גבינה,food,קצר,מרובע,0.03,4,עברית,Yes,25,Female,Chrome,Linux,640,360,5.625283333333333,13
2,age,size,גבינה,food,טרי,ארוך,0.96,5,עברית,Yes,25,Female,Chrome,Linux,640,360,5.625283333333333,13
3,age,size,ספה,furniture,רקוב,גדול,0.04,6,עברית,Yes,25,Female,Chrome,Linux,640,360,5.625283333333333,13
4,color,quality,ספה,furniture,ירוק,טוב,0.93,7,עברית,Yes,25,Female,Chrome,Linux,640,360,5.625283333333333,13
5,nationality,size,שולחן,furniture,צרפתי,ענק,0.98,8,עברית,Yes,25,Female,Chrome,Linux,640,360,5.625283333333333,13
6,color,size,גזר,food,צהוב,ארוך,0.98,9,עברית,Yes,25,Female,Chrome,Linux,640,360,5.625283333333333,13
7,shape,color,גבינה,food,מרובע,כחול,0.98,10,עברית,Yes,25,Female,Chrome,Linux,640,360,5.625283333333333,13
8,age,color,ספה,furniture,טרי,סגול,0.06,11,עברית,Yes,25,Female,Chrome,Linux,640,360,5.625283333333333,13
9,color,size,תפוח,food,צהוב,גדול,0.97,12,עברית,Yes,25,Female,Chrome,Linux,640,360,5.625283333333333,13
10,age,size,שולחן,furniture,טרי,ארוך,0.94,13,עברית,Yes,25,Female,Chrome,Linux,640,360,5.625283333333333,13
11,size,texture,עגבניה,food,ארוך,חלק,0.96,14,עברית,Yes,25,Female,Chrome,Linux,640,360,5.625283333333333,13
12,shape,size,גזר,food,עגול,קצר,0.93,15,עברית,Yes,25,Female,Chrome,Linux,640,360,5.625283333333333,13
13,shape,color,גזר,food,מרובע,ירוק,0.1,16,עברית,Yes,25,Female,Chrome,Linux,640,360,5.625283333333333,13
14,size,nationality,טלוויזיה,furniture,ענק,אמריקני,0.98,17,עברית,Yes,25,Female,Chrome,Linux,640,360,5.625283333333333,13
15,color,size,בננה,food,חום,קצר,0.98,18,עברית,Yes,25,Female,Chrome,Linux,640,360,5.625283333333333,13
16,age,color,תפוח,food,חדש,כחול,0.08,19,עברית,Yes,25,Female,Chrome,Linux,640,360,5.625283333333333,13
17,size,color,בננה,food,קצר,חום,0.96,20,עברית,Yes,25,Female,Chrome,Linux,640,360,5.625283333333333,13
18,shape,nationality,כיסא,furniture,מרובע,ספרדי,0.01,21,עברית,Yes,25,Female,Chrome,Linux,640,360,5.625283333333333,13
19,size,shape,בננה,food,ארוך,מרובע,0.05,22,עברית,Yes,25,Female,Chrome,Linux,640,360,5.625283333333333,13
20,color,size,מאוורר,furniture,חום,ארוך,0.16,23,עברית,Yes,25,Female,Chrome,Linux,640,360,5.625283333333333,13
21,size,quality,תפוח,food,גדול,גרוע,0.92,24,עברית,Yes,25,Female,Chrome,Linux,640,360,5.625283333333333,13
22,nationality,size,טלוויזיה,furniture,אמריקני,פצפון,0.9,25,עברית,Yes,25,Female,Chrome,Linux,640,360,5.625283333333333,13
23,texture,shape,שולחן,furniture,קשה,עגול,0.12,26,עברית,Yes,25,Female,Chrome,Linux,640,360,5.625283333333333,13
24,age,quality,ספה,furniture,ישן,טוב,0.94,27,עברית,Yes,25,Female,Chrome,Linux,640,360,5.625283333333333,13
25,texture,quality,כיסא,furniture,קשה,גרוע,0.89,28,עברית,Yes,25,Female,Chrome,Linux,640,360,5.625283333333333,13
0,texture,color,שולחן,furniture,רך,חום,0.34,3,רוסית,Yes,18,Male,Chrome,Windows,768,1366,2.9942333333333333,14
1,size,color,גזר,food,קצר,כחול,0.21,4,רוסית,Yes,18,Male,Chrome,Windows,768,1366,2.9942333333333333,14
2,color,shape,טלוויזיה,furniture,כחול,עגול,0.85,5,רוסית,Yes,18,Male,Chrome,Windows,768,1366,2.9942333333333333,14
3,nationality,quality,עגבניה,food,צרפתי,גרוע,0.89,6,רוסית,Yes,18,Male,Chrome,Windows,768,1366,2.9942333333333333,14
4,size,color,טלוויזיה,furniture,ארוך,סגול,0.84,7,רוסית,Yes,18,Male,Chrome,Windows,768,1366,2.9942333333333333,14
5,size,color,טלוויזיה,furniture,קטן,ירוק,0.87,8,רוסית,Yes,18,Male,Chrome,Windows,768,1366,2.9942333333333333,14
6,color,quality,גבינה,food,אדום,גרוע,0.9,9,רוסית,Yes,18,Male,Chrome,Windows,768,1366,2.9942333333333333,14
7,age,nationality,בננה,food,ישן,ספרדי,0.09,10,רוסית,Yes,18,Male,Chrome,Windows,768,1366,2.9942333333333333,14
8,texture,age,גבינה,food,קשה,ישן,0.09,11,רוסית,Yes,18,Male,Chrome,Windows,768,1366,2.9942333333333333,14
9,color,shape,ספה,furniture,סגול,עגול,0.19,12,רוסית,Yes,18,Male,Chrome,Windows,768,1366,2.9942333333333333,14
10,shape,size,ספה,furniture,עגול,קטן,0.1,13,רוסית,Yes,18,Male,Chrome,Windows,768,1366,2.9942333333333333,14
11,size,shape,טלוויזיה,furniture,קטן,עגול,0.8,14,רוסית,Yes,18,Male,Chrome,Windows,768,1366,2.9942333333333333,14
12,quality,color,טלוויזיה,furniture,גרוע,ירוק,0.86,15,רוסית,Yes,18,Male,Chrome,Windows,768,1366,2.9942333333333333,14
13,quality,texture,כיסא,furniture,טוב,חלק,0.81,16,רוסית,Yes,18,Male,Chrome,Windows,768,1366,2.9942333333333333,14
14,nationality,age,ספה,furniture,ספרדי,ישן,0.85,17,רוסית,Yes,18,Male,Chrome,Windows,768,1366,2.9942333333333333,14
15,texture,size,שולחן,furniture,רך,גדול,0.14,18,רוסית,Yes,18,Male,Chrome,Windows,768,1366,2.9942333333333333,14
16,quality,age,כיסא,furniture,גרוע,טרי,0.28,19,רוסית,Yes,18,Male,Chrome,Windows,768,1366,2.9942333333333333,14
17,nationality,shape,כיסא,furniture,צרפתי,מרובע,0.85,20,רוסית,Yes,18,Male,Chrome,Windows,768,1366,2.9942333333333333,14
18,quality,age,טלוויזיה,furniture,גרוע,רקוב,0.87,21,רוסית,Yes,18,Male,Chrome,Windows,768,1366,2.9942333333333333,14
19,size,quality,גזר,food,ענק,טוב,0.86,22,רוסית,Yes,18,Male,Chrome,Windows,768,1366,2.9942333333333333,14
20,shape,texture,תפוח,food,מרובע,קשה,0.85,23,רוסית,Yes,18,Male,Chrome,Windows,768,1366,2.9942333333333333,14
21,color,age,טלוויזיה,furniture,סגול,חדש,0.83,24,רוסית,Yes,18,Male,Chrome,Windows,768,1366,2.9942333333333333,14
22,color,nationality,שולחן,furniture,חום,צרפתי,0.73,25,רוסית,Yes,18,Male,Chrome,Windows,768,1366,2.9942333333333333,14
23,texture,size,מאוורר,furniture,חלק,ענק,0.84,26,רוסית,Yes,18,Male,Chrome,Windows,768,1366,2.9942333333333333,14
24,color,shape,מאוורר,furniture,כחול,מרובע,0.07,27,רוסית,Yes,18,Male,Chrome,Windows,768,1366,2.9942333333333333,14
25,shape,color,מאוורר,furniture,מרובע,סגול,0.92,28,רוסית,Yes,18,Male,Chrome,Windows,768,1366,2.9942333333333333,14
0,color,age,בננה,food,אדום,טרי,0.93,3,עברית,Yes,41,Female,Chrome,Linux,569,320,3.8296333333333332,15
1,size,quality,מאוורר,furniture,ענק,טוב,0.94,4,עברית,Yes,41,Female,Chrome,Linux,569,320,3.8296333333333332,15
2,color,age,בננה,food,אדום,ישן,0.04,5,עברית,Yes,41,Female,Chrome,Linux,569,320,3.8296333333333332,15
3,age,size,עגבניה,food,רקוב,גדול,0.12,6,עברית,Yes,41,Female,Chrome,Linux,569,320,3.8296333333333332,15
4,color,age,גבינה,food,סגול,טרי,0.96,7,עברית,Yes,41,Female,Chrome,Linux,569,320,3.8296333333333332,15
5,size,color,שולחן,furniture,קטן,צהוב,0.95,8,עברית,Yes,41,Female,Chrome,Linux,569,320,3.8296333333333332,15
6,size,age,תפוח,food,קטן,חדש,0.91,9,עברית,Yes,41,Female,Chrome,Linux,569,320,3.8296333333333332,15
7,nationality,texture,מאוורר,furniture,אמריקני,קשה,0.94,10,עברית,Yes,41,Female,Chrome,Linux,569,320,3.8296333333333332,15
8,age,color,מאוורר,furniture,חדש,אדום,0.91,11,עברית,Yes,41,Female,Chrome,Linux,569,320,3.8296333333333332,15
9,quality,color,ספה,furniture,טוב,ירוק,0.03,12,עברית,Yes,41,Female,Chrome,Linux,569,320,3.8296333333333332,15
10,nationality,texture,גזר,food,ספרדי,חלק,0.14,13,עברית,Yes,41,Female,Chrome,Linux,569,320,3.8296333333333332,15
11,size,nationality,עגבניה,food,ארוך,אמריקני,0.95,14,עברית,Yes,41,Female,Chrome,Linux,569,320,3.8296333333333332,15
12,color,size,מאוורר,furniture,צהוב,גדול,0.08,15,עברית,Yes,41,Female,Chrome,Linux,569,320,3.8296333333333332,15
13,shape,color,גזר,food,מרובע,צהוב,0.2,16,עברית,Yes,41,Female,Chrome,Linux,569,320,3.8296333333333332,15
14,size,nationality,תפוח,food,קצר,צרפתי,0.12,17,עברית,Yes,41,Female,Chrome,Linux,569,320,3.8296333333333332,15
15,nationality,age,מאוורר,furniture,אמריקני,רקוב,0.14,18,עברית,Yes,41,Female,Chrome,Linux,569,320,3.8296333333333332,15
16,quality,color,בננה,food,גרוע,ירוק,0.12,19,עברית,Yes,41,Female,Chrome,Linux,569,320,3.8296333333333332,15
17,color,quality,כיסא,furniture,אדום,טוב,0.12,20,עברית,Yes,41,Female,Chrome,Linux,569,320,3.8296333333333332,15
18,color,texture,טלוויזיה,furniture,כחול,רך,0.93,21,עברית,Yes,41,Female,Chrome,Linux,569,320,3.8296333333333332,15
19,color,size,שולחן,furniture,ירוק,גדול,0.13,22,עברית,Yes,41,Female,Chrome,Linux,569,320,3.8296333333333332,15
20,nationality,shape,כיסא,furniture,ספרדי,עגול,0.97,23,עברית,Yes,41,Female,Chrome,Linux,569,320,3.8296333333333332,15
21,texture,age,תפוח,food,חלק,ישן,0.96,24,עברית,Yes,41,Female,Chrome,Linux,569,320,3.8296333333333332,15
22,age,size,טלוויזיה,furniture,חדש,פצפון,0.02,25,עברית,Yes,41,Female,Chrome,Linux,569,320,3.8296333333333332,15
23,quality,shape,כיסא,furniture,טוב,עגול,0.07,26,עברית,Yes,41,Female,Chrome,Linux,569,320,3.8296333333333332,15
24,age,size,גזר,food,ישן,קצר,0.95,27,עברית,Yes,41,Female,Chrome,Linux,569,320,3.8296333333333332,15
25,texture,size,שולחן,furniture,רך,גדול,0.13,28,עברית,Yes,41,Female,Chrome,Linux,569,320,3.8296333333333332,15
0,texture,size,עגבניה,food,חלק,ענק,0.17,3,עברית,Yes,21,Female,Chrome,Windows,720,1280,25.276133333333334,16
1,size,color,מאוורר,furniture,קצר,צהוב,0.23,4,עברית,Yes,21,Female,Chrome,Windows,720,1280,25.276133333333334,16
2,shape,color,גבינה,food,מרובע,כחול,0.87,5,עברית,Yes,21,Female,Chrome,Windows,720,1280,25.276133333333334,16
3,size,nationality,ספה,furniture,קצר,ספרדי,0.18,6,עברית,Yes,21,Female,Chrome,Windows,720,1280,25.276133333333334,16
4,texture,age,גזר,food,קשה,טרי,0.14,7,עברית,Yes,21,Female,Chrome,Windows,720,1280,25.276133333333334,16
5,texture,color,טלוויזיה,furniture,חלק,כחול,0.16,8,עברית,Yes,21,Female,Chrome,Windows,720,1280,25.276133333333334,16
6,nationality,size,גזר,food,צרפתי,פצפון,0.08,9,עברית,Yes,21,Female,Chrome,Windows,720,1280,25.276133333333334,16
7,quality,nationality,טלוויזיה,furniture,טוב,אמריקני,0.14,10,עברית,Yes,21,Female,Chrome,Windows,720,1280,25.276133333333334,16
8,size,texture,שולחן,furniture,ארוך,חלק,0.9,11,עברית,Yes,21,Female,Chrome,Windows,720,1280,25.276133333333334,16
9,texture,nationality,מאוורר,furniture,קשה,ספרדי,0.07,12,עברית,Yes,21,Female,Chrome,Windows,720,1280,25.276133333333334,16
10,age,size,גזר,food,חדש,גדול,0.11,13,עברית,Yes,21,Female,Chrome,Windows,720,1280,25.276133333333334,16
11,size,color,ספה,furniture,ענק,צהוב,0.13,14,עברית,Yes,21,Female,Chrome,Windows,720,1280,25.276133333333334,16
12,color,texture,עגבניה,food,סגול,חלק,0.94,15,עברית,Yes,21,Female,Chrome,Windows,720,1280,25.276133333333334,16
13,size,color,תפוח,food,קטן,צהוב,0.08,16,עברית,Yes,21,Female,Chrome,Windows,720,1280,25.276133333333334,16
14,size,color,תפוח,food,קטן,חום,0.09,17,עברית,Yes,21,Female,Chrome,Windows,720,1280,25.276133333333334,16
15,age,color,בננה,food,רקוב,אדום,0.1,18,עברית,Yes,21,Female,Chrome,Windows,720,1280,25.276133333333334,16
16,age,size,מאוורר,furniture,טרי,ענק,0.88,19,עברית,Yes,21,Female,Chrome,Windows,720,1280,25.276133333333334,16
17,color,texture,מאוורר,furniture,חום,חלק,0.86,20,עברית,Yes,21,Female,Chrome,Windows,720,1280,25.276133333333334,16
18,age,size,ספה,furniture,רקוב,ענק,0.07,21,עברית,Yes,21,Female,Chrome,Windows,720,1280,25.276133333333334,16
19,nationality,age,שולחן,furniture,צרפתי,טרי,0.97,22,עברית,Yes,21,Female,Chrome,Windows,720,1280,25.276133333333334,16
20,quality,color,עגבניה,food,גרוע,ירוק,0.11,23,עברית,Yes,21,Female,Chrome,Windows,720,1280,25.276133333333334,16
21,quality,color,טלוויזיה,furniture,גרוע,צהוב,0.1,24,עברית,Yes,21,Female,Chrome,Windows,720,1280,25.276133333333334,16
22,quality,color,גבינה,food,גרוע,כחול,0.03,25,עברית,Yes,21,Female,Chrome,Windows,720,1280,25.276133333333334,16
23,size,nationality,עגבניה,food,ענק,אמריקני,0.13,26,עברית,Yes,21,Female,Chrome,Windows,720,1280,25.276133333333334,16
24,size,color,טלוויזיה,furniture,קצר,חום,0.13,27,עברית,Yes,21,Female,Chrome,Windows,720,1280,25.276133333333334,16
25,color,texture,בננה,food,סגול,קשה,0.89,28,עברית,Yes,21,Female,Chrome,Windows,720,1280,25.276133333333334,16
0,color,quality,שולחן,furniture,ירוק,טוב,0.8,3,עברית,Yes,22,Female,Chrome,Windows,720,1280,24.4302,17
1,texture,size,בננה,food,חלק,ארוך,0.13,4,עברית,Yes,22,Female,Chrome,Windows,720,1280,24.4302,17
2,nationality,age,כיסא,furniture,ספרדי,טרי,0.16,5,עברית,Yes,22,Female,Chrome,Windows,720,1280,24.4302,17
3,age,texture,ספה,furniture,ישן,חלק,0.79,6,עברית,Yes,22,Female,Chrome,Windows,720,1280,24.4302,17
4,texture,shape,גבינה,food,חלק,עגול,0.16,7,עברית,Yes,22,Female,Chrome,Windows,720,1280,24.4302,17
5,nationality,size,מאוורר,furniture,ספרדי,גדול,0.89,8,עברית,Yes,22,Female,Chrome,Windows,720,1280,24.4302,17
6,size,age,גבינה,food,ארוך,חדש,0.18,9,עברית,Yes,22,Female,Chrome,Windows,720,1280,24.4302,17
7,size,color,גבינה,food,ארוך,חום,0.22,10,עברית,Yes,22,Female,Chrome,Windows,720,1280,24.4302,17
8,color,texture,מאוורר,furniture,אדום,קשה,0.8,11,עברית,Yes,22,Female,Chrome,Windows,720,1280,24.4302,17
9,nationality,size,בננה,food,אמריקני,גדול,0.78,12,עברית,Yes,22,Female,Chrome,Windows,720,1280,24.4302,17
10,texture,size,טלוויזיה,furniture,חלק,קטן,0.15,13,עברית,Yes,22,Female,Chrome,Windows,720,1280,24.4302,17
11,color,texture,תפוח,food,חום,קשה,0.79,14,עברית,Yes,22,Female,Chrome,Windows,720,1280,24.4302,17
12,color,age,תפוח,food,חום,ישן,0.9,15,עברית,Yes,22,Female,Chrome,Windows,720,1280,24.4302,17
13,size,age,כיסא,furniture,פצפון,טרי,0.11,16,עברית,Yes,22,Female,Chrome,Windows,720,1280,24.4302,17
14,size,age,ספה,furniture,קטן,חדש,0.8,17,עברית,Yes,22,Female,Chrome,Windows,720,1280,24.4302,17
15,nationality,texture,בננה,food,אמריקני,קשה,0.84,18,עברית,Yes,22,Female,Chrome,Windows,720,1280,24.4302,17
16,color,quality,ספה,furniture,סגול,טוב,0.24,19,עברית,Yes,22,Female,Chrome,Windows,720,1280,24.4302,17
17,shape,nationality,עגבניה,food,עגול,אמריקני,0.18,20,עברית,Yes,22,Female,Chrome,Windows,720,1280,24.4302,17
18,age,size,מאוורר,furniture,טרי,קטן,0.11,21,עברית,Yes,22,Female,Chrome,Windows,720,1280,24.4302,17
19,nationality,texture,בננה,food,אמריקני,קשה,0.85,22,עברית,Yes,22,Female,Chrome,Windows,720,1280,24.4302,17
20,size,shape,מאוורר,furniture,קצר,מרובע,0.14,23,עברית,Yes,22,Female,Chrome,Windows,720,1280,24.4302,17
21,shape,quality,כיסא,furniture,מרובע,גרוע,0.16,24,עברית,Yes,22,Female,Chrome,Windows,720,1280,24.4302,17
22,nationality,size,תפוח,food,צרפתי,גדול,0.78,25,עברית,Yes,22,Female,Chrome,Windows,720,1280,24.4302,17
23,color,quality,כיסא,furniture,צהוב,גרוע,0.87,26,עברית,Yes,22,Female,Chrome,Windows,720,1280,24.4302,17
24,quality,shape,טלוויזיה,furniture,טוב,מרובע,0.2,27,עברית,Yes,22,Female,Chrome,Windows,720,1280,24.4302,17
25,age,quality,גבינה,food,רקוב,גרוע,0.88,28,עברית,Yes,22,Female,Chrome,Windows,720,1280,24.4302,17
0,size,texture,עגבניה,food,קצר,רך,0.27,3,עברית,Yes,21,Male,Chrome,Windows,720,1280,24.626733333333334,18
1,quality,age,בננה,food,טוב,חדש,0.15,4,עברית,Yes,21,Male,Chrome,Windows,720,1280,24.626733333333334,18
2,size,color,טלוויזיה,furniture,פצפון,צהוב,0.86,5,עברית,Yes,21,Male,Chrome,Windows,720,1280,24.626733333333334,18
3,quality,color,תפוח,food,גרוע,סגול,0.19,6,עברית,Yes,21,Male,Chrome,Windows,720,1280,24.626733333333334,18
4,texture,age,בננה,food,קשה,טרי,0.16,7,עברית,Yes,21,Male,Chrome,Windows,720,1280,24.626733333333334,18
5,age,size,תפוח,food,ישן,קטן,0.57,8,עברית,Yes,21,Male,Chrome,Windows,720,1280,24.626733333333334,18
6,color,quality,תפוח,food,אדום,טוב,0.68,9,עברית,Yes,21,Male,Chrome,Windows,720,1280,24.626733333333334,18
7,nationality,quality,כיסא,furniture,צרפתי,טוב,0.71,10,עברית,Yes,21,Male,Chrome,Windows,720,1280,24.626733333333334,18
8,color,age,ספה,furniture,צהוב,רקוב,0.84,11,עברית,Yes,21,Male,Chrome,Windows,720,1280,24.626733333333334,18
9,color,quality,מאוורר,furniture,סגול,גרוע,0.86,12,עברית,Yes,21,Male,Chrome,Windows,720,1280,24.626733333333334,18
10,age,size,טלוויזיה,furniture,ישן,קטן,0.24,13,עברית,Yes,21,Male,Chrome,Windows,720,1280,24.626733333333334,18
11,size,quality,טלוויזיה,furniture,ארוך,גרוע,0.87,14,עברית,Yes,21,Male,Chrome,Windows,720,1280,24.626733333333334,18
12,size,color,גבינה,food,גדול,צהוב,0.86,15,עברית,Yes,21,Male,Chrome,Windows,720,1280,24.626733333333334,18
13,quality,color,בננה,food,טוב,חום,0.09,16,עברית,Yes,21,Male,Chrome,Windows,720,1280,24.626733333333334,18
14,color,texture,תפוח,food,ירוק,חלק,0.86,17,עברית,Yes,21,Male,Chrome,Windows,720,1280,24.626733333333334,18
15,texture,size,גבינה,food,חלק,פצפון,0.12,18,עברית,Yes,21,Male,Chrome,Windows,720,1280,24.626733333333334,18
16,color,texture,גבינה,food,חום,קשה,0.15,19,עברית,Yes,21,Male,Chrome,Windows,720,1280,24.626733333333334,18
17,age,size,מאוורר,furniture,רקוב,קטן,0.26,20,עברית,Yes,21,Male,Chrome,Windows,720,1280,24.626733333333334,18
18,color,nationality,גזר,food,צהוב,צרפתי,0.16,21,עברית,Yes,21,Male,Chrome,Windows,720,1280,24.626733333333334,18
19,age,quality,גבינה,food,חדש,גרוע,0.81,22,עברית,Yes,21,Male,Chrome,Windows,720,1280,24.626733333333334,18
20,shape,nationality,ספה,furniture,מרובע,ספרדי,0.16,23,עברית,Yes,21,Male,Chrome,Windows,720,1280,24.626733333333334,18
21,quality,age,כיסא,furniture,גרוע,טרי,0.1,24,עברית,Yes,21,Male,Chrome,Windows,720,1280,24.626733333333334,18
22,size,nationality,בננה,food,קטן,אמריקני,0.17,25,עברית,Yes,21,Male,Chrome,Windows,720,1280,24.626733333333334,18
23,shape,quality,גזר,food,מרובע,גרוע,0.9,26,עברית,Yes,21,Male,Chrome,Windows,720,1280,24.626733333333334,18
24,color,age,מאוורר,furniture,חום,חדש,0.86,27,עברית,Yes,21,Male,Chrome,Windows,720,1280,24.626733333333334,18
25,color,age,תפוח,food,צהוב,טרי,0.9,28,עברית,Yes,21,Male,Chrome,Windows,720,1280,24.626733333333334,18
0,size,nationality,שולחן,furniture,קטן,אמריקני,0.23,3,עברית,Yes,24,Male,Chrome,Windows,720,1280,38.4496,19
1,size,texture,עגבניה,food,קצר,קשה,0.63,4,עברית,Yes,24,Male,Chrome,Windows,720,1280,38.4496,19
2,quality,shape,בננה,food,טוב,מרובע,0.13,5,עברית,Yes,24,Male,Chrome,Windows,720,1280,38.4496,19
3,size,color,בננה,food,קטן,חום,0.13,6,עברית,Yes,24,Male,Chrome,Windows,720,1280,38.4496,19
4,quality,size,ספה,furniture,טוב,פצפון,0.83,7,עברית,Yes,24,Male,Chrome,Windows,720,1280,38.4496,19
5,quality,size,טלוויזיה,furniture,טוב,פצפון,0.23,8,עברית,Yes,24,Male,Chrome,Windows,720,1280,38.4496,19
6,age,size,עגבניה,food,טרי,גדול,0.16,9,עברית,Yes,24,Male,Chrome,Windows,720,1280,38.4496,19
7,age,quality,גבינה,food,חדש,טוב,0.29,10,עברית,Yes,24,Male,Chrome,Windows,720,1280,38.4496,19
8,texture,size,שולחן,furniture,קשה,ענק,0.29,11,עברית,Yes,24,Male,Chrome,Windows,720,1280,38.4496,19
9,nationality,color,עגבניה,food,ספרדי,חום,0.61,12,עברית,Yes,24,Male,Chrome,Windows,720,1280,38.4496,19
10,age,quality,מאוורר,furniture,רקוב,טוב,0.6,13,עברית,Yes,24,Male,Chrome,Windows,720,1280,38.4496,19
11,age,color,כיסא,furniture,חדש,צהוב,0.72,14,עברית,Yes,24,Male,Chrome,Windows,720,1280,38.4496,19
12,texture,size,בננה,food,חלק,גדול,0.72,15,עברית,Yes,24,Male,Chrome,Windows,720,1280,38.4496,19
13,age,color,עגבניה,food,חדש,סגול,0.24,16,עברית,Yes,24,Male,Chrome,Windows,720,1280,38.4496,19
14,size,age,כיסא,furniture,ענק,רקוב,0.2,17,עברית,Yes,24,Male,Chrome,Windows,720,1280,38.4496,19
15,texture,size,עגבניה,food,קשה,גדול,0.69,18,עברית,Yes,24,Male,Chrome,Windows,720,1280,38.4496,19
16,age,quality,טלוויזיה,furniture,רקוב,טוב,0.51,19,עברית,Yes,24,Male,Chrome,Windows,720,1280,38.4496,19
17,color,size,כיסא,furniture,ירוק,קצר,0.2,20,עברית,Yes,24,Male,Chrome,Windows,720,1280,38.4496,19
18,color,texture,שולחן,furniture,כחול,קשה,0.8,21,עברית,Yes,24,Male,Chrome,Windows,720,1280,38.4496,19
19,color,age,בננה,food,צהוב,טרי,0.79,22,עברית,Yes,24,Male,Chrome,Windows,720,1280,38.4496,19
20,nationality,age,גזר,food,אמריקני,טרי,0.83,23,עברית,Yes,24,Male,Chrome,Windows,720,1280,38.4496,19
21,color,size,עגבניה,food,חום,גדול,0.64,24,עברית,Yes,24,Male,Chrome,Windows,720,1280,38.4496,19
22,nationality,size,תפוח,food,אמריקני,גדול,0.8,25,עברית,Yes,24,Male,Chrome,Windows,720,1280,38.4496,19
23,nationality,shape,מאוורר,furniture,צרפתי,מרובע,0.29,26,עברית,Yes,24,Male,Chrome,Windows,720,1280,38.4496,19
24,texture,color,שולחן,furniture,חלק,סגול,0.23,27,עברית,Yes,24,Male,Chrome,Windows,720,1280,38.4496,19
25,color,nationality,מאוורר,furniture,אדום,צרפתי,0.22,28,עברית,Yes,24,Male,Chrome,Windows,720,1280,38.4496,19
0,quality,shape,תפוח,food,גרוע,עגול,0.62,3,עברית,Yes,25,Female,Chrome,Windows,720,1280,116.13836666666667,20
1,texture,shape,מאוורר,furniture,קשה,מרובע,0.21,4,עברית,Yes,25,Female,Chrome,Windows,720,1280,116.13836666666667,20
2,texture,age,בננה,food,רך,רקוב,0.71,5,עברית,Yes,25,Female,Chrome,Windows,720,1280,116.13836666666667,20
3,quality,nationality,בננה,food,גרוע,ספרדי,0.17,6,עברית,Yes,25,Female,Chrome,Windows,720,1280,116.13836666666667,20
4,size,nationality,גזר,food,קצר,ספרדי,0.16,7,עברית,Yes,25,Female,Chrome,Windows,720,1280,116.13836666666667,20
5,quality,texture,שולחן,furniture,גרוע,חלק,0.2,8,עברית,Yes,25,Female,Chrome,Windows,720,1280,116.13836666666667,20
6,texture,age,בננה,food,קשה,רקוב,0.58,9,עברית,Yes,25,Female,Chrome,Windows,720,1280,116.13836666666667,20
7,quality,shape,גבינה,food,גרוע,מרובע,0.31,10,עברית,Yes,25,Female,Chrome,Windows,720,1280,116.13836666666667,20
8,color,texture,גזר,food,צהוב,קשה,0.85,11,עברית,Yes,25,Female,Chrome,Windows,720,1280,116.13836666666667,20
9,nationality,color,שולחן,furniture,ספרדי,חום,0.69,12,עברית,Yes,25,Female,Chrome,Windows,720,1280,116.13836666666667,20
10,color,quality,ספה,furniture,חום,טוב,0.73,13,עברית,Yes,25,Female,Chrome,Windows,720,1280,116.13836666666667,20
11,texture,quality,מאוורר,furniture,קשה,טוב,0.81,14,עברית,Yes,25,Female,Chrome,Windows,720,1280,116.13836666666667,20
12,age,quality,שולחן,furniture,ישן,גרוע,0.63,15,עברית,Yes,25,Female,Chrome,Windows,720,1280,116.13836666666667,20
13,size,age,טלוויזיה,furniture,קטן,ישן,0.77,16,עברית,Yes,25,Female,Chrome,Windows,720,1280,116.13836666666667,20
14,quality,color,כיסא,furniture,גרוע,אדום,0.19,17,עברית,Yes,25,Female,Chrome,Windows,720,1280,116.13836666666667,20
15,shape,age,שולחן,furniture,מרובע,ישן,0.81,18,עברית,Yes,25,Female,Chrome,Windows,720,1280,116.13836666666667,20
16,age,size,גבינה,food,טרי,קטן,0.28,19,עברית,Yes,25,Female,Chrome,Windows,720,1280,116.13836666666667,20
17,nationality,shape,בננה,food,צרפתי,מרובע,0.72,20,עברית,Yes,25,Female,Chrome,Windows,720,1280,116.13836666666667,20
18,age,nationality,עגבניה,food,רקוב,צרפתי,0.22,21,עברית,Yes,25,Female,Chrome,Windows,720,1280,116.13836666666667,20
19,quality,color,טלוויזיה,furniture,טוב,כחול,0.23,22,עברית,Yes,25,Female,Chrome,Windows,720,1280,116.13836666666667,20
20,color,nationality,טלוויזיה,furniture,ירוק,צרפתי,0.26,23,עברית,Yes,25,Female,Chrome,Windows,720,1280,116.13836666666667,20
21,color,texture,ספה,furniture,ירוק,רך,0.72,24,עברית,Yes,25,Female,Chrome,Windows,720,1280,116.13836666666667,20
22,size,color,גבינה,food,ארוך,אדום,0.44,25,עברית,Yes,25,Female,Chrome,Windows,720,1280,116.13836666666667,20
23,texture,nationality,כיסא,furniture,קשה,ספרדי,0.33,26,עברית,Yes,25,Female,Chrome,Windows,720,1280,116.13836666666667,20
24,color,age,בננה,food,אדום,טרי,0.84,27,עברית,Yes,25,Female,Chrome,Windows,720,1280,116.13836666666667,20
25,size,shape,גזר,food,קצר,עגול,0.35,28,עברית,Yes,25,Female,Chrome,Windows,720,1280,116.13836666666667,20
0,size,age,בננה,food,ארוך,חדש,0.85,3,עברית,Yes,25,Female,Chrome,Windows,768,1366,3.97315,21
1,color,nationality,מאוורר,furniture,סגול,צרפתי,0.08,4,עברית,Yes,25,Female,Chrome,Windows,768,1366,3.97315,21
2,size,nationality,טלוויזיה,furniture,גדול,ספרדי,0.14,5,עברית,Yes,25,Female,Chrome,Windows,768,1366,3.97315,21
3,quality,color,עגבניה,food,גרוע,אדום,0.1,6,עברית,Yes,25,Female,Chrome,Windows,768,1366,3.97315,21
4,quality,age,תפוח,food,טוב,טרי,0.15,7,עברית,Yes,25,Female,Chrome,Windows,768,1366,3.97315,21
5,shape,texture,גבינה,food,עגול,חלק,0.11,8,עברית,Yes,25,Female,Chrome,Windows,768,1366,3.97315,21
6,color,age,שולחן,furniture,צהוב,רקוב,0.9,9,עברית,Yes,25,Female,Chrome,Windows,768,1366,3.97315,21
7,size,color,עגבניה,food,ענק,אדום,0.15,10,עברית,Yes,25,Female,Chrome,Windows,768,1366,3.97315,21
8,texture,age,כיסא,furniture,קשה,רקוב,0.91,11,עברית,Yes,25,Female,Chrome,Windows,768,1366,3.97315,21
9,nationality,color,טלוויזיה,furniture,ספרדי,סגול,0.79,12,עברית,Yes,25,Female,Chrome,Windows,768,1366,3.97315,21
10,nationality,texture,ספה,furniture,צרפתי,קשה,0.9,13,עברית,Yes,25,Female,Chrome,Windows,768,1366,3.97315,21
11,shape,color,ספה,furniture,עגול,כחול,0.11,14,עברית,Yes,25,Female,Chrome,Windows,768,1366,3.97315,21
12,color,nationality,גזר,food,אדום,צרפתי,0.03,15,עברית,Yes,25,Female,Chrome,Windows,768,1366,3.97315,21
13,texture,color,שולחן,furniture,קשה,כחול,0.08,16,עברית,Yes,25,Female,Chrome,Windows,768,1366,3.97315,21
14,nationality,age,גבינה,food,צרפתי,רקוב,0.92,17,עברית,Yes,25,Female,Chrome,Windows,768,1366,3.97315,21
15,age,size,גזר,food,ישן,קצר,0.03,18,עברית,Yes,25,Female,Chrome,Windows,768,1366,3.97315,21
16,size,quality,עגבניה,food,קטן,גרוע,0.94,19,עברית,Yes,25,Female,Chrome,Windows,768,1366,3.97315,21
17,texture,size,גבינה,food,קשה,ענק,0.04,20,עברית,Yes,25,Female,Chrome,Windows,768,1366,3.97315,21
18,color,shape,עגבניה,food,אדום,עגול,0.07,21,עברית,Yes,25,Female,Chrome,Windows,768,1366,3.97315,21
19,size,texture,מאוורר,furniture,קטן,רך,1.0,22,עברית,Yes,25,Female,Chrome,Windows,768,1366,3.97315,21
20,size,color,טלוויזיה,furniture,ארוך,אדום,0.93,23,עברית,Yes,25,Female,Chrome,Windows,768,1366,3.97315,21
21,size,age,תפוח,food,קטן,חדש,0.96,24,עברית,Yes,25,Female,Chrome,Windows,768,1366,3.97315,21
22,nationality,texture,שולחן,furniture,ספרדי,קשה,0.97,25,עברית,Yes,25,Female,Chrome,Windows,768,1366,3.97315,21
23,nationality,texture,כיסא,furniture,צרפתי,רך,0.97,26,עברית,Yes,25,Female,Chrome,Windows,768,1366,3.97315,21
24,shape,age,בננה,food,עגול,חדש,0.95,27,עברית,Yes,25,Female,Chrome,Windows,768,1366,3.97315,21
25,age,size,טלוויזיה,furniture,טרי,קטן,0.1,28,עברית,Yes,25,Female,Chrome,Windows,768,1366,3.97315,21
0,age,color,תפוח,food,חדש,צהוב,0.17,3,עברית,Yes,24,Female,Chrome,Windows,720,1280,121.67595,22
1,color,age,תפוח,food,כחול,טרי,0.72,4,עברית,Yes,24,Female,Chrome,Windows,720,1280,121.67595,22
2,quality,size,תפוח,food,גרוע,קטן,0.85,5,עברית,Yes,24,Female,Chrome,Windows,720,1280,121.67595,22
3,age,quality,מאוורר,furniture,רקוב,גרוע,0.93,6,עברית,Yes,24,Female,Chrome,Windows,720,1280,121.67595,22
4,texture,size,כיסא,furniture,חלק,גדול,0.65,7,עברית,Yes,24,Female,Chrome,Windows,720,1280,121.67595,22
5,nationality,size,ספה,furniture,ספרדי,קצר,0.96,8,עברית,Yes,24,Female,Chrome,Windows,720,1280,121.67595,22
6,size,nationality,שולחן,furniture,קצר,צרפתי,0.02,9,עברית,Yes,24,Female,Chrome,Windows,720,1280,121.67595,22
7,color,texture,תפוח,food,ירוק,חלק,0.76,10,עברית,Yes,24,Female,Chrome,Windows,720,1280,121.67595,22
8,color,texture,שולחן,furniture,צהוב,חלק,0.74,11,עברית,Yes,24,Female,Chrome,Windows,720,1280,121.67595,22
9,color,texture,ספה,furniture,צהוב,חלק,0.78,12,עברית,Yes,24,Female,Chrome,Windows,720,1280,121.67595,22
10,color,quality,גבינה,food,סגול,גרוע,0.98,13,עברית,Yes,24,Female,Chrome,Windows,720,1280,121.67595,22
11,size,shape,שולחן,furniture,קטן,מרובע,0.27,14,עברית,Yes,24,Female,Chrome,Windows,720,1280,121.67595,22
12,texture,color,בננה,food,חלק,חום,0.32,15,עברית,Yes,24,Female,Chrome,Windows,720,1280,121.67595,22
13,color,size,כיסא,furniture,כחול,ענק,0.9,16,עברית,Yes,24,Female,Chrome,Windows,720,1280,121.67595,22
14,quality,age,ספה,furniture,טוב,חדש,0.07,17,עברית,Yes,24,Female,Chrome,Windows,720,1280,121.67595,22
15,color,age,עגבניה,food,אדום,חדש,0.81,18,עברית,Yes,24,Female,Chrome,Windows,720,1280,121.67595,22
16,shape,quality,ספה,furniture,עגול,טוב,0.97,19,עברית,Yes,24,Female,Chrome,Windows,720,1280,121.67595,22
17,shape,color,טלוויזיה,furniture,מרובע,חום,0.1,20,עברית,Yes,24,Female,Chrome,Windows,720,1280,121.67595,22
18,nationality,age,ספה,furniture,ספרדי,חדש,0.96,21,עברית,Yes,24,Female,Chrome,Windows,720,1280,121.67595,22
19,age,nationality,שולחן,furniture,חדש,צרפתי,0.29,22,עברית,Yes,24,Female,Chrome,Windows,720,1280,121.67595,22
20,color,texture,עגבניה,food,כחול,קשה,0.78,23,עברית,Yes,24,Female,Chrome,Windows,720,1280,121.67595,22
21,color,size,בננה,food,אדום,גדול,0.72,24,עברית,Yes,24,Female,Chrome,Windows,720,1280,121.67595,22
22,nationality,color,כיסא,furniture,אמריקני,צהוב,0.96,25,עברית,Yes,24,Female,Chrome,Windows,720,1280,121.67595,22
23,age,color,גבינה,food,ישן,כחול,0.06,26,עברית,Yes,24,Female,Chrome,Windows,720,1280,121.67595,22
24,quality,age,מאוורר,furniture,גרוע,ישן,0.06,27,עברית,Yes,24,Female,Chrome,Windows,720,1280,121.67595,22
25,size,nationality,מאוורר,furniture,פצפון,אמריקני,0.17,28,עברית,Yes,24,Female,Chrome,Windows,720,1280,121.67595,22
0,size,nationality,טלוויזיה,furniture,גדול,צרפתי,0.11,3,עברית,Yes,22,Female,Chrome,Windows,720,1280,74.17708333333333,23
1,size,color,גבינה,food,פצפון,אדום,0.52,4,עברית,Yes,22,Female,Chrome,Windows,720,1280,74.17708333333333,23
2,color,nationality,כיסא,furniture,ירוק,אמריקני,0.23,5,עברית,Yes,22,Female,Chrome,Windows,720,1280,74.17708333333333,23
3,color,size,גזר,food,כחול,פצפון,0.66,6,עברית,Yes,22,Female,Chrome,Windows,720,1280,74.17708333333333,23
4,age,shape,טלוויזיה,furniture,חדש,מרובע,0.37,7,עברית,Yes,22,Female,Chrome,Windows,720,1280,74.17708333333333,23
5,color,nationality,שולחן,furniture,כחול,אמריקני,0.24,8,עברית,Yes,22,Female,Chrome,Windows,720,1280,74.17708333333333,23
6,color,quality,גבינה,food,ירוק,גרוע,0.72,9,עברית,Yes,22,Female,Chrome,Windows,720,1280,74.17708333333333,23
7,size,texture,כיסא,furniture,קטן,חלק,0.22,10,עברית,Yes,22,Female,Chrome,Windows,720,1280,74.17708333333333,23
8,nationality,shape,מאוורר,furniture,ספרדי,מרובע,0.82,11,עברית,Yes,22,Female,Chrome,Windows,720,1280,74.17708333333333,23
9,quality,color,כיסא,furniture,גרוע,סגול,0.18,12,עברית,Yes,22,Female,Chrome,Windows,720,1280,74.17708333333333,23
10,size,shape,תפוח,food,ענק,עגול,0.1,13,עברית,Yes,22,Female,Chrome,Windows,720,1280,74.17708333333333,23
11,texture,nationality,בננה,food,קשה,ספרדי,0.0,14,עברית,Yes,22,Female,Chrome,Windows,720,1280,74.17708333333333,23
12,texture,size,כיסא,furniture,רך,גדול,0.23,15,עברית,Yes,22,Female,Chrome,Windows,720,1280,74.17708333333333,23
13,age,size,ספה,furniture,טרי,פצפון,0.18,16,עברית,Yes,22,Female,Chrome,Windows,720,1280,74.17708333333333,23
14,size,color,גבינה,food,קצר,חום,0.51,17,עברית,Yes,22,Female,Chrome,Windows,720,1280,74.17708333333333,23
15,shape,texture,עגבניה,food,מרובע,רך,0.88,18,עברית,Yes,22,Female,Chrome,Windows,720,1280,74.17708333333333,23
16,size,nationality,טלוויזיה,furniture,ענק,ספרדי,0.13,19,עברית,Yes,22,Female,Chrome,Windows,720,1280,74.17708333333333,23
17,color,quality,מאוורר,furniture,אדום,גרוע,0.88,20,עברית,Yes,22,Female,Chrome,Windows,720,1280,74.17708333333333,23
18,age,shape,כיסא,furniture,ישן,מרובע,0.17,21,עברית,Yes,22,Female,Chrome,Windows,720,1280,74.17708333333333,23
19,age,nationality,טלוויזיה,furniture,טרי,ספרדי,0.12,22,עברית,Yes,22,Female,Chrome,Windows,720,1280,74.17708333333333,23
20,size,age,כיסא,furniture,קצר,רקוב,0.59,23,עברית,Yes,22,Female,Chrome,Windows,720,1280,74.17708333333333,23
21,texture,color,טלוויזיה,furniture,חלק,חום,0.25,24,עברית,Yes,22,Female,Chrome,Windows,720,1280,74.17708333333333,23
22,color,size,תפוח,food,ירוק,ארוך,0.42,25,עברית,Yes,22,Female,Chrome,Windows,720,1280,74.17708333333333,23
23,age,quality,בננה,food,ישן,טוב,0.62,26,עברית,Yes,22,Female,Chrome,Windows,720,1280,74.17708333333333,23
24,shape,color,בננה,food,מרובע,אדום,0.22,27,עברית,Yes,22,Female,Chrome,Windows,720,1280,74.17708333333333,23
25,nationality,texture,תפוח,food,צרפתי,רך,0.78,28,עברית,Yes,22,Female,Chrome,Windows,720,1280,74.17708333333333,23
0,size,color,כיסא,furniture,קצר,חום,0.0,3,עברית,Yes,24,Female,Chrome,Windows,720,1280,28.005466666666667,24
1,color,age,גבינה,food,צהוב,חדש,1.0,4,עברית,Yes,24,Female,Chrome,Windows,720,1280,28.005466666666667,24
2,size,age,תפוח,food,קטן,ישן,0.81,5,עברית,Yes,24,Female,Chrome,Windows,720,1280,28.005466666666667,24
3,size,color,גבינה,food,פצפון,כחול,0.0,6,עברית,Yes,24,Female,Chrome,Windows,720,1280,28.005466666666667,24
4,quality,color,ספה,furniture,גרוע,צהוב,0.16,7,עברית,Yes,24,Female,Chrome,Windows,720,1280,28.005466666666667,24
5,color,size,תפוח,food,ירוק,ארוך,1.0,8,עברית,Yes,24,Female,Chrome,Windows,720,1280,28.005466666666667,24
6,texture,color,תפוח,food,חלק,צהוב,0.52,9,עברית,Yes,24,Female,Chrome,Windows,720,1280,28.005466666666667,24
7,nationality,size,תפוח,food,ספרדי,קטן,0.51,10,עברית,Yes,24,Female,Chrome,Windows,720,1280,28.005466666666667,24
8,nationality,color,טלוויזיה,furniture,ספרדי,כחול,1.0,11,עברית,Yes,24,Female,Chrome,Windows,720,1280,28.005466666666667,24
9,color,age,עגבניה,food,ירוק,רקוב,1.0,12,עברית,Yes,24,Female,Chrome,Windows,720,1280,28.005466666666667,24
10,color,quality,גזר,food,כחול,טוב,0.86,13,עברית,Yes,24,Female,Chrome,Windows,720,1280,28.005466666666667,24
11,size,nationality,טלוויזיה,furniture,גדול,ספרדי,0.0,14,עברית,Yes,24,Female,Chrome,Windows,720,1280,28.005466666666667,24
12,size,color,גזר,food,ארוך,כחול,0.15,15,עברית,Yes,24,Female,Chrome,Windows,720,1280,28.005466666666667,24
13,texture,size,בננה,food,חלק,גדול,0.12,16,עברית,Yes,24,Female,Chrome,Windows,720,1280,28.005466666666667,24
14,texture,color,ספה,furniture,רך,ירוק,0.0,17,עברית,Yes,24,Female,Chrome,Windows,720,1280,28.005466666666667,24
15,color,quality,בננה,food,חום,טוב,0.59,18,עברית,Yes,24,Female,Chrome,Windows,720,1280,28.005466666666667,24
16,size,color,גזר,food,גדול,ירוק,0.0,19,עברית,Yes,24,Female,Chrome,Windows,720,1280,28.005466666666667,24
17,color,age,מאוורר,furniture,חום,חדש,0.0,20,עברית,Yes,24,Female,Chrome,Windows,720,1280,28.005466666666667,24
18,age,color,כיסא,furniture,חדש,אדום,0.0,21,עברית,Yes,24,Female,Chrome,Windows,720,1280,28.005466666666667,24
19,age,size,גבינה,food,רקוב,גדול,0.19,22,עברית,Yes,24,Female,Chrome,Windows,720,1280,28.005466666666667,24
20,size,nationality,גבינה,food,גדול,ספרדי,0.0,23,עברית,Yes,24,Female,Chrome,Windows,720,1280,28.005466666666667,24
21,age,size,גבינה,food,חדש,ארוך,0.0,24,עברית,Yes,24,Female,Chrome,Windows,720,1280,28.005466666666667,24
22,size,quality,ספה,furniture,ענק,טוב,0.73,25,עברית,Yes,24,Female,Chrome,Windows,720,1280,28.005466666666667,24
23,age,shape,ספה,furniture,רקוב,עגול,0.0,26,עברית,Yes,24,Female,Chrome,Windows,720,1280,28.005466666666667,24
24,age,shape,גבינה,food,חדש,עגול,0.0,27,עברית,Yes,24,Female,Chrome,Windows,720,1280,28.005466666666667,24
25,nationality,color,עגבניה,food,צרפתי,כחול,1.0,28,עברית,Yes,24,Female,Chrome,Windows,720,1280,28.005466666666667,24
0,shape,size,כיסא,furniture,מרובע,ענק,0.94,3,עברית ורוסית,Yes,21,Female,Chrome,Windows,720,1280,19.66571666666667,25
1,texture,age,תפוח,food,קשה,ישן,0.0,4,עברית ורוסית,Yes,21,Female,Chrome,Windows,720,1280,19.66571666666667,25
2,size,quality,ספה,furniture,ענק,טוב,0.02,5,עברית ורוסית,Yes,21,Female,Chrome,Windows,720,1280,19.66571666666667,25
3,age,color,מאוורר,furniture,רקוב,חום,0.02,6,עברית ורוסית,Yes,21,Female,Chrome,Windows,720,1280,19.66571666666667,25
4,quality,texture,בננה,food,טוב,קשה,0.48,7,עברית ורוסית,Yes,21,Female,Chrome,Windows,720,1280,19.66571666666667,25
5,age,shape,כיסא,furniture,חדש,מרובע,0.05,8,עברית ורוסית,Yes,21,Female,Chrome,Windows,720,1280,19.66571666666667,25
6,nationality,color,גזר,food,ספרדי,כחול,0.5,9,עברית ורוסית,Yes,21,Female,Chrome,Windows,720,1280,19.66571666666667,25
7,nationality,color,בננה,food,ספרדי,כחול,0.49,10,עברית ורוסית,Yes,21,Female,Chrome,Windows,720,1280,19.66571666666667,25
8,age,shape,בננה,food,חדש,עגול,0.76,11,עברית ורוסית,Yes,21,Female,Chrome,Windows,720,1280,19.66571666666667,25
9,nationality,size,ספה,furniture,צרפתי,גדול,0.95,12,עברית ורוסית,Yes,21,Female,Chrome,Windows,720,1280,19.66571666666667,25
10,quality,color,מאוורר,furniture,גרוע,סגול,0.01,13,עברית ורוסית,Yes,21,Female,Chrome,Windows,720,1280,19.66571666666667,25
11,quality,age,תפוח,food,גרוע,טרי,0.01,14,עברית ורוסית,Yes,21,Female,Chrome,Windows,720,1280,19.66571666666667,25
12,size,texture,טלוויזיה,furniture,קטן,רך,0.97,15,עברית ורוסית,Yes,21,Female,Chrome,Windows,720,1280,19.66571666666667,25
13,size,quality,מאוורר,furniture,קטן,טוב,0.97,16,עברית ורוסית,Yes,21,Female,Chrome,Windows,720,1280,19.66571666666667,25
14,quality,nationality,שולחן,furniture,טוב,אמריקני,0.01,17,עברית ורוסית,Yes,21,Female,Chrome,Windows,720,1280,19.66571666666667,25
15,color,size,גבינה,food,ירוק,ארוך,0.99,18,עברית ורוסית,Yes,21,Female,Chrome,Windows,720,1280,19.66571666666667,25
16,age,texture,ספה,furniture,ישן,רך,0.96,19,עברית ורוסית,Yes,21,Female,Chrome,Windows,720,1280,19.66571666666667,25
17,texture,size,ספה,furniture,רך,קצר,0.98,20,עברית ורוסית,Yes,21,Female,Chrome,Windows,720,1280,19.66571666666667,25
18,texture,nationality,ספה,furniture,רך,ספרדי,0.49,21,עברית ורוסית,Yes,21,Female,Chrome,Windows,720,1280,19.66571666666667,25
19,size,texture,כיסא,furniture,גדול,רך,0.96,22,עברית ורוסית,Yes,21,Female,Chrome,Windows,720,1280,19.66571666666667,25
20,nationality,color,עגבניה,food,צרפתי,אדום,0.97,23,עברית ורוסית,Yes,21,Female,Chrome,Windows,720,1280,19.66571666666667,25
21,color,size,כיסא,furniture,צהוב,גדול,0.98,24,עברית ורוסית,Yes,21,Female,Chrome,Windows,720,1280,19.66571666666667,25
22,age,texture,עגבניה,food,חדש,חלק,0.93,25,עברית ורוסית,Yes,21,Female,Chrome,Windows,720,1280,19.66571666666667,25
23,color,age,מאוורר,furniture,חום,טרי,0.99,26,עברית ורוסית,Yes,21,Female,Chrome,Windows,720,1280,19.66571666666667,25
24,size,quality,גבינה,food,ארוך,גרוע,0.95,27,עברית ורוסית,Yes,21,Female,Chrome,Windows,720,1280,19.66571666666667,25
25,size,age,גזר,food,קטן,ישן,0.95,28,עברית ורוסית,Yes,21,Female,Chrome,Windows,720,1280,19.66571666666667,25
0,age,size,טלוויזיה,furniture,טרי,ענק,1.0,3,עברית,Yes,23,Female,Chrome,Windows,960,1707,18.651366666666668,26
1,color,size,גבינה,food,חום,פצפון,1.0,4,עברית,Yes,23,Female,Chrome,Windows,960,1707,18.651366666666668,26
2,texture,color,עגבניה,food,חלק,אדום,0.0,5,עברית,Yes,23,Female,Chrome,Windows,960,1707,18.651366666666668,26
3,quality,age,גזר,food,טוב,טרי,0.03,6,עברית,Yes,23,Female,Chrome,Windows,960,1707,18.651366666666668,26
4,nationality,age,כיסא,furniture,צרפתי,חדש,1.0,7,עברית,Yes,23,Female,Chrome,Windows,960,1707,18.651366666666668,26
5,color,age,עגבניה,food,חום,טרי,1.0,8,עברית,Yes,23,Female,Chrome,Windows,960,1707,18.651366666666668,26
6,color,nationality,ספה,furniture,חום,צרפתי,0.0,9,עברית,Yes,23,Female,Chrome,Windows,960,1707,18.651366666666668,26
7,age,color,שולחן,furniture,טרי,כחול,0.0,10,עברית,Yes,23,Female,Chrome,Windows,960,1707,18.651366666666668,26
8,size,nationality,עגבניה,food,ענק,אמריקני,0.0,11,עברית,Yes,23,Female,Chrome,Windows,960,1707,18.651366666666668,26
9,color,nationality,גזר,food,צהוב,ספרדי,0.0,12,עברית,Yes,23,Female,Chrome,Windows,960,1707,18.651366666666668,26
10,nationality,size,גזר,food,אמריקני,פצפון,1.0,13,עברית,Yes,23,Female,Chrome,Windows,960,1707,18.651366666666668,26
11,nationality,texture,בננה,food,ספרדי,חלק,1.0,14,עברית,Yes,23,Female,Chrome,Windows,960,1707,18.651366666666668,26
12,texture,size,בננה,food,רך,גדול,0.0,15,עברית,Yes,23,Female,Chrome,Windows,960,1707,18.651366666666668,26
13,color,quality,שולחן,furniture,חום,טוב,1.0,16,עברית,Yes,23,Female,Chrome,Windows,960,1707,18.651366666666668,26
14,age,quality,מאוורר,furniture,ישן,גרוע,1.0,17,עברית,Yes,23,Female,Chrome,Windows,960,1707,18.651366666666668,26
15,nationality,texture,גבינה,food,אמריקני,חלק,1.0,18,עברית,Yes,23,Female,Chrome,Windows,960,1707,18.651366666666668,26
16,nationality,age,כיסא,furniture,צרפתי,חדש,1.0,19,עברית,Yes,23,Female,Chrome,Windows,960,1707,18.651366666666668,26
17,size,age,בננה,food,ענק,טרי,0.0,20,עברית,Yes,23,Female,Chrome,Windows,960,1707,18.651366666666668,26
18,shape,texture,מאוורר,furniture,מרובע,חלק,0.0,21,עברית,Yes,23,Female,Chrome,Windows,960,1707,18.651366666666668,26
19,age,texture,מאוורר,furniture,רקוב,קשה,0.43,22,עברית,Yes,23,Female,Chrome,Windows,960,1707,18.651366666666668,26
20,color,age,תפוח,food,צהוב,רקוב,1.0,23,עברית,Yes,23,Female,Chrome,Windows,960,1707,18.651366666666668,26
21,size,color,ספה,furniture,קטן,ירוק,0.63,24,עברית,Yes,23,Female,Chrome,Windows,960,1707,18.651366666666668,26
22,size,quality,בננה,food,גדול,גרוע,0.77,25,עברית,Yes,23,Female,Chrome,Windows,960,1707,18.651366666666668,26
23,color,size,שולחן,furniture,צהוב,קצר,0.75,26,עברית,Yes,23,Female,Chrome,Windows,960,1707,18.651366666666668,26
24,age,nationality,תפוח,food,ישן,ספרדי,0.05,27,עברית,Yes,23,Female,Chrome,Windows,960,1707,18.651366666666668,26
25,size,shape,גזר,food,קצר,עגול,0.01,28,עברית,Yes,23,Female,Chrome,Windows,960,1707,18.651366666666668,26
0,size,nationality,גבינה,food,קצר,אמריקני,0.31,3,עברית,Yes,23,Female,Chrome,Windows,720,1280,42.25618333333333,27
1,age,color,עגבניה,food,רקוב,כחול,0.08,4,עברית,Yes,23,Female,Chrome,Windows,720,1280,42.25618333333333,27
2,texture,shape,כיסא,furniture,רך,עגול,0.31,5,עברית,Yes,23,Female,Chrome,Windows,720,1280,42.25618333333333,27
3,texture,nationality,גזר,food,חלק,צרפתי,0.17,6,עברית,Yes,23,Female,Chrome,Windows,720,1280,42.25618333333333,27
4,size,nationality,מאוורר,furniture,פצפון,אמריקני,0.07,7,עברית,Yes,23,Female,Chrome,Windows,720,1280,42.25618333333333,27
5,age,color,תפוח,food,רקוב,ירוק,0.08,8,עברית,Yes,23,Female,Chrome,Windows,720,1280,42.25618333333333,27
6,color,age,עגבניה,food,ירוק,טרי,0.9,9,עברית,Yes,23,Female,Chrome,Windows,720,1280,42.25618333333333,27
7,size,age,בננה,food,פצפון,חדש,0.87,10,עברית,Yes,23,Female,Chrome,Windows,720,1280,42.25618333333333,27
8,size,nationality,ספה,furniture,גדול,אמריקני,0.3,11,עברית,Yes,23,Female,Chrome,Windows,720,1280,42.25618333333333,27
9,texture,nationality,גזר,food,רך,צרפתי,0.12,12,עברית,Yes,23,Female,Chrome,Windows,720,1280,42.25618333333333,27
10,color,size,מאוורר,furniture,חום,גדול,0.9,13,עברית,Yes,23,Female,Chrome,Windows,720,1280,42.25618333333333,27
11,size,color,כיסא,furniture,גדול,חום,0.06,14,עברית,Yes,23,Female,Chrome,Windows,720,1280,42.25618333333333,27
12,quality,color,שולחן,furniture,גרוע,סגול,0.07,15,עברית,Yes,23,Female,Chrome,Windows,720,1280,42.25618333333333,27
13,age,color,מאוורר,furniture,חדש,חום,0.06,16,עברית,Yes,23,Female,Chrome,Windows,720,1280,42.25618333333333,27
14,color,age,כיסא,furniture,צהוב,רקוב,0.89,17,עברית,Yes,23,Female,Chrome,Windows,720,1280,42.25618333333333,27
15,age,size,מאוורר,furniture,חדש,קצר,0.13,18,עברית,Yes,23,Female,Chrome,Windows,720,1280,42.25618333333333,27
16,color,size,גזר,food,צהוב,קצר,0.49,19,עברית,Yes,23,Female,Chrome,Windows,720,1280,42.25618333333333,27
17,age,size,תפוח,food,חדש,ארוך,0.25,20,עברית,Yes,23,Female,Chrome,Windows,720,1280,42.25618333333333,27
18,color,size,טלוויזיה,furniture,אדום,ענק,0.72,21,עברית,Yes,23,Female,Chrome,Windows,720,1280,42.25618333333333,27
19,color,age,עגבניה,food,אדום,רקוב,0.89,22,עברית,Yes,23,Female,Chrome,Windows,720,1280,42.25618333333333,27
20,quality,color,ספה,furniture,טוב,חום,0.13,23,עברית,Yes,23,Female,Chrome,Windows,720,1280,42.25618333333333,27
21,quality,texture,תפוח,food,טוב,קשה,0.1,24,עברית,Yes,23,Female,Chrome,Windows,720,1280,42.25618333333333,27
22,texture,quality,גבינה,food,חלק,גרוע,0.93,25,עברית,Yes,23,Female,Chrome,Windows,720,1280,42.25618333333333,27
23,size,texture,מאוורר,furniture,קצר,רך,0.24,26,עברית,Yes,23,Female,Chrome,Windows,720,1280,42.25618333333333,27
24,age,shape,ספה,furniture,רקוב,עגול,0.47,27,עברית,Yes,23,Female,Chrome,Windows,720,1280,42.25618333333333,27
25,shape,quality,שולחן,furniture,מרובע,טוב,0.81,28,עברית,Yes,23,Female,Chrome,Windows,720,1280,42.25618333333333,27
0,shape,age,כיסא,furniture,מרובע,רקוב,0.0,3,עברית,Yes,22,Female,Chrome,Windows,720,1280,19.138266666666667,28
1,color,nationality,תפוח,food,צהוב,ספרדי,0.0,4,עברית,Yes,22,Female,Chrome,Windows,720,1280,19.138266666666667,28
2,size,color,תפוח,food,פצפון,אדום,0.0,5,עברית,Yes,22,Female,Chrome,Windows,720,1280,19.138266666666667,28
3,color,age,תפוח,food,חום,חדש,0.49,6,עברית,Yes,22,Female,Chrome,Windows,720,1280,19.138266666666667,28
4,shape,nationality,כיסא,furniture,מרובע,ספרדי,0.0,7,עברית,Yes,22,Female,Chrome,Windows,720,1280,19.138266666666667,28
5,shape,nationality,תפוח,food,עגול,צרפתי,0.0,8,עברית,Yes,22,Female,Chrome,Windows,720,1280,19.138266666666667,28
6,quality,size,טלוויזיה,furniture,טוב,ענק,0.42,9,עברית,Yes,22,Female,Chrome,Windows,720,1280,19.138266666666667,28
7,quality,color,בננה,food,גרוע,ירוק,0.0,10,עברית,Yes,22,Female,Chrome,Windows,720,1280,19.138266666666667,28
8,age,color,גזר,food,טרי,אדום,0.0,11,עברית,Yes,22,Female,Chrome,Windows,720,1280,19.138266666666667,28
9,texture,color,בננה,food,רך,אדום,0.04,12,עברית,Yes,22,Female,Chrome,Windows,720,1280,19.138266666666667,28
10,color,size,עגבניה,food,חום,קצר,0.05,13,עברית,Yes,22,Female,Chrome,Windows,720,1280,19.138266666666667,28
11,size,nationality,תפוח,food,ארוך,ספרדי,0.03,14,עברית,Yes,22,Female,Chrome,Windows,720,1280,19.138266666666667,28
12,color,shape,עגבניה,food,סגול,מרובע,0.96,15,עברית,Yes,22,Female,Chrome,Windows,720,1280,19.138266666666667,28
13,texture,color,שולחן,furniture,קשה,אדום,0.04,16,עברית,Yes,22,Female,Chrome,Windows,720,1280,19.138266666666667,28
14,age,color,שולחן,furniture,רקוב,ירוק,0.96,17,עברית,Yes,22,Female,Chrome,Windows,720,1280,19.138266666666667,28
15,texture,color,גזר,food,חלק,אדום,0.05,18,עברית,Yes,22,Female,Chrome,Windows,720,1280,19.138266666666667,28
16,age,quality,טלוויזיה,furniture,ישן,גרוע,0.07,19,עברית,Yes,22,Female,Chrome,Windows,720,1280,19.138266666666667,28
17,color,size,תפוח,food,חום,ענק,0.98,20,עברית,Yes,22,Female,Chrome,Windows,720,1280,19.138266666666667,28
18,color,nationality,מאוורר,furniture,סגול,צרפתי,0.0,21,עברית,Yes,22,Female,Chrome,Windows,720,1280,19.138266666666667,28
19,quality,color,טלוויזיה,furniture,טוב,סגול,0.92,22,עברית,Yes,22,Female,Chrome,Windows,720,1280,19.138266666666667,28
20,age,nationality,עגבניה,food,טרי,צרפתי,0.0,23,עברית,Yes,22,Female,Chrome,Windows,720,1280,19.138266666666667,28
21,color,size,מאוורר,furniture,כחול,גדול,0.01,24,עברית,Yes,22,Female,Chrome,Windows,720,1280,19.138266666666667,28
22,nationality,size,טלוויזיה,furniture,ספרדי,קצר,0.95,25,עברית,Yes,22,Female,Chrome,Windows,720,1280,19.138266666666667,28
23,size,color,שולחן,furniture,קטן,אדום,0.0,26,עברית,Yes,22,Female,Chrome,Windows,720,1280,19.138266666666667,28
24,age,color,שולחן,furniture,חדש,אדום,0.02,27,עברית,Yes,22,Female,Chrome,Windows,720,1280,19.138266666666667,28
25,nationality,shape,טלוויזיה,furniture,ספרדי,מרובע,0.9,28,עברית,Yes,22,Female,Chrome,Windows,720,1280,19.138266666666667,28
0,size,age,כיסא,furniture,ענק,ישן,0.76,3,עברית,Yes,22,Female,Chrome,Windows,720,1280,68.49205,29
1,quality,nationality,ספה,furniture,טוב,צרפתי,0.14,4,עברית,Yes,22,Female,Chrome,Windows,720,1280,68.49205,29
2,color,shape,עגבניה,food,כחול,עגול,0.17,5,עברית,Yes,22,Female,Chrome,Windows,720,1280,68.49205,29
3,age,color,טלוויזיה,furniture,טרי,צהוב,0.16,6,עברית,Yes,22,Female,Chrome,Windows,720,1280,68.49205,29
4,nationality,size,מאוורר,furniture,אמריקני,קטן,0.84,7,עברית,Yes,22,Female,Chrome,Windows,720,1280,68.49205,29
5,size,quality,בננה,food,קטן,טוב,0.9,8,עברית,Yes,22,Female,Chrome,Windows,720,1280,68.49205,29
6,size,nationality,טלוויזיה,furniture,פצפון,ספרדי,0.08,9,עברית,Yes,22,Female,Chrome,Windows,720,1280,68.49205,29
7,shape,texture,עגבניה,food,מרובע,קשה,0.91,10,עברית,Yes,22,Female,Chrome,Windows,720,1280,68.49205,29
8,color,nationality,שולחן,furniture,אדום,צרפתי,0.06,11,עברית,Yes,22,Female,Chrome,Windows,720,1280,68.49205,29
9,color,quality,גבינה,food,סגול,גרוע,0.94,12,עברית,Yes,22,Female,Chrome,Windows,720,1280,68.49205,29
10,age,size,תפוח,food,רקוב,ענק,0.05,13,עברית,Yes,22,Female,Chrome,Windows,720,1280,68.49205,29
11,shape,size,תפוח,food,עגול,קטן,0.97,14,עברית,Yes,22,Female,Chrome,Windows,720,1280,68.49205,29
12,size,nationality,גבינה,food,קצר,אמריקני,0.05,15,עברית,Yes,22,Female,Chrome,Windows,720,1280,68.49205,29
13,color,texture,בננה,food,כחול,רך,0.96,16,עברית,Yes,22,Female,Chrome,Windows,720,1280,68.49205,29
14,color,size,גבינה,food,ירוק,קטן,0.93,17,עברית,Yes,22,Female,Chrome,Windows,720,1280,68.49205,29
15,nationality,age,כיסא,furniture,ספרדי,רקוב,0.95,18,עברית,Yes,22,Female,Chrome,Windows,720,1280,68.49205,29
16,texture,size,ספה,furniture,רך,ארוך,0.97,19,עברית,Yes,22,Female,Chrome,Windows,720,1280,68.49205,29
17,color,size,בננה,food,חום,גדול,0.95,20,עברית,Yes,22,Female,Chrome,Windows,720,1280,68.49205,29
18,nationality,size,שולחן,furniture,אמריקני,פצפון,0.96,21,עברית,Yes,22,Female,Chrome,Windows,720,1280,68.49205,29
19,nationality,texture,גבינה,food,ספרדי,חלק,0.94,22,עברית,Yes,22,Female,Chrome,Windows,720,1280,68.49205,29
20,color,nationality,תפוח,food,צהוב,אמריקני,0.04,23,עברית,Yes,22,Female,Chrome,Windows,720,1280,68.49205,29
21,age,texture,תפוח,food,רקוב,קשה,0.94,24,עברית,Yes,22,Female,Chrome,Windows,720,1280,68.49205,29
22,shape,color,גזר,food,מרובע,חום,0.93,25,עברית,Yes,22,Female,Chrome,Windows,720,1280,68.49205,29
23,nationality,size,גזר,food,ספרדי,קטן,0.96,26,עברית,Yes,22,Female,Chrome,Windows,720,1280,68.49205,29
24,quality,texture,ספה,furniture,טוב,קשה,0.05,27,עברית,Yes,22,Female,Chrome,Windows,720,1280,68.49205,29
25,size,texture,עגבניה,food,גדול,חלק,0.95,28,עברית,Yes,22,Female,Chrome,Windows,720,1280,68.49205,29
0,size,age,תפוח,food,קטן,רקוב,0.83,3,עברית,Yes,23,Female,Chrome,Windows,720,1280,19.7902,30
1,age,quality,ספה,furniture,רקוב,גרוע,0.18,4,עברית,Yes,23,Female,Chrome,Windows,720,1280,19.7902,30
2,color,texture,שולחן,furniture,אדום,חלק,0.93,5,עברית,Yes,23,Female,Chrome,Windows,720,1280,19.7902,30
3,age,size,כיסא,furniture,חדש,פצפון,0.73,6,עברית,Yes,23,Female,Chrome,Windows,720,1280,19.7902,30
4,quality,nationality,מאוורר,furniture,גרוע,ספרדי,0.17,7,עברית,Yes,23,Female,Chrome,Windows,720,1280,19.7902,30
5,age,shape,בננה,food,ישן,עגול,0.8,8,עברית,Yes,23,Female,Chrome,Windows,720,1280,19.7902,30
6,color,size,בננה,food,ירוק,קצר,0.8,9,עברית,Yes,23,Female,Chrome,Windows,720,1280,19.7902,30
7,size,nationality,בננה,food,גדול,אמריקני,0.13,10,עברית,Yes,23,Female,Chrome,Windows,720,1280,19.7902,30
8,nationality,quality,כיסא,furniture,אמריקני,גרוע,0.86,11,עברית,Yes,23,Female,Chrome,Windows,720,1280,19.7902,30
9,quality,nationality,תפוח,food,טוב,אמריקני,0.13,12,עברית,Yes,23,Female,Chrome,Windows,720,1280,19.7902,30
10,color,nationality,שולחן,furniture,ירוק,אמריקני,0.62,13,עברית,Yes,23,Female,Chrome,Windows,720,1280,19.7902,30
11,quality,texture,עגבניה,food,טוב,חלק,0.84,14,עברית,Yes,23,Female,Chrome,Windows,720,1280,19.7902,30
12,texture,nationality,מאוורר,furniture,חלק,צרפתי,0.17,15,עברית,Yes,23,Female,Chrome,Windows,720,1280,19.7902,30
13,quality,texture,גזר,food,טוב,חלק,0.68,16,עברית,Yes,23,Female,Chrome,Windows,720,1280,19.7902,30
14,texture,size,גזר,food,חלק,פצפון,0.21,17,עברית,Yes,23,Female,Chrome,Windows,720,1280,19.7902,30
15,size,age,גבינה,food,ענק,טרי,0.51,18,עברית,Yes,23,Female,Chrome,Windows,720,1280,19.7902,30
16,size,age,גבינה,food,פצפון,חדש,0.34,19,עברית,Yes,23,Female,Chrome,Windows,720,1280,19.7902,30
17,size,color,מאוורר,furniture,ענק,ירוק,0.32,20,עברית,Yes,23,Female,Chrome,Windows,720,1280,19.7902,30
18,age,nationality,גבינה,food,חדש,ספרדי,0.32,21,עברית,Yes,23,Female,Chrome,Windows,720,1280,19.7902,30
19,size,color,מאוורר,furniture,גדול,כחול,0.35,22,עברית,Yes,23,Female,Chrome,Windows,720,1280,19.7902,30
20,color,age,שולחן,furniture,ירוק,טרי,0.76,23,עברית,Yes,23,Female,Chrome,Windows,720,1280,19.7902,30
21,size,nationality,עגבניה,food,ארוך,ספרדי,0.55,24,עברית,Yes,23,Female,Chrome,Windows,720,1280,19.7902,30
22,color,age,ספה,furniture,כחול,רקוב,0.77,25,עברית,Yes,23,Female,Chrome,Windows,720,1280,19.7902,30
23,shape,age,גזר,food,עגול,טרי,0.78,26,עברית,Yes,23,Female,Chrome,Windows,720,1280,19.7902,30
24,color,texture,שולחן,furniture,חום,קשה,0.86,27,עברית,Yes,23,Female,Chrome,Windows,720,1280,19.7902,30
25,shape,age,גבינה,food,עגול,חדש,0.85,28,עברית,Yes,23,Female,Chrome,Windows,720,1280,19.7902,30
0,color,size,טלוויזיה,furniture,ירוק,פצפון,0.73,3,"עברית, אנגלית",Yes,26,Female,Chrome,Windows,720,1280,51.58165,31
1,shape,color,כיסא,furniture,מרובע,חום,0.33,4,"עברית, אנגלית",Yes,26,Female,Chrome,Windows,720,1280,51.58165,31
2,color,size,בננה,food,חום,ארוך,0.78,5,"עברית, אנגלית",Yes,26,Female,Chrome,Windows,720,1280,51.58165,31
3,nationality,texture,טלוויזיה,furniture,ספרדי,חלק,0.85,6,"עברית, אנגלית",Yes,26,Female,Chrome,Windows,720,1280,51.58165,31
4,color,size,גזר,food,אדום,גדול,0.81,7,"עברית, אנגלית",Yes,26,Female,Chrome,Windows,720,1280,51.58165,31
5,age,size,גזר,food,טרי,פצפון,0.88,8,"עברית, אנגלית",Yes,26,Female,Chrome,Windows,720,1280,51.58165,31
6,color,shape,טלוויזיה,furniture,ירוק,עגול,0.87,9,"עברית, אנגלית",Yes,26,Female,Chrome,Windows,720,1280,51.58165,31
7,color,size,בננה,food,אדום,ענק,1.0,10,"עברית, אנגלית",Yes,26,Female,Chrome,Windows,720,1280,51.58165,31
8,quality,texture,ספה,furniture,גרוע,חלק,0.11,11,"עברית, אנגלית",Yes,26,Female,Chrome,Windows,720,1280,51.58165,31
9,size,texture,תפוח,food,קטן,קשה,0.9,12,"עברית, אנגלית",Yes,26,Female,Chrome,Windows,720,1280,51.58165,31
10,size,age,מאוורר,furniture,ארוך,רקוב,0.9,13,"עברית, אנגלית",Yes,26,Female,Chrome,Windows,720,1280,51.58165,31
11,texture,age,בננה,food,רך,רקוב,0.88,14,"עברית, אנגלית",Yes,26,Female,Chrome,Windows,720,1280,51.58165,31
12,quality,color,גזר,food,גרוע,צהוב,0.08,15,"עברית, אנגלית",Yes,26,Female,Chrome,Windows,720,1280,51.58165,31
13,nationality,color,טלוויזיה,furniture,צרפתי,ירוק,0.88,16,"עברית, אנגלית",Yes,26,Female,Chrome,Windows,720,1280,51.58165,31
14,size,nationality,שולחן,furniture,קצר,ספרדי,0.06,17,"עברית, אנגלית",Yes,26,Female,Chrome,Windows,720,1280,51.58165,31
15,texture,nationality,גזר,food,חלק,צרפתי,0.01,18,"עברית, אנגלית",Yes,26,Female,Chrome,Windows,720,1280,51.58165,31
16,nationality,texture,טלוויזיה,furniture,ספרדי,קשה,1.0,19,"עברית, אנגלית",Yes,26,Female,Chrome,Windows,720,1280,51.58165,31
17,age,nationality,שולחן,furniture,חדש,צרפתי,0.0,20,"עברית, אנגלית",Yes,26,Female,Chrome,Windows,720,1280,51.58165,31
18,age,nationality,גבינה,food,רקוב,צרפתי,0.0,21,"עברית, אנגלית",Yes,26,Female,Chrome,Windows,720,1280,51.58165,31
19,color,size,כיסא,furniture,סגול,ארוך,1.0,22,"עברית, אנגלית",Yes,26,Female,Chrome,Windows,720,1280,51.58165,31
20,size,texture,גבינה,food,קטן,רך,0.06,23,"עברית, אנגלית",Yes,26,Female,Chrome,Windows,720,1280,51.58165,31
21,texture,quality,בננה,food,חלק,טוב,0.98,24,"עברית, אנגלית",Yes,26,Female,Chrome,Windows,720,1280,51.58165,31
22,size,texture,גבינה,food,גדול,קשה,0.0,25,"עברית, אנגלית",Yes,26,Female,Chrome,Windows,720,1280,51.58165,31
23,nationality,color,גבינה,food,אמריקני,סגול,0.49,26,"עברית, אנגלית",Yes,26,Female,Chrome,Windows,720,1280,51.58165,31
24,color,shape,טלוויזיה,furniture,אדום,מרובע,0.04,27,"עברית, אנגלית",Yes,26,Female,Chrome,Windows,720,1280,51.58165,31
25,age,quality,עגבניה,food,רקוב,טוב,0.73,28,"עברית, אנגלית",Yes,26,Female,Chrome,Windows,720,1280,51.58165,31
